seq,uid,상세,중개사,매물유형,동,층,공급면적,전용면적,매매가,보증금,월세,등록일
256264,40972622,강동역3번출구 풀옵션 소형아파트,강동팰리스공인중개사사무소,매매,1,저,68.47,33.71,"34,000","2,000",100,2026-08-11
20393196,41455473,HF대출 보증보험o 먼저보는분임자 임사 풀옵션 뻥뷰 주차가능,(단지내)청춘공인중개사사무소,월세,1,9,24.38,14.83,0,"19,000",17,2026-08-25
20393196,41455471,HF SIG 대출 임사 신혼강추 로얄층 남향 풀옵션 경비원상주,(단지내)청춘공인중개사사무소,월세,1,9,46.08,28.45,0,"30,000",5,2026-08-25
20393196,41407793,"HF버팀목,보증보험가능,신축급풀옵션1.5룸,아파트형도생,11월말,5호선",동현대공인중개사사무소,월세,1,9,46.08,28.45,0,"30,000",5,2026-08-24
20393196,41101849,HUG대출 보증보험o 먼저보는분임자 임사 풀옵션 뻥뷰 주차가능,(단지내)청춘공인중개사사무소,월세,1,11,24.38,14.83,0,"19,050",12,2026-08-14
20393196,41065297,HUG대출 보증보험o 먼저보는분임자 임사 풀옵션 뻥뷰 주차가능,(단지내)청춘공인중개사사무소,월세,1,6,24.38,14.83,0,"18,100",10,2026-08-13
20393196,40723512,"신축급 풀옵션원룸올전세,주상복합스타일원룸,깔끔원룸,경비있음,입주협의,깔끔",동현대공인중개사사무소,전세,1,5,24.38,14.83,0,"18,240",0,2026-08-03
20455776,41486080,파노라마뷰 신축2년차 천호역 융자없는조건 귀한전세,열매공인중개사사무소,전세,102,20,194.30,84.99,0,"105,000",0,2026-08-26
20455776,41445841,신축2년차 하이엔드  한강뷰 천호역3분 풀에 냉장고2대,래미안강동열매공인중개사사무소,전세,102,20,0.00,84.99,0,"105,000",0,2026-08-25
20455776,41479443,,(단지내)영웅공인중개사사무소,매매,102,13,121.11,84.98,"185,000",0,0,2026-08-25
20455776,41479444,급매. 주인직. 남향. 비스포크 빌트인. 식세기. 조중식. 천호역 연결,(단지내)영웅공인중개사사무소,매매,102,중,121.11,84.98,"187,000",0,0,2026-08-25
20455776,41479442,,(단지내)영웅공인중개사사무소,매매,102,20,121.60,84.99,"210,000",0,0,2026-08-25
20455776,41441170,한강뻥뷰 입주일협의 냉장고 김치냉장고 풀에어컨,(단지내)청춘공인중개사사무소,전세,102,20,194.30,84.99,0,"105,000",0,2026-08-25
20455776,41479441,,(단지내)영웅공인중개사사무소,매매,102,38,148.30,104.43,"210,000",0,0,2026-08-25
20455776,41397313,인기타입 세안고 트인뷰 신축럭셔리아파트 조중식서비스 사우나,동현대공인중개사사무소,매매,101,저,136.99,59.97,"155,000",0,0,2026-08-24
20455776,41414482,로얄22. 갭투 천호역더블역세권대로진출입 초고층 커뮤니티완전좋아요,로얄(02-470-0113)공인중개사사무소,매매,101,중,54.63,36.99,"85,000",0,0,2026-08-24
20455776,41414498,로얄34p.  풀옵션 더블역세권 백화점 병원 마트 조중식 보증금조절가,로얄(02-470-0113)공인중개사사무소,월세,102,중,121.11,84.98,0,"40,000",260,2026-08-24
20455776,41416486,한강뻥뷰 입주일협의 냉장고 김치냉장고 풀에어컨,(단지내)청춘공인중개사사무소,전세,102,20,121.60,84.99,0,"105,000",0,2026-08-24
20455776,41370197,"신축1년 ,판상형4bay환상적한강뷰,럭셔리 루프탑 신세계조중식서비스",(단지내)세진공인중개사사무소,전세,102,20,121.60,84.99,0,"105,000",0,2026-08-22
20455776,41339628,"강동역연결 신축하이엔드,외부테라스,호텔식사우나,강동신축기회,대출o",(단지내)세진공인중개사사무소,매매,102,34,148.30,104.43,"270,000",0,0,2026-08-22
20455776,41339645,"강동역연결 신축하이엔드,강동신축 갭투자기회,신세계조중식 호텔식사우나",(단지내)세진공인중개사사무소,매매,101,저,85.70,59.97,"155,000",0,0,2026-08-21
20455776,41241188,"강동역연결 신축하이엔드,신세계조중식,호텔식사우나,강동신축기회,대출o",(단지내)세진공인중개사사무소,매매,102,15,193.80,84.98,"187,200",0,0,2026-08-19
20455776,41204754,한강뻥뷰 소유주거주로 입주일 언제든 협의 냉장고 김치냉장고 풀에어컨,(단지내)청춘공인중개사사무소,전세,102,20,121.60,84.99,0,"105,000",0,2026-08-18
20455776,41154140,"신축1년 ,판상형4bay멋진한강뷰,럭셔리 루프탑 신세계조중식서비스",(단지내)세진공인중개사사무소,전세,102,20,194.30,84.99,0,"105,000",0,2026-08-17
20455776,41133761,"강동역연결 신축하이엔드,강동신축 갭투자기회,신세계조중식 호텔식사우나",(단지내)세진공인중개사사무소,매매,101,저,136.99,59.97,"155,000",0,0,2026-08-15
20455776,41088075,"강동역연결 신축하이엔드,외부테라스,호텔식사우나,강동신축기회,대출o",(단지내)세진공인중개사사무소,매매,102,34,193.80,104.43,"270,000",0,0,2026-08-14
20455776,41109078,천호역지하연결 남향 고급하이엔드 대출규제x 조식서비스 신축매수기회,(단지내)세진공인중개사사무소,매매,102,15,121.11,84.98,"187,200",0,0,2026-08-14
20455776,41056568,천호역지하연결 남향 고급하이엔드 신축매수기회 신세계조중식,(단지내)세진공인중개사사무소,매매,102,중,121.11,84.98,"187,200",0,0,2026-08-13
20455776,41053048,로얄34p.  풀옵션 더블역세권 백화점 병원 마트 조중식 보증금조절가,로얄(02-470-0113)공인중개사사무소,월세,102,중,121.11,84.98,0,"40,000",260,2026-08-12
20455776,40935260,"천호더블역세신축,복층펜트한강뷰,테라스있는호실,호텔식사우나,신세계조중식",(단지내)세진공인중개사사무소,월세,102,고,164.68,113.35,0,"80,000",500,2026-08-10
20455776,40935267,"강동,천호역연결 신축하이엔드,빠른입주 풀옵션 신세계조중식,호텔식사우나",(단지내)세진공인중개사사무소,전세,102,13,121.60,84.99,0,"100,000",0,2026-08-10
20455776,40916360,귀한84타입.천호.강동역5분.신축 첫입주.위치 구조 좋아요.,에이스공인중개사사무소,전세,102,13,194.30,84.99,0,"100,000",0,2026-08-10
20455776,40895905,팬트하우스 끝내주는 뷰 내부 옵션 사진확인,(단지내)청춘공인중개사사무소,매매,102,38,148.30,104.43,"280,000",0,0,2026-08-08
20455776,40891409,"신축1년 ,판상형4bay멋진한강뷰,럭셔리 루프탑 신세계조중식서비스",(단지내)세진공인중개사사무소,전세,102,20,121.60,84.99,0,"105,000",0,2026-08-08
20455776,40841866,"로얄층 천호역,강동역 더블역세권 하이앤드급마감재 풀옵션 조식서비스 등",일등학사부동산공인중개사사무소,전세,102,13,194.30,84.99,0,"100,000",0,2026-08-07
20455776,40741245,"로얄층 천호역,강동역 더블역세권 하이앤드급마감재 풀옵션 조식서비스 등",일등학사부동산공인중개사사무소,전세,102,13,121.60,84.99,0,"100,000",0,2026-08-04
20455776,40587895,전자계약 천호 더블역세권 신축 5억250가능,가온누리부동산중개법인주식회사,월세,102,저,136.53,59.89,0,"30,000",350,2026-07-30
1650,41432717,"샷시포함 특올수리 되어서 깔끔합니다, 강동역 둔촌역 역세권",일광공인중개사사무소,매매,1,5,136.91,83.70,"90,000",0,0,2026-08-25
1650,41050364,,스타공인중개사사무소,매매,1,5,114.59,83.70,"90,000",0,0,2026-08-13
20134000,41449216,"둔촌동역 초역세권 한동아파트 둔촌재래시장, 올림픽공원, 일자산허브공원 도",열린공인중개사사무소,매매,101,7,116.18,84.88,"130,000",0,0,2026-08-25
20134000,41364369,3룸2화 드레스룸 개별창고 뻥뷰 입주협의,(단지내)청춘공인중개사사무소,매매,101,7,116.18,84.88,"130,000",0,0,2026-08-22
20134000,41012941,"둔촌동역 초역세권 한동아파트 둔촌재래시장, 올림픽공원, 일자산허브공원 도",열린공인중개사사무소,매매,101,7,116.18,84.88,"130,000",0,0,2026-08-12
20134000,41019016,방3화2 둔촌동역 초역세권 84타입,(단지내)청춘공인중개사사무소,매매,101,7,116.18,84.88,"130,000",0,0,2026-08-12
20415372,41396636,복층X.신축5년차.전용넓은 소형아파트.방3화2.강동구청역4분.,에이스공인중개사사무소,매매,1,7,98.51,59.63,"95,000",0,0,2026-08-24
20415372,41396631,복층아님.동구청역5분.방3화2개 정상입주.채광좋은 위치 구조굿,에이스공인중개사사무소,매매,1,7,96.81,59.31,"95,000",0,0,2026-08-24
20415372,41396621,주인확인건.방3.화2개.에어컨4대.주거입지환경 굿.생활인프라 우수한곳.,에이스공인중개사사무소,매매,1,저,96.81,59.31,"95,000",0,0,2026-08-24
1661,41444176,"더블 역세권의 편리함,특올수리 ,전세안고 매매",삼성부동산(02-714-7755)공인중개사사무소,매매,1,3,125.13,59.96,"89,000",0,0,2026-08-25
256262,41393749,"수목뷰 남동향, 올수리, 깨끗, 4룸, 욕실2, 천호역",열매공인중개사사무소,매매,201,3,195.99,119.69,"150,000",0,0,2026-08-24
256262,41270831,"천호역 내부수리,깨끗 방4,화2",래미안강동열매공인중개사사무소,매매,201,3,195.99,119.69,"150,000",0,0,2026-08-20
256262,41225413,"천호역세권, 수리 깔끔, 구조좋고 조용",동현대공인중개사사무소,매매,201,3,195.99,119.69,"150,000",0,0,2026-08-19
1662,41449067,"특올수리되어아주깔끔, 막힘이없는트인뷰, 입주협의",일광공인중개사사무소,매매,205,10,0.00,84.99,"170,000",0,0,2026-08-25
1662,41272062,"수리기본, 역세권, 대단지아파트, 초중고인접, 올림픽공원인접",일광공인중개사사무소,매매,102,6,113.88,59.88,"145,500",0,0,2026-08-20
1662,41487438,"남향, 깔끔, 거실 작은방 확장, 입주협의",일광공인중개사사무소,매매,203,2,130.58,84.99,"170,000",0,0,2026-08-26
1662,41487436,"깔끔해요, 남향이라채광이좋아요, 입주협의",일광공인중개사사무소,매매,301,1,130.58,84.99,"158,000",0,0,2026-08-26
1662,41487435,"샷시까지올수리되어깔끔, 확트인뷰, 입주협의",일광공인중개사사무소,매매,202,2,130.58,84.99,"185,000",0,0,2026-08-26
1662,41487433,"특올수리되어깔끔, 앞이트인뷰, 전세안매매, 남향",일광공인중개사사무소,매매,104,12,113.88,59.88,"145,000",0,0,2026-08-26
1662,41464302,특올수리 확장  뻥 뷰  입주 협의,스타공인중개사사무소,매매,205,10,110.64,84.99,"170,000",0,0,2026-08-25
1662,41396494,"로얄층 거실,작은방확장 협의가능",래미안강동열매공인중개사사무소,매매,204,15,0.00,84.99,"185,000",0,0,2026-08-24
1662,41405308,강동구청역 역세권  상태양호   귀한 입주매물,스타공인중개사사무소,매매,102,6,85.31,59.88,"145,500",0,0,2026-08-24
1662,41405306,남향   확장  구조 굿  입주협의,스타공인중개사사무소,매매,203,2,110.64,84.99,"170,000",0,0,2026-08-24
1662,41391484,남향 입주협의  채광 굿,스타공인중개사사무소,매매,301,1,130.58,84.99,"158,000",0,0,2026-08-24
1662,41405307, 로얄층  확장 내부 깨끗,스타공인중개사사무소,매매,204,15,110.64,84.99,"185,000",0,0,2026-08-24
1662,41278228,특올수리  남향 트인뷰 세안고 ,스타공인중개사사무소,매매,104,12,85.31,59.88,"145,000",0,0,2026-08-20
1662,41219099,대단지 강동구청역세권 방2화1 정상입주 트인뷰,동현대공인중개사사무소,매매,102,6,0.00,59.88,"145,500",0,0,2026-08-19
1662,41221650,,동현대공인중개사사무소,매매,102,6,85.31,59.88,"145,500",0,0,2026-08-18
1662,41053780,중앙주인관리.강동구청역초중고 근접.자녀키우기 굿.,중앙공인중개사사무소,매매,103,1,85.31,59.88,"135,000",0,0,2026-08-13
20342411,40900055,"올공,정원뷰. 확장판상형.시스템2.컨디션최상.주차편리.트리플역세권.",워커힐광장공인중개사사무소,매매,104,중,83.00,59.55,"170,000",0,0,2026-08-08
1663,41482452,귀한타입 방3화1 강동구청역 정상입주,동현대공인중개사사무소,매매,101,중,0.00,59.93,"138,000",0,0,2026-08-26
249627,41416105,,부흥부동산공인중개사사무소,매매,101,2,98.13,76.41,"102,000",0,0,2026-08-24
20418661,41258859,공실사진 보증보험 및 대출가능 풀옵션 올림픽공원 도보 가능,(단지내)청춘공인중개사사무소,전세,1,4,31.20,14.06,0,"21,000",0,2026-08-19
20418661,41065301,허그가능 강동구청역 풀옵션 올공산책최고 주차o 즉시입주가능,(단지내)청춘공인중개사사무소,전세,1,4,31.20,14.06,0,"21,000",0,2026-08-13
20449979,41486854,올림픽공원 환상뷰 저렴한 아파트,홈링크부동산중개법인주식회사,매매,1,고,70.02,52.52,"136,000",0,0,2026-08-26
20449979,41455474,롯데타워 올림픽공원 영구조망 채광맛집 강동구청역 지하주차,(단지내)청춘공인중개사사무소,매매,1,3,70.02,52.52,"109,000",0,0,2026-08-25
20449979,41416489,롯데타워 올림픽공원 영구조망 채광맛집 강동구청역 지하주차,(단지내)청춘공인중개사사무소,매매,1,3,70.02,52.52,"109,000",0,0,2026-08-24
20449979,41416490,방3화2 신축 남향 뻥뷰 눈부신 햇살 올림픽공원 전망,(단지내)청춘공인중개사사무소,매매,1,3,70.02,52.52,"109,000",0,0,2026-08-24
20449979,41364375,직영분양 첫입주 롯데타워 올공뷰맛집 영구조망 강동구청역 서둘러주세요,(단지내)청춘공인중개사사무소,매매,1,저,70.02,52.52,"109,000",0,0,2026-08-22
20449979,41339401,"신축 아파트, 올림픽공원뷰, 강동구청역7분이내",감일탑공인중개사사무소,매매,1,3,70.02,52.52,"109,000",0,0,2026-08-21
20449979,41333633,롯데타워 올림픽공원 영구조망 채광맛집 강동구청역 지하주차,(단지내)청춘공인중개사사무소,매매,1,4,70.02,52.52,"110,000",0,0,2026-08-21
20449979,41339399,"신축 아파트, 올림픽공원 뻥뷰, 강동구청역7분이내",감일탑공인중개사사무소,매매,1,15,70.02,52.52,"136,000",0,0,2026-08-21
20449979,41339400,"신축아파트, 올림픽공원뷰, 강동구청역7분이내",감일탑공인중개사사무소,매매,1,3,70.02,52.52,"109,000",0,0,2026-08-21
20449979,41287835,롯데타워 올림픽공원 영구조망 채광맛집 강동구청역 지하주차,(단지내)청춘공인중개사사무소,매매,1,3,70.02,52.52,"109,000",0,0,2026-08-21
20449979,41272750,올림픽공원 환상뷰 저렴한 분양 아파트,홈링크부동산중개법인주식회사,매매,1,고,70.02,52.52,"119,000",0,0,2026-08-20
20449979,41258865,마지막복층 직분양 첫입주 롯데타워 올공뷰맛집 영구조망 강동구청역,(단지내)청춘공인중개사사무소,매매,1,고,70.02,52.52,"136,000",0,0,2026-08-19
20449979,41220982,"올림픽공원 뷰, 남향, 강동구청역, 첫입주",열매공인중개사사무소,매매,1,12,70.02,52.52,"118,000",0,0,2026-08-19
20449979,41258863,,(단지내)청춘공인중개사사무소,매매,1,4,70.02,52.52,"110,000",0,0,2026-08-19
20449979,41204757,방3화2 신축 남향 뻥뷰 눈부신 햇살 올림픽공원 전망,(단지내)청춘공인중개사사무소,매매,1,6,70.02,52.52,"112,000",0,0,2026-08-18
20040546,41452589,"수리되어서아주깔끔, 남향, 천호역강동역역세권, 교통편리",일광공인중개사사무소,매매,1,11,165.58,84.47,"125,000",0,0,2026-08-25
20040546,41432664,"테라스 정원이 이쁘게 있는 집, 천호역역세권, 지하주차장",일광공인중개사사무소,매매,1,3,145.11,77.49,"95,000",0,0,2026-08-25
20040546,41397294,천호역세권 방3화2 내부상태최상 입주협의 로얄층,동현대공인중개사사무소,매매,1,11,145.11,77.49,"97,000",0,0,2026-08-24
20040546,41342356,"주상복합아파트 교통편리 성내시장및 마트인접,대로변,위치최상",동현대공인중개사사무소,매매,1,11,110.32,84.47,"125,000",0,0,2026-08-21
20040546,41179494,천호역세권 정원테라스가 있는집 귀한매물,동현대공인중개사사무소,매매,1,3,145.11,77.49,"95,000",0,0,2026-08-18
20394327,41333632,풀옵션 2룸 관공서거리 입주일고정,(단지내)청춘공인중개사사무소,월세,1,7,40.90,32.80,0,"11,000",140,2026-08-21
20394327,41335421,급매추천  1인. 신혼추천 급매 .갭투자나 실입주협의 실사진첨부,산성연합공인중개사사무,매매,1,저,40.90,32.80,"37,000",0,0,2026-08-19
20394327,41221655,"모든대출,보증보험가능,집앤사비디,신축급풀옵션투룸,11월30고정,주차가능",동현대공인중개사사무소,월세,1,7,40.90,32.80,0,"11,000",140,2026-08-18
20394327,41065302,넓은원룸 아파 풀옵션 아파트 실입주 갭투 가능,(단지내)청춘공인중개사사무소,매매,1,저,30.33,23.40,"25,500",0,0,2026-08-13
20416389,40895907,거실 나오는 1.5룸 풀옵션 임대차 잘 되는 원룸 아파트,(단지내)청춘공인중개사사무소,매매,1,중,26.04,18.45,"43,000",0,0,2026-08-08
50563,41449217,"올림픽공원, 둔촌재래시장,일자산생태공원, 현대아산병원등     생활 인프",열린공인중개사사무소,매매,1,중,136.07,107.17,"105,000",0,0,2026-08-25
50563,41455470,올수리 3룸2화 둔촌동역3분 주차 엘베공사완료 10월말협의,(단지내)청춘공인중개사사무소,전세,1,5,123.83,97.53,0,"72,000",0,2026-08-25
50563,41455468,둔촌동역 3분 구조 및 채광좋은 남향 엘베교체함,(단지내)청춘공인중개사사무소,매매,1,12,179.21,141.15,"150,000",0,0,2026-08-25
50563,41455469,강추 방3화2 정남향 눈부신 채광 2년전 샷시제외 올수리 전세대출 가능,(단지내)청춘공인중개사사무소,전세,1,5,123.83,97.53,0,"72,000",0,2026-08-25
50563,41311581,강추 방3화2 정남향 눈부신 채광 2년전 샷시제외 올수리 전세대출 가능,(단지내)청춘공인중개사사무소,전세,1,5,187.01,97.53,0,"72,000",0,2026-08-21
50563,41287839,둔촌역5분 넓은 2룸2화 27.6월입주,(단지내)청춘공인중개사사무소,매매,1,중,98.28,77.41,"70,000",0,0,2026-08-20
50563,41260869,,열린공인중개사사무소,전세,1,5,123.83,97.53,0,"72,000",0,2026-08-19
50563,41204755,55타입 5룸2화 둔촌동역 3분 재래시장 주차편리 엘베공사완료,(단지내)청춘공인중개사사무소,매매,1,고,179.21,141.15,"150,000",0,0,2026-08-18
50563,41089008,강추 둔촌동역 3분 구조 및 채광좋은 남향 엘베교체함,(단지내)청춘공인중개사사무소,매매,1,중,187.01,97.53,"95,000",0,0,2026-08-14
50563,41088886,둔촌동역 초역세권 큰방2화2 거실 주방 트인뷰,(단지내)청춘공인중개사사무소,매매,1,중,148.42,77.41,"70,000",0,0,2026-08-14
50563,40917311,,열린공인중개사사무소,매매,1,중,205.49,107.17,"105,000",0,0,2026-08-10
50563,40895911,특올수리 엘베3대 교체 주차편리 해잘드는 남향 트인뷰 둔촌동역3분,(단지내)청춘공인중개사사무소,매매,1,8,123.83,97.53,"95,000",0,0,2026-08-08
50563,40895920,강추 둔촌동역 3분 구조 및 채광좋은 남향 엘베교체함,(단지내)청춘공인중개사사무소,매매,1,중,123.83,97.53,"95,000",0,0,2026-08-08
50563,40895909,둔촌동역 초역세권 큰방2화2 거실 주방 트인뷰,(단지내)청춘공인중개사사무소,매매,1,중,98.28,77.41,"70,000",0,0,2026-08-08
50563,40793477,,열린공인중개사사무소,전세,1,5,123.83,97.53,0,"72,000",0,2026-08-05
50563,40753008,"저평가,내부올수리,둔촌역5분",금성484-4004(단지내30여년)포레온공인중개사사무소,매매,1,고,123.83,97.53,"130,000",0,0,2026-08-04
50563,40604546,남향 풍부한 생활인프라 1년전 수리,라임공인중개사사무소,전세,1,중,123.83,97.53,0,"72,000",0,2026-07-30
50563,40588437,5호선 초역세권 37평형 아파트 전세,홈링크부동산중개법인주식회사,전세,1,중,0.00,97.53,0,"72,000",0,2026-07-30
50563,40604548,남향 1년전 올수리 샷시제외 생활 인프라 좋음 ,라임공인중개사사무소,전세,1,중,123.83,97.53,0,"72,000",0,2026-07-29
50563,40529241,"올림픽공원, 둔촌재래시장,일자산생태공원, 현대아산병원등     생활 인프",열린공인중개사사무소,매매,1,중,136.07,107.17,"105,000",0,0,2026-07-28
51950,41396478,천호강동구청역 더블역세권 도보5분. 채광 좋은집.위치 구조 굿,에이스공인중개사사무소,매매,A,5,116.43,77.49,"93,000",0,0,2026-08-24
1680,41225459,방2화1 천호역6분 남향 귀한매물 날짜고정10월28일,동현대공인중개사사무소,월세,102,저,82.36,59.36,0,"25,000",100,2026-08-19
20416705,40895908,남향 프리미엄 채광 준신축 둔촌동역 초역세권,(단지내)청춘공인중개사사무소,매매,102,고,87.87,70.33,"145,000",0,0,2026-08-08
20416705,40895910,방3화2 풀에어컨 붙박이 오븐 옵션 좋고 해잘드는 집 둔촌동역 지하주차장,(단지내)청춘공인중개사사무소,매매,102,저,94.89,76.04,"140,000",0,0,2026-08-08
1500071372,41494020,전망좋음 천호역바로앞 에어컨4대 김치냉장고 인덕션 팬트리 등 구조좋음,일등학사부동산공인중개사사무소,전세,A,13,122.65,84.84,0,"104,000",0,2026-08-26
1500071372,41494032,남향 최고로얄층 한강뷰 입주가능 초역세권 에어컨4대 인덕션 팬트리,일등학사부동산공인중개사사무소,매매,A,28,122.65,84.84,"190,000",0,0,2026-08-26
1500071372,41484201,"천역더블역세권, 입주협의가능, 편리한생활인프라",래미안친구공인중개사사무소,매매,A,38,0.00,84.84,"230,000",0,0,2026-08-26
1500071372,41494030,남향 로얄층 한강뷰 입주가능 에어컨4대 김치냉장고 인덕션 팬트리 등,일등학사부동산공인중개사사무소,매매,A,22,122.65,84.84,"180,000",0,0,2026-08-26
1500071372,41494039,"로얄층 전망최고 전철역바로앞 시스템에어컨4, 인덕션,팬트리,테라스 등",일등학사부동산공인중개사사무소,전세,A,고,121.49,84.76,0,"110,000",0,2026-08-26
1500071372,41481301,"갭투가능천호더블역세권, 27년2월 전후협의가능",래미안친구공인중개사사무소,매매,A,34,182.84,84.76,"180,000",0,0,2026-08-26
1500071372,41494043,"로얄층 전망최고 전철역바로앞 시스템에어컨4, 인덕션,팬트리,테라스 등",일등학사부동산공인중개사사무소,전세,A,고,121.49,84.76,0,"110,000",0,2026-08-26
1500071372,41494029,중간층 천호역바로앞 에어컨4대 김치냉장고 인덕션 팬트리 등 구조좋음,일등학사부동산공인중개사사무소,전세,A,13,122.65,84.84,0,"104,000",0,2026-08-26
1500071372,41494031,중간층 구조좋음 에어컨4대 인덕션 팬트리 등 주인거주 입주협의,일등학사부동산공인중개사사무소,매매,A,9,121.49,84.76,"200,000",0,0,2026-08-26
1500071372,41449015,남향 로얄층 구조좋음 에어컨4대 김치냉장고 인덕션 팬트리 등 입주협의,일등학사부동산공인중개사사무소,매매,A,22,122.65,84.84,"180,000",0,0,2026-08-25
1500071372,41444284,천호역바로 신축2년차 탁트인뷰  토허제제외 세안고갭투,래미안강동열매공인중개사사무소,매매,A,중,182.84,84.76,"200,000",0,0,2026-08-25
1500071372,41444274,"롯데타워,한강최고뷰 특올수리 토허제제외 입주,갭투가능",래미안강동열매공인중개사사무소,매매,A,고,184.04,84.84,"230,000",0,0,2026-08-25
1500071372,41449014,"남향 최고로얄층 한강조망 천호역바로앞 시스템에어컨4, 인덕션, 팬트리 등",일등학사부동산공인중개사사무소,매매,A,28,122.65,84.84,"190,000",0,0,2026-08-25
1500071372,41480006,윤.37 l  투자가치 l 한강뷰 l 초역세권 l 생활편리,윤포레온공인중개사사무소,매매,A,고,122.65,84.84,"230,000",0,0,2026-08-25
1500071372,41461527,천호역지하연결 초초역세 남향 준신축 팬트리 에4 롯데타워뷰 슬세권,(단지내)세진공인중개사사무소,전세,A,13,122.65,84.84,0,"104,000",0,2026-08-25
1500071372,41397278,천호역초역세권 세안고매매 신축 방3화2 트인뷰 풀에어컨,동현대공인중개사사무소,매매,A,34,182.84,84.76,"180,000",0,0,2026-08-24
1500071372,41397266,한강뷰 천호초역세권 풀에어컨 인기타입 채광굿,동현대공인중개사사무소,전세,A,13,184.04,84.84,0,"104,000",0,2026-08-24
1500071372,41396411,로얄층 전망최고 천호역바로앞 에어컨4대 인덕션 팬트리 등 구조좋아요,일등학사부동산공인중개사사무소,전세,A,고,182.84,84.76,0,"110,000",0,2026-08-24
1500071372,41396399,중간층 천호역바로앞 에어컨4대 김치냉장고 인덕션 팬트리 등 구조좋음,일등학사부동산공인중개사사무소,전세,A,13,184.04,84.84,"195,000","104,000",0,2026-08-24
1500071372,41487124,주인 직 입주매매 천호역 초역세권 신축 풀옵션 트인 시원한뷰,고덕리더스공인중개사사무소,매매,A,9,121.49,84.76,"200,000",0,0,2026-08-24
1500071372,41356271,남향 최고로얄층 입주가능 한강뷰 천호역바로앞 에어컨4대 인덕션 팬트리 등,일등학사부동산공인중개사사무소,매매,A,중,184.04,84.84,"190,000",0,0,2026-08-22
1500071372,41356270,"토허제X 입주,갭투가능 남향 로얄층 한강뷰 에어컨4대 김치냉장고 등",일등학사부동산공인중개사사무소,매매,A,22,184.04,84.84,"180,000",0,0,2026-08-22
1500071372,41271949,중간층 구조좋음 에어컨4대 인덕션 팬트리 등 주인거주 입주협의,일등학사부동산공인중개사사무소,매매,A,9,182.84,84.76,"200,000",0,0,2026-08-20
1500071372,41260373,로얄34. 그림같은뻥뷰 올화이트인테리어 천호역3분 전세대란속 원픽,로얄(02-470-0113)공인중개사사무소,월세,A,저,122.65,84.84,0,"70,000",140,2026-08-19
1500071372,41262457,천호역지하연결 초초역세 남향 준신축 팬트리 에4 롯데타워뷰 슬세권,(단지내)세진공인중개사사무소,전세,A,13,122.65,84.84,0,"104,000",0,2026-08-19
1500071372,41217073,천호역30초 트인뻥뷰 신축 풀에어컨 귀한타입,동현대공인중개사사무소,전세,A,18,181.68,84.94,0,"104,000",0,2026-08-19
1500071372,41260372,로얄34. 그림같은뻥뷰 올화이트인테리어 천호역3분 전세대란속 원픽,로얄(02-470-0113)공인중개사사무소,전세,A,13,122.65,84.84,0,"104,000",0,2026-08-19
1500071372,41088598,천호역 연결된 아파트 토허제 없이 매수 가능,(단지내)청춘공인중개사사무소,매매,A,34,182.84,84.76,"180,000",0,0,2026-08-14
1500071372,41005811,"고층타워뷰,뻥뷰,풀옵션,풀가전,,주인거주",래미안친구공인중개사사무소,매매,A,중,184.04,84.84,"210,000",0,0,2026-08-12
1500071372,41005806,"천호더블역세권, 입주협의 가능",래미안친구공인중개사사무소,매매,A,21,182.84,84.76,"190,000",0,0,2026-08-12
1500071372,40919410,천호역강동역지하연결 슬세권 남향 준신축 팬트리 에4 롯데타워뷰,(단지내)세진공인중개사사무소,전세,A,13,184.04,84.84,0,"104,000",0,2026-08-10
1500071372,40941480,토지거래허가 불필요 채광 좋은 고층 천호역 지하 연결 교통여건 최상,(단지내)청춘공인중개사사무소,매매,A,34,121.49,84.76,"180,000",0,0,2026-08-10
1500071372,40895890,천호역 출퇴근 빠른 동선 8월입주 가능 신축2년차 올전세 입주전사진,(단지내)청춘공인중개사사무소,전세,A,13,122.65,84.84,0,"104,000",0,2026-08-08
1500071372,40662351,"입주가능.천호더블역세권, 입주협의 가능",래미안친구공인중개사사무소,매매,A,9,182.84,84.76,"200,000",0,0,2026-08-01
20417115,41482761,"앞트인뷰,  붙박이장유, 옵션많음, 입주",미사은호(031-793-9006)공인중개사사무소,매매,1402,중,114.82,49.69,"98,000",0,0,2026-08-26
20417115,41472506,에어컨4대 중문 식세기 냉장고장 준신축  붙박이장   관리 잘된집,푸르지오플러스(031-795-9933)공인중개사사무소,매매,1404,중,86.66,59.94,"130,000",0,0,2026-08-26
20417115,41470619,"신축5년차 아파트, 강일역 역세권아파트",미사강변동일하이빌공인중개사사무소,매매,1406,저,86.66,59.94,"130,000",0,0,2026-08-25
20417115,41469804,STAR추천 주인거주로 관리잘된집 귀한전세입니다,스타공인중개사사무소,전세,1406,고,86.66,59.94,0,"70,000",0,2026-08-25
20417115,41433279,주인거주.채광 상태 좋아요.,이화공인중개사,매매,1407,고,86.66,59.94,"115,000",0,0,2026-08-24
20417115,41435275,"입주협의, 입주5년차 신축, 트인 단지뷰, 밝은 집",미사은호(031-793-9006)공인중개사사무소,매매,1403,저,72.01,49.69,"95,000",0,0,2026-08-24
20417115,41435273,"시스템에어컨4대, 방마다 붙박이장, 풀옵션, 펜트리 유",미사은호(031-793-9006)공인중개사사무소,매매,1404,고,86.66,59.94,"120,000",0,0,2026-08-24
20417115,41435260,"입주협의, 에어컨 유, 입주5년차 신축아파트, 집상태 최상",미사은호(031-793-9006)공인중개사사무소,매매,1403,7,72.01,49.69,"100,000",0,0,2026-08-24
20417115,41393477,"실입주강추, 관리상태 최상, 강일역 도보이용, 입주일 협의",미사풍경채명인(795-3220)공인중개사사무소,매매,1403,저,114.82,49.69,"95,000",0,0,2026-08-24
20417115,41435276,"입주협의, 붙박이장 유, 밝고 따뜻한 집, 입주5년차 신축 아파트",미사은호(031-793-9006)공인중개사사무소,매매,1402,고,72.01,49.69,"98,000",0,0,2026-08-24
20417115,41435259,"시스템에어컨 풀, 중문, 붙박이장, 펜트리공간, 입주 5년차 신축",미사은호(031-793-9006)공인중개사사무소,매매,1407,10,86.66,59.94,"120,000",0,0,2026-08-24
20417115,41435384,식세기 냉장고장 관리잘된집 입주협의가능 채광좋은집,미사강변동일하이빌공인중개사사무소,매매,1403,중,72.01,49.69,"100,000",0,0,2026-08-24
20417115,41435388,"거실, 현관인테리어. 시스템에어컨4대. 안방과 거실 붙박이 설치. 펜트",미사강변동일하이빌공인중개사사무소,매매,1407,고,86.66,59.94,"120,000",0,0,2026-08-24
20417115,41435509,에어컨4대 중문 식세기 냉장고장 준신축  붙박이장   관리 잘된집,푸르지오플러스(031-795-9933)공인중개사사무소,매매,1404,중,86.66,59.94,"130,000",0,0,2026-08-24
20417115,41435386,신혼부부강력추천매물 입주협의 아이들키우기좋은아파트,미사강변동일하이빌공인중개사사무소,매매,1403,저,72.01,49.69,"95,000",0,0,2026-08-24
20417115,41435385,입주협의가능 신축 상태최상 신혼부부강력추천,미사강변동일하이빌공인중개사사무소,매매,1402,고,72.01,49.69,"98,000",0,0,2026-08-24
20417115,41435274,"입주협의, 시스템2대, 입주5년차, 깨끗하고 채광좋은집",미사은호(031-793-9006)공인중개사사무소,매매,1403,고,72.01,49.69,"100,000",0,0,2026-08-24
20417115,41385050,"실입주강추, 관리상태 최상, 강일역 도보이용, 입주일 협의",미사풍경채명인(795-3220)공인중개사사무소,매매,1403,저,72.01,49.69,"95,000",0,0,2026-08-22
20417115,41384662,여유있는 입주협의. 붙박이장. 에어컨. 채광우수,미사서정(031-792-2444)공인중개사사무소,전세,1406,고,86.66,59.94,0,"70,000",0,2026-08-22
20417115,41364710,"신혼부부 강추, 입주협의, 시스템3, 입주 5년차 관리상태 좋음",미사은호(031-793-9006)공인중개사사무소,월세,1403,중,72.01,49.69,0,"10,000",190,2026-08-22
20417115,41378787,시스템에어컨 관리잘된집 입주협의가능 채광좋은집,미사강변동일하이빌공인중개사사무소,매매,1403,7,72.01,49.69,"100,000",0,0,2026-08-22
20417115,41384663,2억150가능. 에어컨풀. 관리상태 최상. 신혼 인기 단지. 빠른입주가능,미사서정(031-792-2444)공인중개사사무소,월세,1403,중,72.01,49.69,0,"10,000",190,2026-08-22
20417115,41384661,"입주추천, 컨디션 최상, 강일역 도보이용, 입주일 협의. 신혼인기단지",미사서정(031-792-2444)공인중개사사무소,매매,1403,저,72.01,49.69,"95,000",0,0,2026-08-22
20417115,41316784,"입주협의, 시스템 3대, 식세기 등 옵션 유, 주인거주로 집상태 최상",미사은호(031-793-9006)공인중개사사무소,매매,1403,저,72.01,49.69,"100,000",0,0,2026-08-21
20417115,41316662,신혼부부추천. 입주5년차 신축아파트 신혼강추. 강일역도보가. 상일IC인접,미사강변동일하이빌공인중개사사무소,매매,1403,저,72.01,49.69,"95,000",0,0,2026-08-21
20417115,41316782,"신혼부부 강추, 입주협의, 시스템3, 입주 5년차 관리상태 좋음",미사은호(031-793-9006)공인중개사사무소,월세,1403,중,72.01,49.69,0,"20,000",150,2026-08-21
20417115,41300559,"시스템에어컨 풀, 중문. 붙박이등 리모델링. 입주 5년차 신축급",미사서정(031-792-2444)공인중개사사무소,매매,1407,10,86.66,59.94,"120,000",0,0,2026-08-20
20417115,41300567,"조용한 단지, 붙박이장, 에어컨 유 입주협의",미사서정(031-792-2444)공인중개사사무소,매매,1403,고,72.01,49.69,"100,000",0,0,2026-08-20
20417115,41300565,"전망트임, 시스템에어컨,중문,준식축.거주만족도 높아요",미사서정(031-792-2444)공인중개사사무소,매매,1403,중,72.01,49.69,"100,000",0,0,2026-08-20
20417115,41300566,"신축5년차, 에어컨3대외 붙박이, 채광 우수, 강일역 도보권",미사서정(031-792-2444)공인중개사사무소,매매,1403,저,72.01,49.69,"100,000",0,0,2026-08-20
20417115,41294173,"실입주강추, 시스템에어컨3, 강일역 도보이용, 모던한 인테리어",미사풍경채명인(795-3220)공인중개사사무소,매매,1403,중,72.01,49.69,"100,000",0,0,2026-08-20
20417115,41294175,"실입주강추, 관리상태 최상, 시스템에어컨, 입주일 협의",미사풍경채명인(795-3220)공인중개사사무소,매매,1403,고,72.01,49.69,"100,000",0,0,2026-08-20
20417115,41270310,시스템에어컨풀. 관리상태 최상. 신혼 인기 단지. 입주협의.보증금조정가,미사서정(031-792-2444)공인중개사사무소,월세,1403,중,114.82,49.69,0,"20,000",150,2026-08-20
20417115,41305524,관리잘된 호실 시스템에어컨풀 입주협의,미사강변동일하이빌공인중개사사무소,매매,1407,10,86.66,59.94,"120,000",0,0,2026-08-20
20417115,41243506,신혼부부추천. 입주5년차 신축아파트 식기세척기 붙박이장 있음.,미사강변동일하이빌공인중개사사무소,매매,1403,중,72.01,49.69,"100,000",0,0,2026-08-19
20417115,41243505,"주인거주 입주협의, 중문, 에어컨2대 있음.",미사강변동일하이빌공인중개사사무소,매매,1403,중,72.01,49.69,"100,000",0,0,2026-08-19
20417115,41243610,"입주협의, 시스템 2대, 안방 붙박이장, 입주5년차 신축, 집상태 최상",미사은호(031-793-9006)공인중개사사무소,매매,1403,저,72.01,49.69,"98,000",0,0,2026-08-19
20417115,41170797,"입주, 앞트인뷰, 집상태 깨끗",미사은호(031-793-9006)공인중개사사무소,매매,1402,고,72.01,49.69,"98,000",0,0,2026-08-17
20417115,41025762,"실입주강추, 관리상태 최상, 시스템에어컨, 입주일 협의",미사풍경채명인(795-3220)공인중개사사무소,매매,1403,7,72.01,49.69,"100,000",0,0,2026-08-12
20417115,40976526,"트인뷰,에어컨,안방 붙박이장,입주협의",센트럴부자공인중개사사무소,전세,1406,고,86.66,59.94,0,"70,000",0,2026-08-11
20417115,40953120,"실입주강추, 관리상태 최상, 시스템에어컨3대, 입주일 협의",미사풍경채명인(795-3220)공인중개사사무소,매매,1403,저,72.01,49.69,"100,000",0,0,2026-08-10
20417115,40814814,주인거주 I 관리잘된집 I 시스템에어컨 I 교통편리 I  햇살가득한 채광,풍경채미사다원(031-794-7890)공인중개사사무소,매매,1407,10,86.66,59.94,"120,000",0,0,2026-08-06
20417115,40600361,신축5년차 I 채광우수 I 상일IC 이용편리 I 빠른입주가능,리버파크공인중개사사무소,매매,1407,고,86.66,59.94,"115,000",0,0,2026-07-30
20417115,40548478,신축 상태최상 신혼부부강력추천 시스템에어컨 입주협의,미사강변동일하이빌공인중개사사무소,매매,1406,저,86.66,59.94,"130,000",0,0,2026-07-28
1500059822,41487417,25p 귀한 월세 정남향 밝은집 시스템에어컨,고덕리더스공인중개사사무소,월세,701,고,134.26,59.98,0,"40,000",160,2026-08-26
1500059822,41490678,"전면이 트인 숲세권,시,에 ,풀옵션 입주 협의",센트럴부자공인중개사사무소,매매,715,7,111.26,84.92,"195,000",0,0,2026-08-26
1500059822,41490688,"로얄동,에어컨풀,  중문,계절 창고, 격조높은 인테리어.입주",센트럴부자공인중개사사무소,매매,703,고,111.26,84.92,"195,000",0,0,2026-08-26
1500059822,41490683,"로얄동 ,시,에,우수한 커뮤니티,계절 창고,입주협의",센트럴부자공인중개사사무소,월세,701,고,83.39,59.98,0,"40,000",160,2026-08-26
1500059822,41487119,25p 귀한 월세 정남향 밝은집 시스템에어컨,고덕리더스공인중개사사무소,월세,701,고,83.39,59.98,0,"40,000",160,2026-08-26
1500059822,41480309,,나이스공인중개사사무소,매매,703,고,111.26,84.92,"195,000",0,0,2026-08-26
1500059822,41449117,로얄동층 채광좋은정남향 시스템에어컨 판상형,고덕스카이공인중개사,월세,701,고,83.39,59.98,0,"40,000",160,2026-08-25
1500059822,41454771,"입주매매, 탁트인 전망좋은집,에풀,아주깨끗,세대창고, 학권우수",고덕굿모닝(437-6009)공인중개사사무소,매매,715,7,111.26,84.92,"195,000",0,0,2026-08-25
1500059822,41425424,트인뷰. 정남향 o 에어컨5대 o 채광우수 o 집컨디션최상 o 우수학군,롯데공인중개사사무소,매매,704,고,111.26,84.92,"230,000",0,0,2026-08-25
1500059822,41425423,입주 o 정남향 하루종일밝은집 o 에어컨풀. 중문 o 엘베원활,롯데공인중개사사무소,매매,703,고,111.26,84.92,"195,000",0,0,2026-08-25
1500059822,41466520,,동서울부동산공인중개사사무소,매매,703,고,111.26,84.92,"195,000",0,0,2026-08-25
1500059822,41449126,로얄동층 시스템에어컨 정남향 커뮤니티우수 늦은입주,고덕스카이공인중개사,매매,716,중,83.39,59.98,"185,000",0,0,2026-08-25
1500059822,41449114,강추입주급매 트윈뷰 풀시스템에어컨 커뮤니티우수 하시입주,고덕스카이공인중개사,매매,712,저,111.26,84.92,"190,000",0,0,2026-08-25
1500059822,41425422,예쁜숲뷰 o 에어컨풀.중문 o 내부컨디션최상 o 채광우수,롯데공인중개사사무소,매매,715,7,111.26,84.92,"195,000",0,0,2026-08-25
1500059822,41470333,"넓은전망,에어컨풀,풀옵션,넓은 드레스룸과 지하창고. 컨디션 굿.강.추",고덕자이(441-0109)공인중개사사무소,매매,715,중,152.38,122.08,"250,000",0,0,2026-08-25
1500059822,41449113,갭투매매 로얄동층 시스템에어컨 판상형 커뮤니티우수,고덕스카이공인중개사,매매,713,중,111.26,84.92,"190,000",0,0,2026-08-25
1500059822,41470326,추천 정남향 시스템에어컨,고덕자이(441-0109)공인중개사사무소,월세,701,고,83.39,59.98,0,"40,000",160,2026-08-25
1500059822,41449164,"채광좋은 트인 뷰, 시스템에어컨, 늦은입주, 우수학군, 전철상가이용편리",고덕현대공인중개사사무소,매매,707,중,111.26,84.92,"200,000",0,0,2026-08-25
1500059822,41464219,확트인 전망 최고뷰.풀에어컨.전철역 도보권.우수커뮤니티.우수학군,키움공인중개사사무소,매매,715,7,111.26,84.92,"195,000",0,0,2026-08-25
1500059822,41466785,트인숲뷰 풀에어컨 공간 수납우수 빠른입주가능 반월세가능,고덕무지개공인중개사사무소,전세,715,중,152.38,122.08,0,"130,000",0,2026-08-25
1500059822,41464251,채광좋은 선호타입.시스템에어컨.중고등 바로.우수 커뮤니티.전철역 도보권,키움공인중개사사무소,매매,713,중,111.26,84.92,"190,000",0,0,2026-08-25
1500059822,41454778,"시스템에어컨, 정남향, 한영중고명문학군, 세대지하창고, 우수커뮤",고덕굿모닝(437-6009)공인중개사사무소,월세,701,고,83.39,59.98,0,"40,000",160,2026-08-25
1500059822,41449102,입주급매 탁트인공원뷰 로얄동층 채광좋은정남향 풀에어컨,고덕스카이공인중개사,매매,704,중,111.26,84.92,"200,000",0,0,2026-08-25
1500059822,41449163,"입주매매, 채광좋은 트인 전망, 로얄동층,풀에어컨, 늦은잔금",고덕현대공인중개사사무소,매매,711,고,112.34,84.14,"205,000",0,0,2026-08-25
1500059822,41466996,남향 명문학군 시스템에어컨 우수커무니티 세대창고,파크자이(428-4270)공인중개사사무소,매매,716,중,83.39,59.98,"185,000",0,0,2026-08-25
1500059822,41470335,정남향밝은집 풀에어컨,고덕자이(441-0109)공인중개사사무소,매매,704,중,111.26,84.92,"205,000",0,0,2026-08-25
1500059822,41466784,세안고 추천매매 대단지조경 및 커뮤너티우수 학군 9호선연장,고덕무지개공인중개사사무소,매매,713,중,111.26,84.92,"190,000",0,0,2026-08-25
1500059822,41449118,강추입주매매 로얄동층 채광좋은정남향 풀에어컨 판상형,고덕스카이공인중개사,매매,703,고,111.26,84.92,"195,000",0,0,2026-08-25
1500059822,41464250,로얄동층.풀에어컨.풀옵션.전철역 도보권.우수학군. 우수커뮤니티,키움공인중개사사무소,매매,703,고,111.26,84.92,"195,000",0,0,2026-08-25
1500059822,41449121,단독 추천급월세 로얄동층 채광좋은집 풀에어컨 판상형,고덕스카이공인중개사,월세,701,고,83.39,59.98,0,"45,000",160,2026-08-25
1500059822,41449165,"정상입주, 에어컨풀, 트인 뷰, 집상태 굿",고덕현대공인중개사사무소,매매,712,저,111.26,84.92,"190,000",0,0,2026-08-25
1500059822,41453178,"34,사계절이 아름다운동산 숲뷰, 풀에어컨",고일공인중개사사무소,매매,704,고,112.34,84.14,"210,000",0,0,2026-08-25
1500059822,41469805,"STAR추천 정남향 시에5 중문 조합원풀옵션, 입주협의가능",스타공인중개사사무소,매매,703,고,111.26,84.92,"195,000",0,0,2026-08-25
1500059822,41449109,로얄동층 채광좋은집 풀에어컨 커뮤니티우수 상태굿,고덕스카이공인중개사,매매,711,고,112.34,84.14,"205,000",0,0,2026-08-25
1500059822,41464249,로얄동층.확트인 숲뷰.정남향.우수학군.우수커뮤니티,키움공인중개사사무소,매매,704,중,111.26,84.92,"200,000",0,0,2026-08-25
1500059822,41466989,입주매매 트인숲뷰 풀에어컨 세대창고 우수커뮤니티,파크자이(428-4270)공인중개사사무소,매매,715,7,111.26,84.92,"195,000",0,0,2026-08-25
1500059822,41449084,탁트인동산뷰최고 채광좋은로얄동층 풀에어컨 커뮤니티우수,고덕스카이공인중개사,매매,715,7,111.26,84.92,"195,000",0,0,2026-08-25
1500059822,41449105,세안고매매 로얄동층 시스템에어컨 판상형 커뮤니티우수,고덕스카이공인중개사,매매,707,중,111.26,84.92,"200,000",0,0,2026-08-25
1500059822,41454800,"로얄동, 우수학군, 커뮤니티시설우수, 세안고, 지하세대창고",고덕굿모닝(437-6009)공인중개사사무소,매매,713,중,111.26,84.92,"190,000",0,0,2026-08-25
1500059822,41454801,"입주급매, 에풀, 세대창고, 커뮤니티시설우수, 교통편이용편리",고덕굿모닝(437-6009)공인중개사사무소,매매,712,저,111.26,84.92,"190,000",0,0,2026-08-25
1500059822,41464248,추천.큰평수.확트인 파노라마뷰.풀에어컨.우수학군.우수 커뮤니티,키움공인중개사사무소,매매,715,중,152.38,122.08,"250,000",0,0,2026-08-25
1500059822,41449096,강추입주매매 탁트인뷰최상 최고로얄동층 풀시스템에어컨 고품격화이트톤,고덕스카이공인중개사,매매,713,고,111.26,84.92,"210,000",0,0,2026-08-25
1500059822,41452423,금터 59A 시세대비 저렴 선호동 선호평면 초중고 학세권 놓치면 후회,고덕그라시움금터부동산공인중개사사무소,월세,701,고,83.39,59.98,0,"40,000",160,2026-08-25
1500059822,41425425,세안고매매 o 시스템에어컨 o 커뮤니티동,롯데공인중개사사무소,매매,713,중,111.26,84.92,"190,000",0,0,2026-08-25
1500059822,41427087,"커뮤니티최고시설,풀옵션,학세권고일초5분거리,정상입주",경성공인중개사사무소,매매,715,7,111.26,84.92,"195,000",0,0,2026-08-24
1500059822,41427099,"커뮤니티최고시설,풀옵션,학세권고일초5분거리,정상입주",경성공인중개사사무소,매매,712,고,112.34,84.14,"205,000",0,0,2026-08-24
1500059822,41431597,입주매매 막힘없는 전망 숲뷰 풀에어컨 조용하고 살기좋은곳 커뮤니티최고단지,조은동네부동산426-9800공인중개사사무소,매매,715,7,111.26,84.92,"195,000",0,0,2026-08-24
1500059822,41427102,"커뮤니티최고시설, 풀옵션, 학세권",경성공인중개사사무소,매매,711,고,112.34,84.14,"205,000",0,0,2026-08-24
1500059822,41427108,,경성공인중개사사무소,전세,701,고,83.39,59.98,0,"85,000",0,2026-08-24
1500059822,41487158,34p 로얄동 층  9호선호재 조망굿 트인뷰 세안고,고덕리더스공인중개사사무소,매매,707,중,111.26,84.92,"200,000",0,0,2026-08-24
1500059822,41427097,"커뮤니티최고시설, 시스템에어컨, 굿뷰, 정상입주",경성공인중개사사무소,매매,704,고,112.34,84.14,"210,000",0,0,2026-08-24
1500059822,41416693,"커뮤니티이용편리, 시스템5, 중문, 세대창고",고덕숲공인중개사무소,매매,712,고,111.26,84.92,"195,000",0,0,2026-08-24
1500059822,41431605,입주매매 채광좋고 내부상태최상 풀에어컨 풀옵션 커뮤니티우수단지,조은동네부동산426-9800공인중개사사무소,매매,711,고,112.34,84.14,"205,000",0,0,2026-08-24
1500059822,41427096,"숲전망,커뮤니티최고시설,정상입주 ,지하창고있음",경성공인중개사사무소,매매,704,중,111.26,84.92,"200,000",0,0,2026-08-24
1500059822,41414617,사계절 숲뷰최고 커뮤너티동 수납팬트리 안방드레스룸 지하개별창고,고덕무지개공인중개사사무소,매매,709,중,112.34,84.14,"220,000",0,0,2026-08-24
1500059822,41427095,"커뮤니티최고시설, 시스템 에어컨, 중문, 학세권, 세끼고",경성공인중개사사무소,매매,711,중,112.34,84.14,"200,000",0,0,2026-08-24
1500059822,41425427,입주 o 정남향 하루종일밝은집 o 에어컨풀. 중문 o 엘베원활,롯데공인중개사사무소,매매,703,고,111.26,84.92,"195,000",0,0,2026-08-24
1500059822,41427098,"커뮤니티최고시설, 시스템에어컨, 학세권",경성공인중개사사무소,매매,713,중,111.26,84.92,"190,000",0,0,2026-08-24
1500059822,41487182,34p 강추 입주매매  확트인 일자산뷰 풀옵션  로얄동 층,고덕리더스공인중개사사무소,매매,704,고,112.34,84.14,"200,000",0,0,2026-08-24
1500059822,41427109,"커뮤니티최고시설,풀옵션,학세권고일초5분거리,정상입주",경성공인중개사사무소,월세,701,고,83.39,59.98,0,"40,000",160,2026-08-24
1500059822,41487163,"46p 강추 트인뷰,풀옵션,넓은 드레스룸, 지하창고, 컨디션 굿",고덕리더스공인중개사사무소,매매,715,중,152.38,122.08,"250,000",0,0,2026-08-24
1500059822,41487159,34p 주인거주 입주매매 지하철가까운동 풀옵션 정남향,고덕리더스공인중개사사무소,매매,703,고,111.26,84.92,"195,000",0,0,2026-08-24
1500059822,41487180,34p 강추 입주매매 로얄동층 트인뷰 관리잘된집 9호선호재,고덕리더스공인중개사사무소,매매,715,저,111.26,84.92,"195,000",0,0,2026-08-24
1500059822,41402135,"시원하게 트인뷰,에어컨 풀,다양한 커뮤니티  입주협의",센트럴부자공인중개사사무소,매매,713,중,111.26,84.92,"190,000",0,0,2026-08-24
1500059822,41393470,"명인단독, 융자무,가성비 최고, 풀에어컨, 세대창고",미사풍경채명인(795-3220)공인중개사사무소,월세,711,저,183.30,84.92,0,"70,000",60,2026-08-24
1500059822,41487178,"34p 입주매매, 로얄동층, 숲조망, 풀에어컨",고덕리더스공인중개사사무소,매매,704,중,111.26,84.92,"200,000",0,0,2026-08-24
1500059822,41427104,"커뮤니티최고시설,풀옵션,학세권고일초5분거리,정상입주",경성공인중개사사무소,매매,703,고,111.26,84.92,"195,000",0,0,2026-08-24
1500059822,41425429,세안고매매 o 시스템에어컨 o 커뮤니티동,롯데공인중개사사무소,매매,713,중,111.26,84.92,"190,000",0,0,2026-08-24
1500059822,41425428,트인뷰. 정남향 o 에어컨5대 o 채광우수 o 집컨디션최상 o 우수학군,롯데공인중개사사무소,매매,704,고,111.26,84.92,"230,000",0,0,2026-08-24
1500059822,41427247,빠른입주 명문중고교근거리 좋은동입니다,대일공인중개사사무소,월세,701,고,83.39,59.98,0,"40,000",160,2026-08-24
1500059822,41427248,46.귀한전세 하시입주  최고커뮤니명문중고교 학군 근거리 에6.좋은집,대일공인중개사사무소,전세,715,중,152.38,122.08,0,"130,000",0,2026-08-24
1500059822,41402136,"트인뷰,9호선  호재,에어컨 풀 .댜양한  커뮤니티,입주 정상.",센트럴부자공인중개사사무소,매매,704,중,111.26,84.92,"200,000",0,0,2026-08-24
1500059822,41422227,채광좋은 트인뷰.시스템에어컨.전철 상가 이용편리.우수학군.우수 커뮤니티,키움공인중개사사무소,매매,707,중,111.26,84.92,"200,000",0,0,2026-08-24
1500059822,41487181,34p 강추 파노라마 숲뷰 풀에어컨 채광굿 입주매매,고덕리더스공인중개사사무소,매매,709,저,111.26,84.92,"222,000",0,0,2026-08-24
1500059822,41487179,34p 입주매매  정남향  정원뷰  고일초상일여중 인접,고덕리더스공인중개사사무소,매매,704,고,111.26,84.92,"230,000",0,0,2026-08-24
1500059822,41425426,예쁜숲뷰 o 에어컨풀.중문 o 내부컨디션최상 o 채광우수,롯데공인중개사사무소,매매,715,7,111.26,84.92,"195,000",0,0,2026-08-24
1500059822,41418483,,나이스공인중개사사무소,매매,703,고,111.26,84.92,"195,000",0,0,2026-08-24
1500059822,41429840,"세안고 매매, 확트인뷰,조합원옵션,늦은 입주",단지내이레(443-6606)공인중개사사무소,매매,713,중,111.26,84.92,"190,000",0,0,2026-08-24
1500059822,41487156,34p 세안고 늦은입주 무주택자 26.12.31까지 로얄동  에3,고덕리더스공인중개사사무소,매매,713,중,111.26,84.92,"190,000",0,0,2026-08-24
1500059822,41427101,"커뮤니티최고시설, 풀에어컨,정상입주,지하창고",경성공인중개사사무소,매매,712,저,111.26,84.92,"190,000",0,0,2026-08-24
1500059822,41402132,"로얄동 로얄층,세안고,계절 창고,학군 양호,시,에",센트럴부자공인중개사사무소,매매,707,중,111.26,84.92,"200,000",0,0,2026-08-24
1500059822,41414619,늦은입주매매 추천  풀에어컨 수납팬트리 개별창고  사우나 헬스 게스트룸등,고덕무지개공인중개사사무소,매매,711,고,112.34,84.14,"205,000",0,0,2026-08-24
1500059822,41487157,34p 강추 정상입주 9호선 호재  한영중고 로얄동 층 예쁜 정원뷰,고덕리더스공인중개사사무소,매매,707,고,111.26,84.92,"210,000",0,0,2026-08-24
1500059822,41427100,"커뮤니티최고시설, 시스템 에어컨,학세권고일초5분거리,정상입주",경성공인중개사사무소,매매,707,고,111.26,84.92,"210,000",0,0,2026-08-24
1500059822,41365266,단독 o 융자없음 o 시스템에어컨.중문 o 학군우수 o 세대창고,롯데공인중개사사무소,월세,716,고,83.39,59.98,0,"65,000",60,2026-08-22
1500059822,41375098,"커뮤니티최고시설,풀옵션,학세권고일초5분거리,정상입주",경성공인중개사사무소,매매,704,고,111.26,84.92,"230,000",0,0,2026-08-22
1500059822,41367623,입주매매  내부컨디션최상 풀시스템에아컨 풀옵션 늦은잔금가능,강동위드공인중개사사무소,매매,711,고,112.34,84.14,"205,000",0,0,2026-08-22
1500059822,41379536,"올확장,시스템에어컨,대단지신축아파트 ,편의시설근접 입주매물",고덕거성공인중개사사무소,매매,711,고,112.34,84.14,"205,000",0,0,2026-08-22
1500059822,41365272,로얄동층 o 시스템에어컨.중문 o 넓은동간격 o 커뮤니티인접,롯데공인중개사사무소,매매,712,고,111.26,84.92,"200,000",0,0,2026-08-22
1500059822,41376160,"전면이 트인뷰,시,에5대 우수한 커뮤니티,계절 창고,입주 협의",센트럴부자공인중개사사무소,매매,715,중,152.38,122.08,"250,000",0,0,2026-08-22
1500059822,41375097,"커뮤니티최고시설,풀옵션,학세권고일초5분거리, 정상입주",경성공인중개사사무소,매매,715,고,152.38,122.08,"260,000",0,0,2026-08-22
1500059822,41375096,"커뮤니티최고시설, 굿뷰, 풀옵션,정상입주",경성공인중개사사무소,매매,709,저,111.26,84.92,"222,000",0,0,2026-08-22
1500059822,41365268,단독 o 융자없음 o 시스템에어컨.중문 o 학군우수 o 세대창고,롯데공인중개사사무소,전세,716,고,83.39,59.98,0,"80,000",0,2026-08-22
1500059822,41372824,추천.확트인 파노라마뷰.풀에어컨. 우수학군. 전철 상가 이용편리.,키움공인중개사사무소,매매,715,고,112.34,84.14,"230,000",0,0,2026-08-22
1500059822,41365265,입주 로얄 o 그림같은집 o 에5. 중문 o 화이트톤인테리어 o 밝은집,롯데공인중개사사무소,매매,713,고,111.26,84.92,"210,000",0,0,2026-08-22
1500059822,41361521,금터. 34P 로얄동층  밝고 환한집 우수커뮤니티 주변 힐링공원 근접,고덕그라시움금터부동산공인중개사사무소,매매,707,고,111.26,84.92,"210,000",0,0,2026-08-22
1500059822,41372827,채광좋은 정남향. 시스템 에어컨. 전철상가이용 편리한 앞동. 우수학군,키움공인중개사사무소,월세,701,고,83.39,59.98,0,"40,000",160,2026-08-22
1500059822,41365275,트인뷰. 정남향 o 에어컨풀 o 채광우수 o 집컨디션최상 o 우수학군,롯데공인중개사사무소,매매,704,중,111.26,84.92,"200,000",0,0,2026-08-22
1500059822,41365270,융자없음 o 시스템에어컨2대 o 숲속도서관인접 o 우수학군 o 교통편리,롯데공인중개사사무소,월세,701,고,83.39,59.98,0,"40,000",160,2026-08-22
1500059822,41365269,융자없음 o 에어컨4대 o 내부컨디션최상 o 우수학군 o 세대창고,롯데공인중개사사무소,월세,701,고,83.39,59.98,0,"45,000",160,2026-08-22
1500059822,41367620,숲전망 풀옵션 커뮤니티우수 관리잘된집,강동위드공인중개사사무소,매매,709,저,111.26,84.92,"222,000",0,0,2026-08-22
1500059822,41374201,입주매매.로얄동. 정남향 에어컨. 세대창고. 최고의 커뮤니티. 학세권,태양공인중개사사무소,매매,703,고,111.26,84.92,"195,000",0,0,2026-08-22
1500059822,41375099,"커뮤니티최고시설,풀옵션, 탁 트인 전망, 학세권,정상입주",경성공인중개사사무소,매매,715,중,152.38,122.08,"250,000",0,0,2026-08-22
1500059822,41365271,융자없음 o 에어컨4대.중문 o 트인뷰 o 우수학군 o 교통편리,롯데공인중개사사무소,월세,706,저,83.39,59.98,0,"68,000",48,2026-08-22
1500059822,41375084,"커뮤니티최고시설, 학세권, 시스템 에어컨",경성공인중개사사무소,매매,716,중,83.39,59.98,"185,000",0,0,2026-08-22
1500059822,41323679,갭  명문중고교학군 근거리 초록초록이 많은조경입니다,대일공인중개사사무소,매매,713,중,111.26,84.92,"190,000",0,0,2026-08-21
1500059822,41328466,확트인 채광좋은뷰.시스템에어컨.전철역도보권.중고등 바로.우수커뮤니티,키움공인중개사사무소,매매,704,고,112.34,84.14,"210,000",0,0,2026-08-21
1500059822,41341747,금터 34A  올A급 컨디션 특옵션 메.리.트.있는 가격 선호동 선호타입,고덕그라시움금터부동산공인중개사사무소,매매,703,고,111.26,84.92,"195,000",0,0,2026-08-21
1500059822,41335708,풀옵션 트인 숲뷰 내부수납공간우수 입주추천,고덕무지개공인중개사사무소,매매,715,중,152.38,122.08,"250,000",0,0,2026-08-21
1500059822,41335707,정상입주 트인숲뷰 앞동선호  수납팬트리구조 안방드레스룸 추천,고덕무지개공인중개사사무소,매매,704,고,112.34,84.14,"210,000",0,0,2026-08-21
1500059822,41339089,추천 입주매매 풀에어컨 정남향 밝은집,고덕자이(441-0109)공인중개사사무소,매매,703,고,111.26,84.92,"195,000",0,0,2026-08-21
1500059822,41323674,입주 명문초중고교  숲속도서관 9호선역 근거리입니다,대일공인중개사사무소,매매,701,저,83.39,59.98,"180,000",0,0,2026-08-21
1500059822,41341748,금터 59A 시세대비 저렴 선호동 선호평면 초중고 학세권 놓치면 후회,고덕그라시움금터부동산공인중개사사무소,월세,701,고,83.39,59.98,0,"40,000",160,2026-08-21
1500059822,41309474,숲 트인 뷰 풀에어컨  내부상태최상 대단지커뮤너티  입주추천,고덕무지개공인중개사사무소,매매,715,저,183.30,84.92,"195,000",0,0,2026-08-21
1500059822,41325382,입주 o 에어컨풀.간접조명 o 내부컨디션최상 o 동간격넓음,롯데공인중개사사무소,매매,712,저,112.34,84.14,"200,000",0,0,2026-08-21
1500059822,41323677,위치좋은동 명문중고교학군 구립도서관 9호선 근거리 입니다,대일공인중개사사무소,매매,701,저,83.39,59.98,"183,000",0,0,2026-08-21
1500059822,41335709,풀옵션 숲전망나오는 내부상태최상 주인거주 추천입주,고덕무지개공인중개사사무소,매매,715,저,111.26,84.92,"195,000",0,0,2026-08-21
1500059822,41300022,"입주매매,올확장,로얄동 층,채광좋은집, 트인뷰, 풀옵션,늦은잔금",단지내이레(443-6606)공인중개사사무소,매매,711,고,112.34,84.14,"205,000",0,0,2026-08-20
1500059822,41297521,"커뮤니티최고시설,풀옵션,학세권고일초5분거리,정상입주",경성공인중개사사무소,매매,715,고,152.38,122.08,"250,000",0,0,2026-08-20
1500059822,41294176,지인물건. 융자무. 풀에어컨. 11월초 입주협의. 공동x,미사풍경채명인(795-3220)공인중개사사무소,월세,711,저,111.26,84.92,0,"70,000",60,2026-08-20
1500059822,41263530,금터 34A  올A급 컨디션 특옵션 메.리.트.있는 가격 선호동 선호타입,고덕그라시움금터부동산공인중개사사무소,매매,703,고,111.26,84.92,"195,000",0,0,2026-08-20
1500059822,41256020,깔끔 관리. 남향.  밝은 채광. 입주일 협의가. 안정적인 중층,일등그라시움 부동산중개,매매,718,중,111.26,84.92,"195,000",0,0,2026-08-20
1500059822,41299561,"뛰어라,세안고  매매,채광좋은 남동향,트인뷰,조용한 동,수납공간",뛰어라공인중개사사무소,매매,702,중,112.34,84.14,"200,000",0,0,2026-08-20
1500059822,41251305,트인뷰. 정남향 o 에어컨풀 o 채광우수 o 집컨디션최상 o 우수학군,롯데공인중개사사무소,매매,704,중,111.26,84.92,"200,000",0,0,2026-08-20
1500059822,41284177,정남향 로얄동층 상일동산뷰 밝고 환한 집 풀에어컨,강동위드공인중개사사무소,매매,704,고,111.26,84.92,"230,000",0,0,2026-08-20
1500059822,41249970,영구숲뷰 최고커뮤니티 풀옵션 명문중고교학군 학교 숲속도서관근거리 입니다,대일공인중개사사무소,매매,704,고,112.34,84.14,"205,000",0,0,2026-08-19
1500059822,41254203,"살기좋은 대단지 아파트 , 숲세권 명문학군 9호선공사중  풀옵션 입주매물",고덕거성공인중개사사무소,매매,703,고,111.26,84.92,"195,000",0,0,2026-08-19
1500059822,41259160,"시스템에어컨5 ,폴리싱타일,9호선호제, 전망뻥, 정남향,로얄동,로얄층",으뜸그라시움공인중개사사무소,매매,703,고,111.26,84.92,"195,000",0,0,2026-08-19
1500059822,41257307,입주 채광 조망 굿 탁트인뷰 학군우수 커뮤니티 우수,고덕시온공인중개사사무소,매매,715,저,111.26,84.92,"195,000",0,0,2026-08-19
1500059822,41253959,확트인뷰 선호타입. 채광굿.풀에어컨.중고등 바로.우수커뮤니티,키움공인중개사사무소,매매,709,저,111.26,84.92,"222,000",0,0,2026-08-19
1500059822,41253792,"트인전망, 사계절 숲뷰, 시스템에어컨풀, 우수학군,입주가능",고덕현대공인중개사사무소,매매,715,저,111.26,84.92,"195,000",0,0,2026-08-19
1500059822,41253385,급매 강추 입주매물  풀시스템에어컨 정남향 9호선호재,고덕선경(428-3939)공인중개사사무소,매매,703,고,111.26,84.92,"195,000",0,0,2026-08-19
1500059822,41257306,에풀 정남향 채광 조망 굿 학군우수 커뮤니티 우수,고덕시온공인중개사사무소,매매,704,고,111.26,84.92,"230,000",0,0,2026-08-19
1500059822,41257308,정상입주 탁트인 뷰 채광 조망 굿 학군우수 커뮤니티 우수,고덕시온공인중개사사무소,매매,709,중,112.34,84.14,"220,000",0,0,2026-08-19
1500059822,41257659,"입주매매 ,시스템에어컨, 정남향, 전망좋음, 교통편이용편리",고덕굿모닝(437-6009)공인중개사사무소,매매,716,중,83.39,59.98,"185,000",0,0,2026-08-19
1500059822,41255893,추천  입주 매매 지하철 가까운  로얄동  풀옵션,포인트공인중개사사무소,매매,703,고,111.26,84.92,"195,000",0,0,2026-08-19
1500059822,41257656,"탁트인 파노라마뷰, 세대지하창고, 우수커뮤니티",고덕굿모닝(437-6009)공인중개사사무소,매매,715,중,152.38,122.08,"250,000",0,0,2026-08-19
1500059822,41197790,풀에어컨.전철역 도보권.확트인뷰.생활권 편리.우수 커뮤니티,키움공인중개사사무소,매매,704,고,111.26,84.92,"230,000",0,0,2026-08-18
1500059822,41212426,공원숲뷰. 우수학군. 풀에어컨. 선호구조. 커뮤니티우수,강동위드공인중개사사무소,매매,715,저,111.26,84.92,"195,000",0,0,2026-08-18
1500059822,41184997,이화추천매물.풀옵션. 4계절 환상뷰. 깔끔한내부.,이화공인중개사,매매,715,저,111.26,84.92,"195,000",0,0,2026-08-18
1500059822,41237530,34 고덕 대단지 아파트 더블역세권 학군우수 내부옵션최상,반포자이천일부동산중개사무소,매매,714,11,112.34,84.14,"200,000",0,0,2026-08-18
1500059822,41191855,입주 입구동 풀옵션 명문중고교학군 숲속도서관 근거리 깔끔하고 좋은집입니다,대일공인중개사사무소,매매,703,고,111.26,84.92,"195,000",0,0,2026-08-18
1500059822,41202266,"시원한숲뷰,입주,에어컨풀,학군굿",고덕종점그라시움공인중개사사무소,매매,715,7,111.26,84.92,"195,000",0,0,2026-08-18
1500059822,41185012,탁트인뷰최상 로얄동층 채광좋은집 팬트리공간 시스템에어컨,고덕스카이공인중개사,매매,704,고,112.34,84.14,"210,000",0,0,2026-08-18
1500059822,41189172,"입주매매,올확장,",단지내이레(443-6606)공인중개사사무소,매매,703,고,111.26,84.92,"195,000",0,0,2026-08-18
1500059822,41133530,강추 입주매물 뻥트인숲조망 컨디션최상,고덕선경(428-3939)공인중개사사무소,매매,715,저,183.30,84.92,"195,000",0,0,2026-08-15
1500059822,41145777,뛰어라. 34 내집마련 추천. 풀옵션 상태최상. 지하철 가까운 로얄동.,뛰어라공인중개사사무소,매매,703,고,111.26,84.92,"195,000",0,0,2026-08-15
1500059822,41134930,"정남향 숲세권 뷰,시,에5대 계절 창고,입주 협의",센트럴부자공인중개사사무소,매매,704,고,111.26,84.92,"230,000",0,0,2026-08-15
1500059822,41136635,대단지 커뮤니티 우수학군 상가이용편리 에풀 입주,뉴욕부동산중개(주),매매,715,고,112.34,84.14,"230,000",0,0,2026-08-15
1500059822,41140898,"입주매매, 수납공간많음.시스템에어컨,  로얄동층, 세대창고, 우수커뮤니티",고덕굿모닝(437-6009)공인중개사사무소,매매,711,고,112.34,84.14,"205,000",0,0,2026-08-15
1500059822,41113951,입주 일등매물 로얄동층 관리잘된 집,일등그라시움 부동산중개,매매,707,중,111.26,84.92,"200,000",0,0,2026-08-15
1500059822,41139344,숲뷰나오는 추천입주 수납공간우수 앞동선호 ,고덕무지개공인중개사사무소,매매,702,저,112.34,84.14,"197,000",0,0,2026-08-15
1500059822,41094229,"입주정상,로얄동층,남향,채광굿,뷰굿,풀에어컨",고덕현대공인중개사사무소,매매,704,고,111.26,84.92,"230,000",0,0,2026-08-14
1500059822,41100848,"넓은평수, 귀한월세, 파노라마뷰, 명문학군, 세대지하창고",고덕굿모닝(437-6009)공인중개사사무소,월세,715,중,152.38,122.08,0,"40,000",450,2026-08-14
1500059822,41115354,상가 구립어린입집  명문 초중고교근거리 좋은집 입니다,대일공인중개사사무소,매매,717,고,83.39,59.98,"182,000",0,0,2026-08-14
1500059822,41126041,,조은동네부동산426-9800공인중개사사무소,매매,702,저,112.34,84.14,"197,000",0,0,2026-08-14
1500059822,41115335,앞동 입주추천 내부상태우수 조경 및 커뮤너티우수 ,고덕무지개공인중개사사무소,매매,716,중,83.39,59.98,"185,000",0,0,2026-08-14
1500059822,41130857,급매물 추천 입주 앞라인 고층 풀옵션 사이다전망 채광환상,나이스공인중개사사무소,매매,703,고,111.26,84.92,"190,000",0,0,2026-08-14
1500059822,41047738,깔끔 관리. 남향.  밝은 채광. 입주일 협의가. 안정적인 중층,일등그라시움 부동산중개,매매,718,중,111.26,84.92,"195,000",0,0,2026-08-13
1500059822,41075696,,센트럴부자공인중개사사무소,매매,716,중,83.39,59.98,"185,000",0,0,2026-08-13
1500059822,41072418,탁트인뷰최상 채광좋은로얄동층 시스템에어컨 팬트리공간 학군우수,고덕스카이공인중개사,매매,709,중,112.34,84.14,"220,000",0,0,2026-08-13
1500059822,41067767,"25 남향,단지초입, 학군우수,  에어컨",고일공인중개사사무소,월세,701,12,83.39,59.98,0,"40,000",160,2026-08-13
1500059822,41072389,"입주매매,탁 트인 뷰, 로얄동층, 시스템에어컨, 명문학군",고덕현대공인중개사사무소,매매,704,고,112.34,84.14,"210,000",0,0,2026-08-13
1500059822,41045198,입주 강추  로얄동 정남향 채광굿 예쁜단지조망,고덕선경(428-3939)공인중개사사무소,매매,716,중,83.39,59.98,"185,000",0,0,2026-08-13
1500059822,41047741,입주 일등매물 로얄동층 관리잘된 집,일등그라시움 부동산중개,매매,707,중,111.26,84.92,"200,000",0,0,2026-08-12
1500059822,41038693,전세안고매매  28년4월입주 커뮤니티가까운동,고덕자이(441-0109)공인중개사사무소,매매,713,중,111.26,84.92,"190,000",0,0,2026-08-12
1500059822,41012908,"로얄동층,정남향, 시스템에어컨, 늦은입주,명문학군",고덕현대공인중개사사무소,매매,716,중,83.39,59.98,"185,000",0,0,2026-08-12
1500059822,41006575,강추 입주매물 9호선호재 로얄동 로얄층 컨디션최상,고덕선경(428-3939)공인중개사사무소,매매,711,고,183.72,84.14,"205,000",0,0,2026-08-12
1500059822,40997594,"세안고 매매, 늦은 입주가능, 풀옵션의 최상급집입니다",단지내이레(443-6606)공인중개사사무소,매매,713,중,111.26,84.92,"195,000",0,0,2026-08-11
1500059822,40978558,"34,아름다운동산 숲뷰, 풀에어컨",고일공인중개사사무소,매매,715,7,111.26,84.92,"195,000",0,0,2026-08-11
1500059822,40943874,입주매매 에어컨풀 로얄동 교통이용편리 커뮤니티시설우수,고덕굿모닝(437-6009)공인중개사사무소,매매,704,중,111.26,84.92,"200,000",0,0,2026-08-10
1500059822,40945604,,고덕현대공인중개사사무소,매매,709,저,111.26,84.92,"222,000",0,0,2026-08-10
1500059822,40926439,"전면이 트인 상일 공원뷰,계절 창고 다양한 커뮤니티,입주.",센트럴부자공인중개사사무소,매매,709,중,111.26,84.92,"210,000",0,0,2026-08-10
1500059822,40937165,추천매물 로얄동층 풀에어컨 풀옵션 정남향 생활편리한동,강동위드공인중개사사무소,매매,703,고,111.26,84.92,"195,000",0,0,2026-08-10
1500059822,40897087,"입주급매, 깔끔한집, 에어컨풀, 정원뷰, 세대지하창고",고덕굿모닝(437-6009)공인중개사사무소,매매,702,저,112.34,84.14,"194,000",0,0,2026-08-08
1500059822,40894474,입주바로가능 풀에어컨 내부상태 우수 커뮤너티근접동 단지내뷰,고덕무지개공인중개사사무소,매매,712,저,111.26,84.92,"190,000",0,0,2026-08-08
1500059822,40894473,입주추천 풀에어컨 석가산뷰 대단지 커뮤너티 채광 학군우수,고덕무지개공인중개사사무소,매매,704,중,111.26,84.92,"200,000",0,0,2026-08-08
1500059822,40891846,풀에어컨 미니발코니  트인뷰,고덕자이(441-0109)공인중개사사무소,매매,711,고,112.34,84.14,"205,000",0,0,2026-08-08
1500059822,40891845,추천입주매물 풀에어컨 트인뷰,고덕자이(441-0109)공인중개사사무소,매매,712,저,111.26,84.92,"190,000",0,0,2026-08-08
1500059822,40844960,입주가능 로얄동 트인뷰 채광 조망 굿 학군우수 커뮤니티 우수,고덕시온공인중개사사무소,매매,704,중,111.26,84.92,"200,000",0,0,2026-08-07
1500059822,40844963,늦은입주 채광 조망 굿 학군우수 커뮤니티 우수 로얄동,고덕시온공인중개사사무소,매매,711,고,112.34,84.14,"205,000",0,0,2026-08-07
1500059822,40869398,"살기좋은 대단지 아파트 , 숲세권 명문학군 9호선공사중  입주매물",고덕거성공인중개사사무소,매매,719,중,112.34,84.14,"220,000",0,0,2026-08-07
1500059822,40844964,빠른입주 귀한월세 채광 조망 굿 학군우수 커뮤니티 우수,고덕시온공인중개사사무소,월세,701,고,83.39,59.98,0,"40,000",160,2026-08-07
1500059822,40865801,"전면이 트인 영구숲세권 뷰,에어컨풀 ,계절 창고,다양한 커뮤니티,하시입주",센트럴부자공인중개사사무소,매매,711,고,112.34,84.14,"205,000",0,0,2026-08-07
1500059822,40868195,전세안고  정남향,고덕자이(441-0109)공인중개사사무소,매매,716,중,83.39,59.98,"185,000",0,0,2026-08-07
1500059822,40864633,"손님만전화주세요,커뮤니티최고시설,풀옵션,학세권고일초5분거리",경성공인중개사사무소,월세,701,저,83.39,59.98,0,"10,000",280,2026-08-07
1500059822,40828088,대단지역세권 명문학군 숲뷰 풀옵션 9호선공사중 입주물건,고덕거성공인중개사사무소,매매,720,중,112.34,84.14,"200,000",0,0,2026-08-06
1500059822,40828090,"올확장,시스템에어컨,대단지신축아파트 ,편의시설근접 입주매물",고덕거성공인중개사사무소,매매,704,고,111.26,84.92,"230,000",0,0,2026-08-06
1500059822,40823194,"커뮤니티최고시설,풀옵션,학세권고일초5분거리,정상입주",경성공인중개사사무소,매매,703,중,111.26,84.92,"190,000",0,0,2026-08-06
1500059822,40804181,로얄동층 동산뷰좋음 채광좋은정남향 풀시스템에어컨 커뮤니티우수,고덕스카이공인중개사,매매,704,고,111.26,84.92,"230,000",0,0,2026-08-06
1500059822,40793509,입주 채광 조망 굿 학군우수 커뮤니티 우수 에풀,고덕시온공인중개사사무소,매매,712,저,111.26,84.92,"190,000",0,0,2026-08-05
1500059822,40749591,입주매물 풀옵션 정남향 채광 조망 굿 학군우수 커뮤니티 우수,고덕시온공인중개사사무소,매매,703,고,111.26,84.92,"195,000",0,0,2026-08-04
1500059822,40705240,입주매매 끝내주는 숲뷰  풀에어컨 풀에어컨 커뮤니티동 너무조아,조은동네부동산426-9800공인중개사사무소,매매,709,저,111.26,84.92,"222,000",0,0,2026-08-03
1500059822,40676335,일등추천. 로얄동층. 밝은 남향. 풀옵션.  커뮤니티 이용편리,일등그라시움 부동산중개,매매,703,고,111.26,84.92,"195,000",0,0,2026-08-01
1500059822,40675259,강추 입주 컨디션최상 파노라마숲조망 시스템에어컨,고덕선경(428-3939)공인중개사사무소,매매,715,7,111.26,84.92,"195,000",0,0,2026-08-01
1500059822,40675266,채광양호 남향 트인뷰 풀옵션,고덕무지개공인중개사사무소,매매,704,고,111.26,84.92,"230,000",0,0,2026-08-01
1500059822,40675262,추천 세안고 9호선호재  명문학군지 시스템에어컨,고덕선경(428-3939)공인중개사사무소,매매,713,중,111.26,84.92,"190,000",0,0,2026-08-01
1500059822,40656170,"34,남향 로얄동층, 옵션풀",고일공인중개사사무소,매매,704,중,111.26,84.92,"200,000",0,0,2026-07-31
1500059822,40648201,정상입주 영구조망 숲 뷰 커뮤너티동 시스템에어컨,고덕무지개공인중개사사무소,매매,709,저,111.26,84.92,"222,000",0,0,2026-07-31
1500059822,40635801,"입주, 올확장, 시스템에어컨, 탁트인 동산뷰",단지내이레(443-6606)공인중개사사무소,매매,715,저,111.26,84.92,"195,000",0,0,2026-07-31
1500059822,40614717,"손님만전화주세요,세끼고,커뮤니티최고시설,풀옵션,학세권고일초5분거리",경성공인중개사사무소,매매,701,저,83.39,59.98,"170,000",0,0,2026-07-30
1500059822,40613369,입주 o 에어컨풀.중문 o 계절마다 예쁜뷰 o 우수학군,롯데공인중개사사무소,매매,709,저,111.26,84.92,"222,000",0,0,2026-07-30
1500059822,40561729,"25 남향,단지초입, 학군우수,  에어컨",고일공인중개사사무소,월세,701,고,83.39,59.98,0,"40,000",160,2026-07-29
1500059822,40573998,세안고 앞동선호 판상형 단지내 중앙공원뷰 커뮤너티근접,고덕무지개공인중개사사무소,매매,707,중,111.26,84.92,"200,000",0,0,2026-07-29
1500059822,40540858,"커뮤니티최고시설,풀옵션,학세권고일초5분거리,세끼고",경성공인중개사사무소,매매,707,중,111.26,84.92,"200,000",0,0,2026-07-28
1500059822,40530074,앞동 선호 무융자 판상형  대단지커뮤너티 학군우수,고덕무지개공인중개사사무소,월세,701,고,83.39,59.98,0,"40,000",160,2026-07-28
1500059822,40500678,금터 24A 시세대비 저렴 선호동 선호평면 초중고 학세권 놓치면 후회,고덕그라시움금터부동산공인중개사사무소,월세,701,고,83.39,59.98,0,"40,000",160,2026-07-27
1500059822,40494246,추천입주 주인거주 풀옵션 내부상태 판상형 앞동 선호,고덕무지개공인중개사사무소,매매,703,고,111.26,84.92,"195,000",0,0,2026-07-27
20135126,41416692,"트인조망, 초품아",고덕숲공인중개사무소,매매,327,7,111.51,84.98,"145,000",0,0,2026-08-24
20135126,40469054,"트인조망, 초품아",고덕숲공인중개사무소,매매,327,7,153.51,84.98,"145,000",0,0,2026-07-27
1500059984,41490689,"정원뷰,계절 창고 편의시설 시,에,장기거주 가능",센트럴부자공인중개사사무소,전세,514,저,115.36,84.91,0,"95,000",0,2026-08-26
1500059984,41490684,,센트럴부자공인중개사사무소,전세,509,저,115.81,84.97,0,"105,000",0,2026-08-26
1500059984,41490679,,센트럴부자공인중개사사무소,전세,505,10,82.26,59.97,0,"90,000",0,2026-08-26
1500059984,41490682,",시,에,계절 창고 우수한 커뮤니트  세안고",센트럴부자공인중개사사무소,매매,502,저,82.26,59.97,"190,000",0,0,2026-08-26
1500059984,41487101,34p 강추  풀옵션 로얄동층 확트인뷰 12월입주협의,고덕리더스공인중개사사무소,전세,514,저,115.36,84.91,0,"95,000",0,2026-08-26
1500059984,41490687,"트인 정원뷰,  역세권  ,다양한 커뮤니티 , 늦은입주",센트럴부자공인중개사사무소,매매,519,저,82.42,59.91,"185,000",0,0,2026-08-26
1500059984,41490681,"전면이 트인뷰 ,초등교 근접,에어컨 풀, 안방붙박이장,중문,입주정상",센트럴부자공인중개사사무소,매매,518,저,115.81,84.97,"220,000",0,0,2026-08-26
1500059984,41487102,25p 강추 풀옵션 지하철 가까운 동 공원뷰 관리잘된집,고덕리더스공인중개사사무소,월세,505,중,82.26,59.97,0,"65,000",120,2026-08-26
1500059984,41487100,25p 강추입주가능 정남향 로얄동층 확트인뷰 밝고환한집 역세권,고덕리더스공인중개사사무소,전세,505,중,82.26,59.97,0,"90,000",0,2026-08-26
1500059984,41487103,25p 로얄 동 층  입주일협의 트인뷰 풀에어컨 집상태최상,고덕리더스공인중개사사무소,월세,514,중,82.26,59.97,0,"10,000",300,2026-08-26
1500059984,41466519,매도인 의뢰 입주가  집상태 좋아요.,동서울부동산공인중개사사무소,매매,516,중,82.26,59.97,"185,000",0,0,2026-08-25
1500059984,41449099,갭투매매 로얄동층 정남향 판상형 커뮤니티우수 세대창고,고덕스카이공인중개사,매매,502,저,82.26,59.97,"190,000",0,0,2026-08-25
1500059984,41449090,로얄동층 시스템에어컨 채광좋은정남향 커뮤니티우수,고덕스카이공인중개사,월세,505,10,82.26,59.97,0,"65,000",120,2026-08-25
1500059984,41449094,지하철가까운로얄동층 판상형 풀시스템에어컨 입주협의,고덕스카이공인중개사,월세,514,10,82.26,59.97,0,"10,000",300,2026-08-25
1500059984,41466997,로얄동층 남향 풀옵션 세안고매매 우수커뮤니티 세대창고,파크자이(428-4270)공인중개사사무소,매매,506,중,115.36,84.91,"220,000",0,0,2026-08-25
1500059984,41469798,STAR 12월초입주협의 시에5 중문 식세기 인덕션 장기거주가능 트인뷰,스타공인중개사사무소,전세,514,저,115.36,84.91,0,"95,000",0,2026-08-25
1500059984,41470318,정남향 판상형 생활 편리한동 시스템에어컨,고덕자이(441-0109)공인중개사사무소,월세,505,10,82.26,59.97,0,"65,000",120,2026-08-25
1500059984,41469795,STAR추천 로얄동 세안고 에어컨 정원뷰 고일초1분컷 세대창고,스타공인중개사사무소,매매,502,저,82.26,59.97,"190,000",0,0,2026-08-25
1500059984,41470321,정남향 판상형 생활 편리한동 시스템에어컨,고덕자이(441-0109)공인중개사사무소,전세,505,10,82.26,59.97,0,"90,000",0,2026-08-25
1500059984,41470325,세안고 정남향 트인뷰 시스템에어컨,고덕자이(441-0109)공인중개사사무소,매매,502,저,82.26,59.97,"190,000",0,0,2026-08-25
1500059984,41466998,풀에어컨 중문 장기가능 트인뷰 채광 세대창고 우수커뮤니티,파크자이(428-4270)공인중개사사무소,전세,514,저,115.36,84.91,0,"95,000",0,2026-08-25
1500059984,41454804,"에풀, 트인 정원뷰, 세대지하창고, 공공도서관인접, 우수커뮤니티",고덕굿모닝(437-6009)공인중개사사무소,전세,509,저,115.81,84.97,0,"105,000",0,2026-08-25
1500059984,41449181,정남향  단지초입지하철근접동  햇살가득밝고환한집  시스템에2,고덕강남부동산 공인중개사 사무소,매매,505,중,82.26,59.97,"190,000",0,0,2026-08-25
1500059984,41449111,로얄동층 채광좋은집 중앙광장뷰 에어컨풀 장기거주,고덕스카이공인중개사,전세,514,저,115.36,84.91,0,"95,000",0,2026-08-25
1500059984,41454794,"입주매매, 정남향,어어컨풀, 정원뷰, 우수커뮤니티",고덕굿모닝(437-6009)공인중개사사무소,매매,510,저,102.27,74.88,"195,000",0,0,2026-08-25
1500059984,41466990,시스템에어컨 융자무 지하철가까운동 세대창고 우수커뮤니티,파크자이(428-4270)공인중개사사무소,전세,505,10,82.26,59.97,0,"90,000",0,2026-08-25
1500059984,41449103,세안고매매 지하철가까운로얄동층 채광좋은정남향 풀에어컨,고덕스카이공인중개사,매매,506,중,115.36,84.91,"220,000",0,0,2026-08-25
1500059984,41469789,STAR추천 에어컨 김치냉장고 오븐 정남향 10월입주협의 집보기가능,스타공인중개사사무소,전세,505,10,82.26,59.97,0,"90,000",0,2026-08-25
1500059984,41454777,"장기거주가능, 시스템에어컨, 트인뷰 채광좋은집, 세대지하창고",고덕굿모닝(437-6009)공인중개사사무소,전세,514,저,115.36,84.91,0,"95,000",0,2026-08-25
1500059984,41464222,채광좋은뷰 선호타입.전철 상가 이용편리.초등 바로.우수커뮤니티,키움공인중개사사무소,매매,502,저,82.26,59.97,"190,000",0,0,2026-08-25
1500059984,41449089,지하철가까운로얄동층 채광좋은정남향 시스템에어컨 판상형,고덕스카이공인중개사,전세,505,10,82.26,59.97,0,"87,000",0,2026-08-25
1500059984,41454793,"정남향 채광좋은집, 시스템에어컨, 세대지하창고, 커뮤니티우수",고덕굿모닝(437-6009)공인중개사사무소,매매,507,고,115.36,84.91,"215,000",0,0,2026-08-25
1500059984,41466991,시스템에어컨 융자무 지하철가까운동 세대창고 우수커뮤니티,파크자이(428-4270)공인중개사사무소,월세,505,10,82.26,59.97,0,"65,000",120,2026-08-25
1500059984,41449101,입주가능 지하철편리한로얄동층 풀시스템에어컨 커뮤니티우수,고덕스카이공인중개사,매매,518,저,115.81,84.97,"220,000",0,0,2026-08-25
1500059984,41452385,금터. 25A 선호동 선호평면 뷰 나오는 정남향 진출입편리 지하 세대창고,고덕그라시움금터부동산공인중개사사무소,전세,505,10,82.26,59.97,0,"90,000",0,2026-08-25
1500059984,41469791,STAR추천 에어컨 김치냉장고 오븐 정남향 10월입주협의 집보기가능,스타공인중개사사무소,월세,505,10,82.26,59.97,0,"65,000",120,2026-08-25
1500059984,41454774,시스템에어컨. 지하철가까운동. 세대지하창고. 우수커뮤니티시설,고덕굿모닝(437-6009)공인중개사사무소,월세,505,10,82.26,59.97,0,"65,000",120,2026-08-25
1500059984,41454775,"입주일조정가. 시스템에어컨풀, 정남향. 지하세대창고, 착한임대인",고덕굿모닝(437-6009)공인중개사사무소,월세,514,10,82.26,59.97,0,"10,000",300,2026-08-25
1500059984,41449153,"입주정상,정남향,채광굿,앞동,편리한생활인프라",고덕현대공인중개사사무소,매매,505,중,82.26,59.97,"190,000",0,0,2026-08-25
1500059984,41452392,금터. 34A 시세대비 저럼 고일초 선호타입 식세기 인덕션 가림없는 뷰,고덕그라시움금터부동산공인중개사사무소,전세,514,저,115.36,84.91,0,"95,000",0,2026-08-25
1500059984,41449122,추천로얄동층 채광좋은정남향 풀에어컨 판상형 넓은구조,고덕스카이공인중개사,매매,507,고,115.36,84.91,"215,000",0,0,2026-08-25
1500059984,41439113,정 남향 여름에 시원하고 겨울에 따뜻해요,동서울부동산공인중개사사무소,매매,516,중,129.25,59.97,"180,000",0,0,2026-08-25
1500059984,41449180,확트인밝고 환한집 에5 중문 붙박이장  주방엔지니어드스톤  풀옵션 엘베2,고덕강남부동산 공인중개사 사무소,매매,518,저,115.81,84.97,"220,000",0,0,2026-08-25
1500059984,41454764,"시스템에어컨, 지하철가까운동, 채광좋은 정남향, 지하세대창고, 커뮤우수",고덕굿모닝(437-6009)공인중개사사무소,전세,505,10,82.26,59.97,0,"87,000",0,2026-08-25
1500059984,41452386,금터. 25A 선호동 선호평면 뷰 나오는 정남향 진출입편리 지하 세대창고,고덕그라시움금터부동산공인중개사사무소,월세,505,10,82.26,59.97,0,"65,000",120,2026-08-25
1500059984,41454792,시스템에어컨. 지하철가까운동. 세대지하창고. 우수커뮤니티시설,고덕굿모닝(437-6009)공인중개사사무소,매매,505,중,82.26,59.97,"190,000",0,0,2026-08-25
1500059984,41427094,"커뮤니티최고시설,풀옵션,학세권고일초5분거리,정상입주",경성공인중개사사무소,전세,509,저,115.81,84.97,0,"105,000",0,2026-08-24
1500059984,41417953,"추천 입주매매, 개방감굿,따뜻한채광굿, 시스템에어컨, 세대창고",고덕굿모닝(437-6009)공인중개사사무소,매매,518,저,115.81,84.97,"220,000",0,0,2026-08-24
1500059984,41427110,"커뮤니티최고시설,풀옵션,학세권고일초5분거리,정상입주",경성공인중개사사무소,월세,502,중,82.26,59.97,0,"65,000",100,2026-08-24
1500059984,41402126,"정남향,시,에,채광A급,다양한 커뮤니티,입주 협의",센트럴부자공인중개사사무소,월세,505,중,82.26,59.97,0,"65,000",120,2026-08-24
1500059984,41422220,늦은입주 12월.로얄동층.확트인 채광좋은뷰. 풀에어컨.옵션굿,키움공인중개사사무소,전세,514,저,115.36,84.91,0,"95,000",0,2026-08-24
1500059984,41422444,"12월입주협의, 로얄동층,채광좋은 뷰, 풀에어컨, 우수 커뮤니티",고덕현대공인중개사사무소,전세,514,저,115.36,84.91,0,"95,000",0,2026-08-24
1500059984,41422445,"정남향, 상가지하철 가까운 선호동, 시스템에어컨, 지하세대창고",고덕현대공인중개사사무소,월세,505,중,82.26,59.97,0,"65,000",120,2026-08-24
1500059984,41427250,12 월 입주 풀옵션 장기거주가 고일초 편의시설 커뮤니티근거리입니다,대일공인중개사사무소,전세,514,저,115.36,84.91,0,"95,000",0,2026-08-24
1500059984,41427111,"커뮤니티최고시설,풀옵션,학세권고일초5분거리,정상입주",경성공인중개사사무소,전세,508,저,115.36,84.91,0,"94,000",0,2026-08-24
1500059984,41411265,입주 풀에어컨 트인뷰 밝은집,고덕자이(441-0109)공인중개사사무소,매매,518,저,115.81,84.97,"220,000",0,0,2026-08-24
1500059984,41411264,정남향 밝은집 시스템에어컨,고덕자이(441-0109)공인중개사사무소,매매,505,중,82.26,59.97,"190,000",0,0,2026-08-24
1500059984,41422204,로얄동층.풀에어컨.채광좋은 정남향.전철도보권.우수커뮤니티,키움공인중개사사무소,매매,507,저,115.36,84.91,"200,000",0,0,2026-08-24
1500059984,41429839,"올확장,엘리베이터2대로 생활편리,풀옵션의 집입니다,12월입주협의",단지내이레(443-6606)공인중개사사무소,전세,514,저,115.36,84.91,0,"95,000",0,2026-08-24
1500059984,41427088,"커뮤니티최고시설,풀옵션,학세권고일초5분거리, 늦은 입주",경성공인중개사사무소,전세,505,10,82.26,59.97,0,"87,000",0,2026-08-24
1500059984,41427249,"트인뷰 고일초 상가 커뮤니티 체육센타수영장  근거리 밝고 좋은집 시,에4",대일공인중개사사무소,월세,514,중,82.26,59.97,0,"10,000",300,2026-08-24
1500059984,41417954,"세안고매매, 에풀 정남향, 세대창고, 커뮤니티시설우수",고덕굿모닝(437-6009)공인중개사사무소,매매,506,중,115.36,84.91,"220,000",0,0,2026-08-24
1500059984,41427245,입구동 일조량풍부 밝고 좋은집 입니다,대일공인중개사사무소,월세,505,10,82.26,59.97,0,"65,000",120,2026-08-24
1500059984,41422198,전세.반전세 가능.로얄동층.전철 상가이용편리한동. 채광좋은 정남향,키움공인중개사사무소,전세,505,10,82.26,59.97,0,"90,000",0,2026-08-24
1500059984,41427251,입주 구립숲속도서관 명문중고교근거리 일조량풍부 입니다,대일공인중개사사무소,매매,509,저,102.64,74.99,"183,000",0,0,2026-08-24
1500059984,41427089,"커뮤니티최고시설,풀옵션,학세권고일초5분거리, 늦은 입주",경성공인중개사사무소,월세,505,10,82.26,59.97,0,"65,000",120,2026-08-24
1500059984,41421769,대단지역세권 명문학군 풀옵션  녹지공간많고 유헤시설없는 고덕지구 세안고,고덕거성공인중개사사무소,매매,502,저,82.26,59.97,"190,000",0,0,2026-08-24
1500059984,41427106,"커뮤니티최고시설, 풀옵션,학세권고일초5분거리,정상입주",경성공인중개사사무소,전세,514,저,115.36,84.91,0,"95,000",0,2026-08-24
1500059984,41422219,로얄동층. 풀에어컨. 전철상가 이용편리한동. 우수 커뮤니티,키움공인중개사사무소,월세,514,중,82.26,59.97,0,"10,000",300,2026-08-24
1500059984,41427244,입구동 일조량풍부 구립어린이집 커뮤니티 근거리 입니다,대일공인중개사사무소,전세,505,10,82.26,59.97,0,"90,000",0,2026-08-24
1500059984,41414614,풀에어컨 식세기 단지내 공원뷰 커뮤너티근접동,고덕무지개공인중개사사무소,전세,514,저,115.36,84.91,0,"95,000",0,2026-08-24
1500059984,41422446,"정남향, 상가 지하철 가까운 선호동, 시스템 에어컨, 지하세대창고",고덕현대공인중개사사무소,전세,505,중,82.26,59.97,0,"90,000",0,2026-08-24
1500059984,41417967,"입주매매, 시스템에어컨, 정남향, 정원뷰, 커뮤니티시설우수",고덕굿모닝(437-6009)공인중개사사무소,매매,506,저,115.36,84.91,"210,000",0,0,2026-08-24
1500059984,41422197,전세.반전세 가능.채광좋은 정남향.전철 상가이용편리한동.,키움공인중개사사무소,월세,505,10,82.26,59.97,0,"65,000",120,2026-08-24
1500059984,41427107,"커뮤니티최고시설,풀옵션,학세권고일초5분거리,정상입주",경성공인중개사사무소,매매,518,저,115.81,84.97,"220,000",0,0,2026-08-24
1500059984,41487204,25p 로얄동 층 역세권 명문학군 정남향 밝고환한집,고덕리더스공인중개사사무소,매매,505,중,82.26,59.97,"190,000",0,0,2026-08-22
1500059984,41383698,"입주매매,올확장,풀시스템에어컨,확트인뷰,로얄동층",단지내이레(443-6606)공인중개사사무소,매매,518,저,115.81,84.97,"220,000",0,0,2026-08-22
1500059984,41487202,25p 빠른입주가능  풀옵션 명문학군  동간간격좋음,고덕리더스공인중개사사무소,매매,501,중,82.26,59.97,"190,000",0,0,2026-08-22
1500059984,41372798,단독. 로얄동층. 채광좋은 확트인뷰.가장 선호타입.우수커뮤니티.,키움공인중개사사무소,매매,513,저,115.36,84.91,"205,000",0,0,2026-08-22
1500059984,41487201,34p 강추 로얄동 층 정남향 풀옵션 세안고,고덕리더스공인중개사사무소,매매,506,중,115.36,84.91,"220,000",0,0,2026-08-22
1500059984,41358815,로얄동층 지하철가까운정남향 채광좋음 판상형 시스템에어컨,고덕스카이공인중개사,매매,505,중,82.26,59.97,"190,000",0,0,2026-08-22
1500059984,41487205,34p 강추 로얄동 선호하는 타입 밝고환한 소나무뷰  풀옵션,고덕리더스공인중개사사무소,매매,518,저,115.81,84.97,"220,000",0,0,2026-08-22
1500059984,41375083,"커뮤니티최고시설,풀옵션,학세권,정상입주",경성공인중개사사무소,매매,507,고,115.36,84.91,"210,000",0,0,2026-08-22
1500059984,41487203,25p 풀옵션 정남향 트인뷰 높은 세안고 늦은입주,고덕리더스공인중개사사무소,매매,502,저,82.26,59.97,"190,000",0,0,2026-08-22
1500059984,41363666,"시스템에어컨 올확장,상일동역이동편리 커뮤니티시설우수 세대지하창고",고덕굿모닝(437-6009)공인중개사사무소,매매,502,저,82.26,59.97,"190,000",0,0,2026-08-22
1500059984,41379533,대단지역세권 명문학군 풀옵션  녹지공간많고 유해시설없는 12월입주,고덕거성공인중개사사무소,전세,514,저,115.36,84.91,0,"95,000",0,2026-08-22
1500059984,41358601,,뛰어라공인중개사사무소,매매,518,저,115.81,84.97,"220,000",0,0,2026-08-22
1500059984,41348645,"풀에,고일초,정원뷰트임,풀에,주방엔지니어스톤,오븐,탄성방충망,줄눈",방배원탑공인중개사사무소,매매,518,저,115.81,84.97,"225,000",0,0,2026-08-21
1500059984,41341745,금터. 34A 시세대비 저럼 고일초 선호타입 식세기 인덕션 가림없는 뷰,고덕그라시움금터부동산공인중개사사무소,전세,514,저,115.36,84.91,0,"95,000",0,2026-08-21
1500059984,41339087,트인뷰 상가 커뮤니티 이용편리 시스템에어컨,고덕자이(441-0109)공인중개사사무소,월세,514,10,82.26,59.97,0,"10,000",300,2026-08-21
1500059984,41323676,입주 명문중고교학군 구립도서관근거리 깔끔 좋은집입니다,대일공인중개사사무소,매매,510,저,102.27,74.88,"195,000",0,0,2026-08-21
1500059984,41341701,금터. 25A 선호동 선호평면 뷰 나오는 정남향 진출입편리 지하 세대창고,고덕그라시움금터부동산공인중개사사무소,전세,505,10,82.26,59.97,0,"90,000",0,2026-08-21
1500059984,41331899,"정원초록뷰,에어컨풀,학군우수,안정감 있는 공간",고덕종점그라시움공인중개사사무소,전세,514,저,115.36,84.91,0,"95,000",0,2026-08-21
1500059984,41327872,정남향 채광굿 로얄동 지하세대창고  커뮤니티우수,고덕선경(428-3939)공인중개사사무소,매매,505,중,82.26,59.97,"190,000",0,0,2026-08-21
1500059984,41344786,"34, 중앙공원 트인 뷰,고일초,숲도서관 근접,옵션 잘 됨. 장기거죽가능",고일공인중개사사무소,전세,514,저,115.36,84.91,0,"95,000",0,2026-08-21
1500059984,41321685,뛰어라. 풀옵션. 풀에어컨. 12월 협의. 장기거주가능,뛰어라공인중개사사무소,전세,514,저,115.36,84.91,0,"95,000",0,2026-08-21
1500059984,41339093,정남향,고덕자이(441-0109)공인중개사사무소,매매,507,고,115.36,84.91,"210,000",0,0,2026-08-21
1500059984,41341702,금터. 25A 선호동 선호평면 뷰 나오는 정남향 진출입편리 지하 세대창고,고덕그라시움금터부동산공인중개사사무소,월세,505,10,82.26,59.97,0,"65,000",120,2026-08-21
1500059984,41323672,트인조망 선호하는타입 깔끔 거주편리 좋은집 입니다,대일공인중개사사무소,매매,502,고,82.70,59.99,"190,000",0,0,2026-08-21
1500059984,41321683,뛰어라. 귀한 25 전세. 풀옵션. 입주협의,뛰어라공인중개사사무소,전세,505,10,82.26,59.97,0,"90,000",0,2026-08-21
1500059984,41318513,단독 로얄동층 채광좋은정남향 지하철가까운동 시스템에어컨,고덕스카이공인중개사,매매,506,고,115.36,84.91,"225,000",0,0,2026-08-21
1500059984,41324383,"  단지트인정원 남향 바로앞고일초 교통, 학군, 편의시설 좋음",반도부동산,매매,519,저,82.42,59.91,"185,000",0,0,2026-08-21
1500059984,41327868,강추 입주협의가 로얄동층 채광굿 융자무 시스템에어컨,고덕선경(428-3939)공인중개사사무소,월세,514,10,82.26,59.97,0,"10,000",300,2026-08-21
1500059984,41321682,뛰어라. 입주일 조정가능. 풀에어컨. 트인뷰. 장기거주가능,뛰어라공인중개사사무소,월세,514,10,82.26,59.97,0,"10,000",300,2026-08-21
1500059984,41487219,34p  세안고  늦은입주  9호선 연장수혜  한영외고 인접  풀옵션,고덕리더스공인중개사사무소,매매,507,저,115.36,84.91,"200,000",0,0,2026-08-21
1500059984,41286106,풀에어컨 무융자 장기거주가능 채광우수,고덕무지개공인중개사사무소,월세,514,중,82.26,59.97,0,"10,000",300,2026-08-20
1500059984,41299551,"뛰어라,세안고,올확장,정남향,우수커뮤니티,세대창고",뛰어라공인중개사사무소,매매,502,저,82.26,59.97,"190,000",0,0,2026-08-20
1500059984,41300021,"입주매매,조용한 로얄동층,조합원옵션,우수학군,우수커뮤니티",단지내이레(443-6606)공인중개사사무소,매매,513,중,82.26,59.97,"190,000",0,0,2026-08-20
1500059984,41292548,명문학군 상가 지하철 가까운동 커뮤니티 세종고속도로개통 9호선공사중,고덕거성공인중개사사무소,전세,505,중,82.26,59.97,0,"90,000",0,2026-08-20
1500059984,41299550,뛰어라. 입주매매. 정남향 햇살좋은집. 풀옵션.,뛰어라공인중개사사무소,매매,505,중,82.26,59.97,"190,000",0,0,2026-08-20
1500059984,41267182,"숲세권뷰,역세권,우수한 커뮤니티,세안고",센트럴부자공인중개사사무소,매매,507,저,115.36,84.91,"200,000",0,0,2026-08-20
1500059984,41293031,"남향,채광굿,판상형구조,세안고매매",고덕현대공인중개사사무소,매매,502,저,82.26,59.97,"190,000",0,0,2026-08-20
1500059984,41264713,"공동환영, 에어컨 풀, 정상입주,주인거주, 내부깔끔",사가정아이파크대신공인중개사사무소,매매,510,저,102.27,74.88,"195,000",0,0,2026-08-20
1500059984,41297516,"커뮤니티최고시설,풀옵션,학세권고일초5분거리,정상입주",경성공인중개사사무소,매매,502,고,82.70,59.99,"190,000",0,0,2026-08-20
1500059984,41297515,"커뮤니티최고시설,풀옵션,학세권고일초5분거리,정상입주",경성공인중개사사무소,매매,513,중,82.26,59.97,"190,000",0,0,2026-08-20
1500059984,41292546,대단지역세권 명문학군 풀옵션  녹지공간많고 유헤시설없는 고덕지구,고덕거성공인중개사사무소,매매,507,저,115.36,84.91,"200,000",0,0,2026-08-20
1500059984,41297514,"커뮤니티최고시설,시스템 에어컨, 세끼고",경성공인중개사사무소,매매,502,저,82.26,59.97,"190,000",0,0,2026-08-20
1500059984,41293511,강추 전세가능 로얄동층 정남향 시스템에어컨 ,고덕선경(428-3939)공인중개사사무소,월세,505,중,82.26,59.97,0,"65,000",120,2026-08-20
1500059984,41263527,금터. 25A 선호동 선호평면 뷰 나오는 정남향 상가이용 편리 진출입편리,고덕그라시움금터부동산공인중개사사무소,매매,505,중,82.26,59.97,"190,000",0,0,2026-08-20
1500059984,41262160,엘베2대  풀에어컨   트인뷰 장기거주,고덕자이(441-0109)공인중개사사무소,전세,514,저,115.36,84.91,0,"95,000",0,2026-08-19
1500059984,41260315,입주추천 풀에어컨 트인뷰 수납공간우수 내부상태우수,고덕무지개공인중개사사무소,매매,518,저,115.81,84.97,"210,000",0,0,2026-08-19
1500059984,41260316,단지내 공원뷰동 풀에어컨 세안고 조용한단지 학군 9호선,고덕무지개공인중개사사무소,매매,506,중,115.36,84.91,"220,000",0,0,2026-08-19
1500059984,41263781,세안고 에5 중문 김치냉장고 조명공사  실링팬 인테리어필름  보면 반하죠,고덕강남부동산 공인중개사 사무소,매매,506,중,115.36,84.91,"220,000",0,0,2026-08-19
1500059984,41232731,"트인뷰,추후 9호선 역세권,에어컨 풀,중문 ,강동숲 도서관 근접.",센트럴부자공인중개사사무소,매매,502,저,82.70,59.99,"180,000",0,0,2026-08-18
1500059984,41202995,"넓은평수, 정남향 트인뷰 채광좋은집, 세대지하창고, 우수커뮤",고덕굿모닝(437-6009)공인중개사사무소,매매,519,중,139.37,102.85,"250,000",0,0,2026-08-18
1500059984,41207809,추천입주 트인뷰 내부상태우수 다용도실넉넉 ,고덕무지개공인중개사사무소,매매,519,저,82.42,59.91,"185,000",0,0,2026-08-18
1500059984,41196190,"입주협의,로얄동층,시에풀,중문,고일초,커뮤니티시설굿",미사센트럴풍경채공인중개사사무소,매매,514,고,115.36,84.91,"220,000",0,0,2026-08-18
1500059984,41174333,전자계약 공동환영 세안고 올확장 올수리된 깔끔한집,가온누리부동산중개법인주식회사,매매,505,중,129.25,59.97,"190,000",0,0,2026-08-18
1500059984,41220392,금터. 25A 선호동 선호평면 뷰 나오는 정남향 상가이용 편리 진출입편리,고덕그라시움금터부동산공인중개사사무소,매매,505,중,82.26,59.97,"190,000",0,0,2026-08-18
1500059984,41142537,명문학군 상가 지하철 가까운동 커뮤니티 세종고속도로개통 9호선공사중,고덕거성공인중개사사무소,매매,505,중,82.26,59.97,"190,000",0,0,2026-08-15
1500059984,41128364,독일 강추. 늦은입주. 세안고. 정남향. 로얄동층. 풀옵션. 인테리어굿.,고덕독일489-4100공인중개사사무소,매매,506,중,115.36,84.91,"220,000",0,0,2026-08-14
1500059984,41045209,"커뮤니티최고시설,풀옵션,학세권고일초5분거리,정상입주",경성공인중개사사무소,매매,507,고,115.36,84.91,"220,000",0,0,2026-08-13
1500059984,41045217,"커뮤니티최고시설,풀옵션,학세권고일초5분거리,정상입주",경성공인중개사사무소,월세,508,저,115.36,84.91,0,"75,000",100,2026-08-13
1500059984,41045229,"커뮤니티최고시설,풀옵션,학세권고일초5분거리, 세끼고",경성공인중개사사무소,매매,507,저,115.36,84.91,"200,000",0,0,2026-08-12
1500059984,41034131,"정남향,초록뷰,학군우수,세안고,단독",고덕종점그라시움공인중개사사무소,매매,519,고,139.37,102.85,"250,000",0,0,2026-08-12
1500059984,41006603,로얄동 세안고 트인조망 채광굿 풀옵션,고덕선경(428-3939)공인중개사사무소,매매,517,저,182.39,84.97,"205,000",0,0,2026-08-12
1500059984,41006599,추천 귀한전세 풀옵션  입주협의가 채광굿 로얄동층,고덕선경(428-3939)공인중개사사무소,전세,514,저,181.89,84.91,0,"95,000",0,2026-08-12
1500059984,41006591,강추 입주매물 정남향 채광굿 명문학군지,고덕선경(428-3939)공인중개사사무소,매매,505,중,129.25,59.97,"190,000",0,0,2026-08-12
1500059984,41038692,풀에어컨 중문 안방붙박이장 정남향 밝고채광좋은집,고덕자이(441-0109)공인중개사사무소,매매,507,고,115.36,84.91,"220,000",0,0,2026-08-12
1500059984,41018263,"시스템에어컨, 정남향 로얄동층 채광좋은집, 세대지하창고, 우수커뮤",고덕굿모닝(437-6009)공인중개사사무소,매매,507,고,115.36,84.91,"220,000",0,0,2026-08-12
1500059984,40991552,로얄동층. 정남향.풀에어컨.전철역 상가 이용편리.우수커뮤니티,키움공인중개사사무소,매매,506,중,115.36,84.91,"220,000",0,0,2026-08-11
1500059984,40984118,추천전세  채광좋은 정남향 지하철역과 가까운동,강동위드공인중개사사무소,전세,505,10,82.26,59.97,0,"90,000",0,2026-08-11
1500059984,40929553,,고일공인중개사사무소,월세,505,중,82.26,59.97,0,"65,000",120,2026-08-10
1500059984,40929554,,고일공인중개사사무소,전세,505,중,82.26,59.97,0,"90,000",0,2026-08-10
1500059984,40956991,"커뮤니티최고시설,풀옵션,학세권고일초5분거리,세끼고",경성공인중개사사무소,매매,506,중,115.36,84.91,"220,000",0,0,2026-08-10
1500059984,40939627,세안고 추천 단지내뷰 풀에어컨 중앙동 ,고덕무지개공인중개사사무소,매매,507,저,115.36,84.91,"200,000",0,0,2026-08-10
1500059984,40959792,"입주매매,올확장,세대지하창고,엘베2대 생활편리",단지내이레(443-6606)공인중개사사무소,매매,502,고,82.70,59.99,"190,000",0,0,2026-08-10
1500059984,40939628,무융자 앞동선호 채광우수 반월세가능,고덕무지개공인중개사사무소,전세,505,중,82.26,59.97,0,"90,000",0,2026-08-10
1500059984,40891850,세안고매매  정남향 트인뷰,고덕자이(441-0109)공인중개사사무소,매매,506,중,115.36,84.91,"220,000",0,0,2026-08-08
1500059984,40897350,"9 호선라인,학군우수,세안고",고덕종점그라시움공인중개사사무소,매매,505,중,82.26,59.97,"185,000",0,0,2026-08-08
1500059984,40864645,귀한반전세 정남향 로얄동층  시스템에어컨,고덕선경(428-3939)공인중개사사무소,월세,505,중,82.26,59.97,0,"65,000",120,2026-08-07
1500059984,40844959,입주 정남향 학군 우수 커뮤니티 우수 채광 조망 굿,고덕시온공인중개사사무소,매매,505,중,82.26,59.97,"190,000",0,0,2026-08-07
1500059984,40864644,로얄동 풀옵션 정남향 채광굿 커뮤니티우수,고덕선경(428-3939)공인중개사사무소,전세,505,중,82.26,59.97,0,"90,000",0,2026-08-07
1500059984,40824337,"정남향,에어컨 ,김냉.역세권 입주협의",센트럴부자공인중개사사무소,매매,505,중,82.26,59.97,"190,000",0,0,2026-08-06
1500059984,40823191,"커뮤니티최고시설,풀옵션,학세권고일초5분거리, 늦은 입주",경성공인중개사사무소,매매,505,중,82.26,59.97,"190,000",0,0,2026-08-06
1500059984,40797773,"초등학교 5분 이내,상일동 역 7분,뷰 좋음",오렌지공인중개사사무소,전세,505,중,0.00,59.97,0,"85,000",0,2026-08-06
1500059984,40828082,대단지역세권 명문학군 풀옵션  녹지공간많고 유해시설없는 고덕지구 세안고,고덕거성공인중개사사무소,매매,506,중,115.36,84.91,"220,000",0,0,2026-08-06
1500059984,40797306,전자계약 공동환영 올수리 초등학교 근접 지하철 가까운동,가온누리부동산중개법인주식회사,월세,505,10,0.00,59.97,0,"65,000",120,2026-08-06
1500059984,40824312,"정남향,에어컨 풀, 계절  창고,다양한 커뮤니티,채광A급,세안고",센트럴부자공인중개사사무소,매매,506,중,115.36,84.91,"220,000",0,0,2026-08-06
1500059984,40796280,"초등학교 5분 이내,상일동 역 7분,뷰 좋음",오렌지공인중개사사무소,월세,505,중,0.00,59.97,0,"65,000",100,2026-08-06
1500059984,40749592,귀한전세 채광 조망 굿 학군우수 커뮤니티 우수 장기거주 가능,고덕시온공인중개사사무소,전세,514,저,115.36,84.91,0,"95,000",0,2026-08-04
1500059984,40627115,늦은입주 12월.로얄동층.확트인 채광좋은뷰. 풀에어컨.옵션굿,키움공인중개사사무소,전세,514,저,181.89,84.91,0,"95,000",0,2026-07-31
1500059984,40656169,"25,막힘 없는 숲 뷰,고일초,숲도서관 근접,관리잘 된 집",고일공인중개사사무소,매매,501,중,82.26,59.97,"190,000",0,0,2026-07-31
1500059984,40561728,"25,정남향,단지초입,지하쳘 가까움,숲조망,명문학군,강동숲도서관",고일공인중개사사무소,매매,505,중,82.26,59.97,"190,000",0,0,2026-07-29
1500059984,40574000,세안고 단지내공원뷰 판상형 지하개별창고,고덕무지개공인중개사사무소,매매,502,저,82.26,59.97,"190,000",0,0,2026-07-29
1500059984,40500679,금터. 34B 초품아 커뮤니티 이용 편리 채광 좋고 위치 좋아요,고덕그라시움금터부동산공인중개사사무소,전세,514,저,115.81,84.97,0,"98,000",0,2026-07-27
1500059984,40504322,"25세안고,남향 밝은 집,고일초근접,강동숲도서관 근접,상일동산",고일공인중개사사무소,매매,502,저,82.26,59.97,"190,000",0,0,2026-07-27
20359583,41467957,"시원하게 트인 숲세권 뷰,9호선  수혜단지,학군A급지,입주 협의",센트럴부자공인중개사사무소,매매,109,20,112.83,84.85,"185,000",0,0,2026-08-25
20359583,41454810,"트인숲뷰, 한영중고명문학군, 고덕숲도서관이용, 9호선개통호재",고덕굿모닝(437-6009)공인중개사사무소,매매,107,고,113.08,84.97,"200,000",0,0,2026-08-25
20359583,41454776,로얄동 조용한숲세권. 도서관개관. 9호선호재. 한영중고명문학교,고덕굿모닝(437-6009)공인중개사사무소,매매,109,20,112.83,84.85,"185,000",0,0,2026-08-25
20359583,41449095,세안고매매 탁트인뷰최상 로얄동층 한영학군 신축도서관,고덕스카이공인중개사,매매,109,20,112.83,84.85,"185,000",0,0,2026-08-25
20359583,41454811,입주 조용한숲세권. 도서관개관. 9호선호재. 한영중고명문학교,고덕굿모닝(437-6009)공인중개사사무소,매매,108,저,112.83,84.85,"185,000",0,0,2026-08-25
20359583,41453179,"34, 사계절을 느낄수 있는 완전 숲뷰, 상일역 5분내",고일공인중개사사무소,매매,101,저,112.83,84.85,"200,000",0,0,2026-08-25
20359583,41470339,인테리어이쁜집 풀에어컨 시원한숲뷰,고덕자이(441-0109)공인중개사사무소,매매,109,고,112.83,84.85,"210,000",0,0,2026-08-25
20359583,41453181,"34, 사계절을 느낄수 있는 완전 숲세권, 고현초, 상일역 5분내",고일공인중개사사무소,매매,101,고,112.83,84.85,"210,000",0,0,2026-08-25
20359583,41427105,"커뮤니티최고시설,풀옵션,학세권고현초5분거리,정상입주",경성공인중개사사무소,매매,101,고,112.83,84.85,"210,000",0,0,2026-08-24
20359583,41422225,최상급 힐링숲뷰.시스템에어컨.옵션굿.선호판상형,키움공인중개사사무소,매매,112,고,84.78,59.97,"170,000",0,0,2026-08-24
20359583,41427093,"커뮤니티최고시설풀옵션,학세권한영중 5분거리",경성공인중개사사무소,매매,108,저,112.83,84.85,"185,000",0,0,2026-08-24
20359583,41375105,명문중고교근거리 학군 숲속구립도서관  9호선역 예정,대일공인중개사사무소,매매,107,고,113.08,84.97,"200,000",0,0,2026-08-22
20359583,41375088,"탁트인뷰숲속의아파트,학세권,역세권아파트,풀옵션",경성공인중개사사무소,매매,109,고,112.83,84.85,"210,000",0,0,2026-08-22
20359583,41358842,입주가능 정원뷰최상 선호하는동 풀에어컨 풀옵션 학군우수,고덕스카이공인중개사,매매,101,저,112.83,84.85,"200,000",0,0,2026-08-22
20359583,41375095,"숲속의아파트,학세권,역세권아파트,9호선5분거리",경성공인중개사사무소,매매,108,중,84.78,59.97,"175,000",0,0,2026-08-22
20359583,41487207,25p 강추 9호선호재 더블역세권  예쁜 숲 고덕숲도서관 바로옆 세안고,고덕리더스공인중개사사무소,매매,112,고,84.78,59.97,"170,000",0,0,2026-08-22
20359583,41375085,"숲속의아파트,학세권,역세권아파트,정상입주",경성공인중개사사무소,매매,102,중,84.78,59.97,"175,000",0,0,2026-08-22
20359583,41487206,34p 세안고 트인 고층 영구 숲 조망 9호선 호재 명문학군,고덕리더스공인중개사사무소,매매,109,고,112.83,84.85,"185,000",0,0,2026-08-22
20359583,41379532,숲세권 명문학군  아이들 키우기 좋은 아파트 로얄동 풀에어컨 세안고매매,고덕거성공인중개사사무소,매매,109,고,112.83,84.85,"200,000",0,0,2026-08-22
20359583,41347474,"시원한 숲세권뷰,9호선 호재,역세권   입주협의",센트럴부자공인중개사사무소,매매,102,중,84.78,59.97,"175,000",0,0,2026-08-21
20359583,41292589,세끼고 매매 에어컨3대.붙박이장.컨디션 최고.9호선 수혜,태양공인중개사사무소,매매,112,고,84.78,59.97,"170,000",0,0,2026-08-20
20359583,41214892,추천 입주매매 풀에어컨 숲뷰 밝은집,고덕자이(441-0109)공인중개사사무소,매매,107,고,113.08,84.97,"200,000",0,0,2026-08-19
20359583,41262159,"9호선한영중고역 28년예정 ,컨디션최상, 숲속 전원별장 뷰",고덕자이(441-0109)공인중개사사무소,매매,109,20,112.83,84.85,"185,000",0,0,2026-08-19
20359583,41189173,"올확장, 초등학교,지하철역 가까운동,숲세권",단지내이레(443-6606)공인중개사사무소,매매,101,고,112.83,84.85,"210,000",0,0,2026-08-18
20359583,41207806,숲뷰최고 내부공간우수 도서관 개관 9호선 세안고,고덕무지개공인중개사사무소,매매,109,고,112.83,84.85,"185,000",0,0,2026-08-18
20359583,41204412,"숲조망굿, 숲도서관인접, 하시입주가, 주인세대거주",고덕숲공인중개사무소,매매,107,저,113.08,84.97,"180,000",0,0,2026-08-18
20359583,41198089,근린공원 풀조망.주인거주.9호선수혜.숲도서관 이용.명문학군,태양공인중개사사무소,매매,107,고,113.08,84.97,"200,000",0,0,2026-08-18
20359583,41232730,"전면 숲세권뷰,9호선  호재단지,학군A급지,입주협의.",센트럴부자공인중개사사무소,매매,101,고,112.83,84.85,"210,000",0,0,2026-08-18
20359583,41144673,"숲속의아파트,학세권,역세권아파트,정상입주",경성공인중개사사무소,매매,107,고,112.83,84.85,"210,000",0,0,2026-08-15
20359583,41144676,"숲속의아파트, 풀에어컨, 영구조망, 9호선 호재",경성공인중개사사무소,매매,107,고,113.08,84.97,"200,000",0,0,2026-08-15
20359583,41144666,"숲속의아파트,학세권,역세권아파트,세끼고",경성공인중개사사무소,매매,109,20,112.83,84.85,"185,000",0,0,2026-08-15
20359583,41099118,"34, 사계절을 느낄수 있는 완전 숲뷰,한영중고 , 고덕숲도서관근접",고일공인중개사사무소,매매,109,20,112.83,84.85,"185,000",0,0,2026-08-14
20359583,41045215,"숲속의아파트,학세권,역세권아파트,구립도서관2분거리 한영중고5분거리",경성공인중개사사무소,매매,107,저,112.83,84.85,"179,000",0,0,2026-08-13
20359583,40991796,"입주정상,풀에어컨,숲세권뷰,학교근접,아이들 생활하기 좋아요",고덕현대공인중개사사무소,매매,101,저,112.83,84.85,"200,000",0,0,2026-08-11
20359583,40945557,세안고매매 탁트인뷰최상 채광좋은로얄동층 풀에어컨 한영학군 신축도서관,고덕스카이공인중개사,매매,109,고,112.83,84.85,"210,000",0,0,2026-08-10
20359583,40939779,9호선예정  우수학군 한영외고  최고의숲세권 최고의전망,웰컴공인중개사사무소,매매,107,고,112.83,84.85,"210,000",0,0,2026-08-10
20359583,40904147,입주 숲뷰 명문 중고교근거리 구립 숲속도서관좋은집입니다,대일공인중개사사무소,매매,107,저,112.83,84.85,"179,000",0,0,2026-08-08
20359583,40844927,탁트인뷰최상 채광좋은로얄동 한영학군 9호선확정,고덕스카이공인중개사,매매,108,저,112.83,84.85,"185,000",0,0,2026-08-07
20359583,40863844,시원한 조망.9호선 도보.명문학교 도보.숲도서관.풀옵션,태양공인중개사사무소,매매,109,고,112.83,84.85,"210,000",0,0,2026-08-07
20359583,40850947,탁트인숲뷰. 한영학군. 숲도서관개관. 9호선호재,고덕굿모닝(437-6009)공인중개사사무소,매매,109,고,112.83,84.85,"210,000",0,0,2026-08-07
20359583,40824313,"시원한 숲세권뷰 ,친환경 아파트,9호선  수혜 아파트,입주  협의",센트럴부자공인중개사사무소,매매,107,고,113.08,84.97,"200,000",0,0,2026-08-06
20359583,40735044,숲세권뷰. 학군최고. 9호선호재.숲속도서관,단지내승진포레온공인중개사사무소,매매,107,고,0.00,84.97,"200,000",0,0,2026-08-04
20359583,40675274,"커뮤니티최고시설,풀옵션,학세권고현초5분거리,정상입주",경성공인중개사사무소,매매,101,저,112.83,84.85,"200,000",0,0,2026-08-01
20359583,40469043,"트인숲조망, 강동숲도서관 인접, 어린이집 인접, 학세권",고덕숲공인중개사무소,매매,107,저,181.94,84.97,"180,000",0,0,2026-07-27
1500060287,41487111,"25p 지하철 2분 초역세권, 상가가까운동, 시스템에어컨, 초품아",고덕리더스공인중개사사무소,월세,332,고,81.05,59.98,0,"40,000",200,2026-08-26
1500060287,41487115,"34p 리더스 단 독  초역세권  시스템4, 중문 트인 정원뷰 손님만",고덕리더스공인중개사사무소,전세,335,중,113.98,84.97,0,"100,000",0,2026-08-26
1500060287,41495243,금터 34A 올 A급 컨디션 말이 필요없는 고층의 개방감 풀에어컨,고덕그라시움금터부동산공인중개사사무소,월세,302,고,113.98,84.97,0,"32,000",330,2026-08-26
1500060287,41495246,금터 25A  세안고 메.리.트. 있는 가격  압도적인 호수 조망,고덕그라시움금터부동산공인중개사사무소,매매,319,고,81.05,59.98,"195,000",0,0,2026-08-26
1500060287,41495228,금터. 34D 귀한 전세매물 풀에어컨 안정적인뷰 초품아 등교편,고덕그라시움금터부동산공인중개사사무소,전세,303,2,114.58,84.95,0,"115,000",0,2026-08-26
1500060287,41495234,금터 59A 소중한 반전세 선호동 선호평면 품격있는 커뮤니티 문열면지하철,고덕그라시움금터부동산공인중개사사무소,월세,332,고,81.05,59.98,0,"40,000",200,2026-08-26
1500060287,41487110,"34p 초초역세권 지하철,상가 바로옆 채광굿 정원뷰 빠른입주가능",고덕리더스공인중개사사무소,월세,331,저,114.58,84.95,0,"20,000",340,2026-08-26
1500060287,41495245,금터 34B 시원하게 열린 조망 고현초 안정된 등하교 압도적인 커뮤니티,고덕그라시움금터부동산공인중개사사무소,전세,304,고,114.35,84.93,0,"110,000",0,2026-08-26
1500060287,41495233,금터 34A 사계절 힐링 숲세권 조망이 대세 잘 빠진 구조 문열면 지하철,고덕그라시움금터부동산공인중개사사무소,전세,339,고,113.98,84.97,0,"110,000",0,2026-08-26
1500060287,41487112,34p 귀한 월세 확트인뷰 풀옵션 주인거주 깨끗이관리된 집,고덕리더스공인중개사사무소,월세,302,고,113.98,84.97,0,"32,000",330,2026-08-26
1500060287,41490686,"전면  트인뷰 에풀 ,역세권, 계절 창고  9월 입주 가능",센트럴부자공인중개사사무소,월세,332,고,81.05,59.98,0,"40,000",200,2026-08-26
1500060287,41490690,"고덕천뷰,시,에 초역세권, 우수한 커뮤니티,계절 창고.입주",센트럴부자공인중개사사무소,매매,301,고,113.98,84.97,"230,000",0,0,2026-08-26
1500060287,41495232,금터 34A 도심속 숲을 품은 단지 힐링 라이프 선호동 선호타입,고덕그라시움금터부동산공인중개사사무소,전세,339,중,113.98,84.97,0,"110,000",0,2026-08-26
1500060287,41484098,강추 입주 선호타입 막힘없는조망 햇살가득 커뮤니티우수,고덕선경(428-3939)공인중개사사무소,매매,305,고,176.11,84.93,"230,000",0,0,2026-08-26
1500060287,41490677,"정원뷰,  에어컨 풀,  탁월한 커뮤니티,계절 창고, 정상입주",센트럴부자공인중개사사무소,전세,303,2,114.58,84.95,0,"115,000",0,2026-08-26
1500060287,41482741,추천 입주 로얄동층 관리잘된세대 시스템에어컨,고덕선경(428-3939)공인중개사사무소,매매,312,중,175.81,84.97,"228,000",0,0,2026-08-26
1500060287,41487099,34p 예쁜 정원뷰 풀에어컨 초역세권 고현초인접,고덕리더스공인중개사사무소,전세,303,2,114.58,84.95,0,"115,000",0,2026-08-26
1500060287,41487113,"34p 강추 초초역세권 지하철,상가 바로옆 채광굿 정원뷰 빠른 입주가능",고덕리더스공인중개사사무소,전세,331,저,114.58,84.95,0,"105,000",0,2026-08-26
1500060287,41487114,"34p 강추 초역세권, 로얄동.층,뻥뷰, 숲세권, 채광굿,햇볕잘드는집",고덕리더스공인중개사사무소,전세,339,중,113.98,84.97,0,"110,000",0,2026-08-26
1500060287,41464229,로얄동층.워터가든뷰.풀에어컨.풀옵션.정남향 최상급커뮤니티,키움공인중개사사무소,매매,319,고,113.98,84.97,"250,000",0,0,2026-08-25
1500060287,41448860,"뛰어라,정상입주,정남향,시스템에어컨,중문,로얄동,로얄층,트인뷰",뛰어라공인중개사사무소,매매,304,중,114.14,84.94,"230,000",0,0,2026-08-25
1500060287,41466995,로얄동층 풀에어컨 역세권 초품아 우수커뮤니티 세대창고,파크자이(428-4270)공인중개사사무소,매매,316,중,114.58,84.95,"250,000",0,0,2026-08-25
1500060287,41454788,"입주매매, 시스템에어컨 우수커뮤니티시설, 초품아, 세대창고",고덕굿모닝(437-6009)공인중개사사무소,매매,305,고,114.35,84.93,"230,000",0,0,2026-08-25
1500060287,41449144,"초역세권,로얄동층,상태굿,선호하는구조,입주정상",고덕현대공인중개사사무소,매매,317,중,114.35,84.93,"250,000",0,0,2026-08-25
1500060287,41452417,금터. 34B  채광좋은 트인뷰  깔끔관리 초역세권,고덕그라시움금터부동산공인중개사사무소,매매,305,고,114.35,84.93,"230,000",0,0,2026-08-25
1500060287,41446791,,해피부동산공인중개사사무소,매매,303,중,113.98,84.97,"230,000",0,0,2026-08-25
1500060287,41452418,금터. 34P 시원하게 탁트인 고덕천뷰 풀에어컨 고품격커뮤니티 초품아,고덕그라시움금터부동산공인중개사사무소,매매,301,고,113.98,84.97,"230,000",0,0,2026-08-25
1500060287,41449158,"입주,로얄동층,선호도좋은구조,편리한생활인프라,풀에어컨,강추",고덕현대공인중개사사무소,매매,308,중,80.86,59.83,"195,000",0,0,2026-08-25
1500060287,41478058,독일 추천. 별동 입주. 상일동역 1분 초역세권. 9호선 호재.,고덕독일489-4100공인중개사사무소,매매,336,중,81.05,59.98,"200,000",0,0,2026-08-25
1500060287,41464247,바로 전철역.상가이용편리.로얄층.풀에어컨.대단지커뮤니티,키움공인중개사사무소,매매,331,고,113.98,84.97,"250,000",0,0,2026-08-25
1500060287,41449151,"입주정상,초역세권,초품아,풀에어컨,상태굿,판상형구조",고덕현대공인중개사사무소,매매,323,저,114.14,84.94,"250,000",0,0,2026-08-25
1500060287,41454767,"풀인테리어.조식서비스. 초품아,커뮤니티시설우수. 세대창고",고덕굿모닝(437-6009)공인중개사사무소,매매,302,18,113.98,84.97,"230,000",0,0,2026-08-25
1500060287,41464218,개방감좋은 정원뷰.풀에어컨.옵션굿.최상급커뮤니티,키움공인중개사사무소,전세,303,2,114.58,84.95,0,"115,000",0,2026-08-25
1500060287,41478061,독일 강추. 귀한 월세. 지하철 상가 가까운 로얄동. 초역세권. 초품아.,고덕독일489-4100공인중개사사무소,월세,332,고,81.05,59.98,0,"40,000",200,2026-08-25
1500060287,41449155,"초역세권,숲세권 파노라마 뷰,채광굿,편리한생활인프라",고덕현대공인중개사사무소,전세,339,고,113.98,84.97,0,"110,000",0,2026-08-25
1500060287,41468768,아르테온 point  단지뷰 예쁜  최상 매물,포인트공인중개사사무소,매매,319,고,113.98,84.97,"250,000",0,0,2026-08-25
1500060287,41470331,초역세권 트인뷰 풀에어컨 풀옵션,고덕자이(441-0109)공인중개사사무소,매매,330,중,81.05,59.98,"195,000",0,0,2026-08-25
1500060287,41449107,입주가능 로얄동층 커뮤니티바로동 풀에어컨 초품아,고덕스카이공인중개사,매매,312,저,114.14,84.94,"235,000",0,0,2026-08-25
1500060287,41466791,강추 선호타입 시원한숲조망 로얄동층 컨디션최상 입주협의가,고덕선경(428-3939)공인중개사사무소,전세,339,저,114.35,84.93,0,"110,000",0,2026-08-25
1500060287,41464238,생활권 편리한 맨앞동.풀에어컨.옵션굿.채광좋은 확트인뷰.,키움공인중개사사무소,매매,330,중,81.05,59.98,"195,000",0,0,2026-08-25
1500060287,41449150,"초역세권,로얄동,고품격커뮤니티,초품아,날자조율가능,가성비굿",고덕현대공인중개사사무소,전세,331,저,114.58,84.95,0,"105,000",0,2026-08-25
1500060287,41449141,"정상입주,남향,앞두트인뷰,상태좋음,방4개넉넉한구조임.",고덕현대공인중개사사무소,매매,314,저,152.72,114.86,"290,000",0,0,2026-08-25
1500060287,41466993,역세권 시스템에어컨 융자무 상가이용편리 대단지커뮤니티,파크자이(428-4270)공인중개사사무소,월세,332,고,81.05,59.98,0,"40,000",200,2026-08-25
1500060287,41468769,아르테온 point 세안고 매매  초역세권  인프라 최고,포인트공인중개사사무소,매매,330,중,81.05,59.98,"195,000",0,0,2026-08-25
1500060287,41449097,탁트인고덕천뷰최고 입주가능로얄동 풀에어컨 판상형,고덕스카이공인중개사,매매,301,고,113.98,84.97,"230,000",0,0,2026-08-25
1500060287,41454805,"에풀, 선호별동 로얄동층 탁트인뷰, 상일동초역세권, 세대창고, 우수커뮤",고덕굿모닝(437-6009)공인중개사사무소,전세,339,고,113.98,84.97,0,"110,000",0,2026-08-25
1500060287,41464242,빠른입주. 채광좋은 타입. 생활권 편리 전철상가 바로. 최상급 커뮤니티,키움공인중개사사무소,월세,331,저,114.58,84.95,0,"20,000",340,2026-08-25
1500060287,41449168,"로얄동, 로얄층, 정남향, 중앙분수뷰, 세안고 매매",고덕현대공인중개사사무소,매매,319,고,81.05,59.98,"195,000",0,0,2026-08-25
1500060287,41449139,"입주,초역세권,숲세권파노라마뷰굿,채광굿,강추",고덕현대공인중개사사무소,매매,339,고,113.98,84.97,"255,000",0,0,2026-08-25
1500060287,41449106,탁트인고덕천뷰최상 채광좋은집 풀에어컨 초품아,고덕스카이공인중개사,매매,301,중,114.35,84.93,"230,000",0,0,2026-08-25
1500060287,41449152,"초역세권,풀옵션,고품격커뮤니티,편리한생활인프라",고덕현대공인중개사사무소,매매,331,중,113.98,84.97,"240,000",0,0,2026-08-25
1500060287,41478057,독일 강추. 구조 잘 빠진 타워형. 아이에게 최고 초품아. 출퇴근 최고.,고덕독일489-4100공인중개사사무소,매매,325,중,114.58,84.95,"240,000",0,0,2026-08-25
1500060287,41454763,"추천입주, 트인조망, 초품아, 세대지하창고, 우수커뮤니티",고덕굿모닝(437-6009)공인중개사사무소,매매,304,12,114.14,84.94,"230,000",0,0,2026-08-25
1500060287,41452387,금터. 34P 실입주  풀옵션 에어컨4 중문 고급인테리어,고덕그라시움금터부동산공인중개사사무소,매매,302,18,113.98,84.97,"230,000",0,0,2026-08-25
1500060287,41454783,"지하철초근접, 정남, 풀옵션, 초품아, 커뮤니티시설우수",고덕굿모닝(437-6009)공인중개사사무소,매매,328,저,113.98,84.97,"210,000",0,0,2026-08-25
1500060287,41469797,STAR추천 별동 세안고 초역세권 시스템에어컨 더블역세권 트관리굿,스타공인중개사사무소,매매,341,중,81.05,59.98,"200,000",0,0,2026-08-25
1500060287,41470336,트인뷰 남향 공원뷰 풀에어컨 빌트인 냉장고 김치냉장고,고덕자이(441-0109)공인중개사사무소,매매,328,저,113.98,84.97,"215,000",0,0,2026-08-25
1500060287,41452400,금터 25A  놓쳐선 안될 로얄동 로얄층 특옵션 늦은입주 문열면 지하철,고덕그라시움금터부동산공인중개사사무소,매매,330,중,81.05,59.98,"195,000",0,0,2026-08-25
1500060287,41466781,"커뮤니티최고시설,초역세권, 풀에, 굿뷰, 정상입주",경성공인중개사사무소,전세,339,저,114.35,84.93,0,"110,000",0,2026-08-25
1500060287,41454782,"시스템에어컨,  조식서비스, 커뮤니티우수, 초품아",고덕굿모닝(437-6009)공인중개사사무소,매매,304,저,114.14,84.94,"210,000",0,0,2026-08-25
1500060287,41449108,로얄동층 동간거리좋음 풀에어컨 커뮤니티우수 초품아,고덕스카이공인중개사,매매,317,고,114.14,84.94,"240,000",0,0,2026-08-25
1500060287,41470322,막힘없고 채광좋은집,고덕자이(441-0109)공인중개사사무소,매매,303,19,113.98,84.97,"230,000",0,0,2026-08-25
1500060287,41464236,추천.로얄동층.채광좋은 트인뷰.풀에어컨.옵션굿.최상급 커뮤니티,키움공인중개사사무소,매매,310,고,81.05,59.98,"205,000",0,0,2026-08-25
1500060287,41449157,"역세권, 풀에어컨, 멋진 숲뷰, 입주협의, 고품격 커뮤니티",고덕현대공인중개사사무소,전세,339,저,114.35,84.93,0,"110,000",0,2026-08-25
1500060287,41454765,"입주매매 깨끗한집, 트인뷰 햇빛잘드는집, 상일역5분,우수커뮤니티",고덕굿모닝(437-6009)공인중개사사무소,매매,303,19,113.98,84.97,"230,000",0,0,2026-08-25
1500060287,41449098,초역세권 로얄동층 채광좋은집 풀에어컨 커뮤니티최상,고덕스카이공인중개사,매매,326,중,114.58,84.95,"240,000",0,0,2026-08-25
1500060287,41478059,독일 추천. 정남향. 초역세권. 초품아. 거주 만족도 높은 대단지.,고덕독일489-4100공인중개사사무소,매매,310,고,81.05,59.98,"205,000",0,0,2026-08-25
1500060287,41452405,금터. 34C 추천 로얄동층 커뮤니티우수  풀에어컨 상태굿 채광굿 초품아,고덕그라시움금터부동산공인중개사사무소,매매,312,저,114.14,84.94,"235,000",0,0,2026-08-25
1500060287,41449149,"입주,로얄동층,선호도높은구조,초품아,고품격커뮤니티근접.",고덕현대공인중개사사무소,매매,316,중,114.58,84.95,"250,000",0,0,2026-08-25
1500060287,41454762,"풀에어컨, 해잘드는집, 초역세권, 커뮤니티시설굿",고덕굿모닝(437-6009)공인중개사사무소,전세,303,2,114.58,84.95,0,"115,000",0,2026-08-25
1500060287,41449174,최고급인테리어  정남향  에6  중문  원목바닥  조명  보면 반합니다,고덕강남부동산 공인중개사 사무소,매매,314,중,152.72,114.86,"285,000",0,0,2026-08-25
1500060287,41449124,탁트인뷰 채광좋은로얄동층 풀에어컨 판상형 초품아,고덕스카이공인중개사,월세,302,고,113.98,84.97,0,"30,000",330,2026-08-25
1500060287,41454780,"입주매매, 풀옵션, 초역세권, 관리상태굿, 초품아, 커뮤니티시설우수",고덕굿모닝(437-6009)공인중개사사무소,매매,317,고,114.14,84.94,"240,000",0,0,2026-08-25
1500060287,41464237,별동.채광좋은 선호타입.전철역 상가 바로.최상급 커뮤니티,키움공인중개사사무소,매매,336,중,81.05,59.98,"200,000",0,0,2026-08-25
1500060287,41464230,추천.로얄동층.풀에어컨.워터가든.채광굿.선호타입구조,키움공인중개사사무소,매매,319,고,113.98,84.97,"250,000",0,0,2026-08-25
1500060287,41478056,독일 강추. 주방 다용도실 넓은 판상형. 트인뷰. 관리상태최상,고덕독일489-4100공인중개사사무소,매매,312,저,114.14,84.94,"240,000",0,0,2026-08-25
1500060287,41452419,금터. 34P 초역세권 초품아 우수학군 풀에어컨 풀옵션 아이키우기좋은집,고덕그라시움금터부동산공인중개사사무소,매매,328,저,113.98,84.97,"210,000",0,0,2026-08-25
1500060287,41449160,"입주정상,정남향,채광굿,고덕천뷰,상태굿,가성비굿",고덕현대공인중개사사무소,매매,301,고,113.98,84.97,"230,000",0,0,2026-08-25
1500060287,41464232,로얄동층. 풀에어컨.확트인 뷰.커뮤니티동. 최상급커뮤니티,키움공인중개사사무소,매매,318,고,114.35,84.93,"245,000",0,0,2026-08-25
1500060287,41449140,"초역세권, 별동의 숲뷰, 세안고 매매, 시스템에어컨, 명품학군",고덕현대공인중개사사무소,매매,339,중,114.14,84.94,"260,000",0,0,2026-08-25
1500060287,41449147,"초역세권,단지조경뷰,선호하는구조,초품아,날자조율가능",고덕현대공인중개사사무소,월세,331,저,114.58,84.95,0,"20,000",340,2026-08-25
1500060287,41464246,단독.채광좋은 선호타입.시스템에어컨.전철 상가 바로,키움공인중개사사무소,전세,330,고,81.05,59.98,0,"90,000",0,2026-08-25
1500060287,41452421,금터. 34C 강추  초품아 밝고 따뜻한 채광  상태굿,고덕그라시움금터부동산공인중개사사무소,매매,304,저,114.14,84.94,"210,000",0,0,2026-08-25
1500060287,41449161,"풀에어컨,시원하게트인 고덕천뷰굿,고품격커뮤니티,날자조율가능",고덕현대공인중개사사무소,매매,301,고,113.98,84.97,"230,000",0,0,2026-08-25
1500060287,41449143,"입주,숲세권뷰굿,조용한동,초역세권",고덕현대공인중개사사무소,매매,337,저,113.98,84.97,"240,000",0,0,2026-08-25
1500060287,41454781,"에풀, 채광좋은집, 상일동역초근접, 커뮤니티시설우수, 초품아",고덕굿모닝(437-6009)공인중개사사무소,매매,327,고,114.58,84.95,"235,000",0,0,2026-08-25
1500060287,41454789,"입주급매, 인기있는 b타입,로얄동층. 초품아, 상일동역세권, 엘베2대",고덕굿모닝(437-6009)공인중개사사무소,매매,312,중,114.35,84.93,"228,000",0,0,2026-08-25
1500060287,41452388,금터. 34P 초품아 트인조망 우수학군 우수커뮤니티시설,고덕그라시움금터부동산공인중개사사무소,매매,303,19,113.98,84.97,"230,000",0,0,2026-08-25
1500060287,41466988,트인뷰 역세권 초품아 시스템에어컨 중문 우수커뮤니티,파크자이(428-4270)공인중개사사무소,매매,303,19,113.98,84.97,"230,000",0,0,2026-08-25
1500060287,41478060,독일 강추. 아이 키우기 좋은 층. 주방 다용도실 넓게 빠진 인기 판상형,고덕독일489-4100공인중개사사무소,매매,304,저,114.14,84.94,"210,000",0,0,2026-08-25
1500060287,41464234,로얄층.채광굿.확트인뷰.시스템에어컨.최고급 커뮤니티,키움공인중개사사무소,매매,301,고,113.98,84.97,"230,000",0,0,2026-08-25
1500060287,41468766,아르테온 POINT 확트인뷰 입주 가능 해요,포인트공인중개사사무소,매매,303,19,113.98,84.97,"230,000",0,0,2026-08-25
1500060287,41464245,채광좋은 타입.빠른입주.전철역 상가 바로. 최상급 커뮤니티,키움공인중개사사무소,전세,331,저,114.58,84.95,0,"105,000",0,2026-08-25
1500060287,41449127,시원한전망뷰 채광좋은집 풀에어컨 초품아 입주협의,고덕스카이공인중개사,전세,304,고,114.35,84.93,0,"110,000",0,2026-08-25
1500060287,41449080,로얄동층 뷰공간좋음 햇살좋은집 시스템에어컨 커뮤니티우수,고덕스카이공인중개사,매매,304,12,114.14,84.94,"230,000",0,0,2026-08-25
1500060287,41449125,세안고매매 초역세권 풀에어컨 커뮤니티우수 초품아,고덕스카이공인중개사,매매,330,중,81.05,59.98,"195,000",0,0,2026-08-25
1500060287,41452420,금터. 25P 추천 로얄동층 밝고 환한 정남향 풀에어컨 채광굿 상태굿,고덕그라시움금터부동산공인중개사사무소,매매,310,고,81.05,59.98,"205,000",0,0,2026-08-25
1500060287,41442165,추천 탁트인시원한조망 선호타입 시스템에어컨,고덕선경(428-3939)공인중개사사무소,전세,304,고,176.11,84.93,0,"110,000",0,2026-08-25
1500060287,41442155,강추 귀한반전세 초초역세권 시스템에어컨,고덕선경(428-3939)공인중개사사무소,월세,332,고,124.70,59.98,0,"40,000",200,2026-08-25
1500060287,41442132,강추 입주 로얄동층 트인조망 정남향 초품아,고덕선경(428-3939)공인중개사사무소,매매,309,고,175.81,84.97,"232,000",0,0,2026-08-25
1500060287,41442120,강추 로얄동층 세안고 늦은입주가 정남향 채광우수,고덕선경(428-3939)공인중개사사무소,매매,319,고,0.00,59.98,"195,000",0,0,2026-08-25
1500060287,41441874,강추 입주 로얄동층 정남향 채광굿,고덕선경(428-3939)공인중개사사무소,매매,310,고,124.70,59.98,"205,000",0,0,2026-08-25
1500060287,41464243,확트인 스카이뷰.옵션굿.풀에어컨.상가 이용편리.최상급 커뮤니티,키움공인중개사사무소,월세,302,고,113.98,84.97,0,"32,000",330,2026-08-25
1500060287,41454779,"시스템에어컨, 초초역세권, 초품아, 커뮤니티굿, 조식서비스",고덕굿모닝(437-6009)공인중개사사무소,매매,326,중,114.58,84.95,"240,000",0,0,2026-08-25
1500060287,41452402,금터 34A 올 A급 컨디션 말이 필요없는 고층의 개방감 풀에어컨,고덕그라시움금터부동산공인중개사사무소,월세,302,고,113.98,84.97,0,"32,000",330,2026-08-25
1500060287,41464228,로얄동층.올 인테리어굿.풀에어컨.전철 상가 바로.최상급 커뮤니티,키움공인중개사사무소,매매,314,중,152.72,114.86,"285,000",0,0,2026-08-25
1500060287,41449162,"초역세권,남향,풀옵션,상태굿,앞트인뷰",고덕현대공인중개사사무소,매매,328,저,113.98,84.97,"210,000",0,0,2026-08-25
1500060287,41464244,로얄동층. 확트인  시원한뷰.전철 상가 바로.최상급커뮤니티,키움공인중개사사무소,월세,332,고,81.05,59.98,0,"40,000",200,2026-08-25
1500060287,41464231,단독. 추천.로얄동층.채광좋은 트인뷰.풀에어컨.커뮤니티 가까움,키움공인중개사사무소,매매,325,저,113.98,84.97,"245,000",0,0,2026-08-25
1500060287,41464252,채광굿.시원한 트인뷰.풀에어컨.전철 상가 이용편리.최상급커뮤니티,키움공인중개사사무소,전세,304,고,114.35,84.93,0,"110,000",0,2026-08-25
1500060287,41449100,입주가능로얄동 채광좋은정남향 판상형 시스템에어컨,고덕스카이공인중개사,매매,301,고,113.98,84.97,"230,000",0,0,2026-08-25
1500060287,41466789,단독   빠른입주협의가 로얄동층 융자무 트인조망 밝고환한집 시스템에어컨,고덕선경(428-3939)공인중개사사무소,월세,316,중,113.98,84.97,0,"70,000",160,2026-08-25
1500060287,41454807,"융무, 시스템에어컨, 초품아, 조식서비스, 세대지하창고, 우수커뮤",고덕굿모닝(437-6009)공인중개사사무소,월세,332,고,81.05,59.98,0,"40,000",200,2026-08-25
1500060287,41466994,풀에어컨 중문 역세권 세대창고 초품아 우수커뮤니티,파크자이(428-4270)공인중개사사무소,매매,319,고,113.98,84.97,"250,000",0,0,2026-08-25
1500060287,41449154,"채광 굿,남향, 입주, 풀에어컨 , 초품아, 고품격 커뮤니티",고덕현대공인중개사사무소,매매,301,저,113.98,84.97,"240,000",0,0,2026-08-25
1500060287,41464233,로얄동층.풀에어컨.풀옵션 좋음.전철역 바로.최상급 커뮤니티,키움공인중개사사무소,매매,326,중,114.58,84.95,"240,000",0,0,2026-08-25
1500060287,41449145,"입주정상,남향,채광굿,풀에어컨,상태굿,고품격커뮤니티",고덕현대공인중개사사무소,매매,314,중,152.72,114.86,"300,000",0,0,2026-08-25
1500060287,41439075,임대인 의뢰 집 상대 굿  정원 뷰 상가이용 편리,동서울부동산공인중개사사무소,전세,303,저,175.81,84.97,0,"115,000",0,2026-08-25
1500060287,41464235,로얄동.선호판상형.풀에어컨.공원뷰.전철역바로.최상급 커뮤니티,키움공인중개사사무소,매매,328,저,113.98,84.97,"210,000",0,0,2026-08-25
1500060287,41469796,STAR추천 예쁜정원뷰 선호평면 빌트인냉장고 시에풀 관리굿,스타공인중개사사무소,전세,303,저,114.58,84.95,0,"115,000",0,2026-08-25
1500060287,41446789,초품아.고덕천산책로인접.우수커뮤니티.상가인접,해피부동산공인중개사사무소,매매,301,고,113.98,84.97,"230,000",0,0,2026-08-25
1500060287,41452416,금터. 46P 급 추천 동간거리확보 정남향 고층채광굿 풀옵션,고덕그라시움금터부동산공인중개사사무소,매매,314,중,152.72,114.86,"285,000",0,0,2026-08-25
1500060287,41464217,풀옵션.인테리어굿.시원한뻥뷰.대단지 커뮤니티,키움공인중개사사무소,매매,302,18,113.98,84.97,"230,000",0,0,2026-08-25
1500060287,41449148,"층간소음없는 트인 뷰, 풀에어컨, 중문,  고품격 커뮤니티",고덕현대공인중개사사무소,월세,302,고,113.98,84.97,0,"32,000",330,2026-08-25
1500060287,41452422,금터. 25P 별동 상일동역 바로앞 채광통풍굿 우수커뮤니티,고덕그라시움금터부동산공인중개사사무소,매매,336,중,81.05,59.98,"200,000",0,0,2026-08-25
1500060287,41449146,"초역세권,남향,채광굿,초품아,편리한생활인프라",고덕현대공인중개사사무소,월세,332,고,81.05,59.98,0,"40,000",200,2026-08-25
1500060287,41470330,풀에어컨 정남향 밝고채광좋은집,고덕자이(441-0109)공인중개사사무소,매매,314,고,152.72,114.86,"300,000",0,0,2026-08-25
1500060287,41470324,시스템에어컨 상가 지하철 커뮤니티가까운동,고덕자이(441-0109)공인중개사사무소,월세,332,고,81.05,59.98,0,"40,000",200,2026-08-25
1500060287,41454806,"풀옵션, 넓은동간거리, 초품아, 초역세권, 커뮤니티우수, 지하세대창고",고덕굿모닝(437-6009)공인중개사사무소,월세,302,고,113.98,84.97,0,"32,000",330,2026-08-25
1500060287,41449167,"풀에어컨,타워형구조,초품아,편리한생활인프라",고덕현대공인중개사사무소,전세,304,고,114.35,84.93,0,"110,000",0,2026-08-25
1500060287,41466987,풀에어컨 초품아 대단지커뮤니티 세대창고,파크자이(428-4270)공인중개사사무소,전세,303,2,114.58,84.95,0,"115,000",0,2026-08-25
1500060287,41454787,"초역세권, 풀에어컨, 커뮤니티시설우수, 상가이용편리, 초품아",고덕굿모닝(437-6009)공인중개사사무소,매매,331,고,113.98,84.97,"250,000",0,0,2026-08-25
1500060287,41426888,트인뷰 풀인테리어 에어컨4 중문 우수커뮤니티 세대창고,파크자이(428-4270)공인중개사사무소,매매,302,18,113.98,84.97,"230,000",0,0,2026-08-24
1500060287,41487133,25p 집주인 단독 강추 입주매매 초역세권 고현초 시스템  중문 등,고덕리더스공인중개사사무소,매매,301,중,81.05,59.98,"192,000",0,0,2026-08-24
1500060287,41417861,별동.완전뻥숲뷰.로얄동호.초역세권.9호선더블역세권호재.세대창고,해피부동산공인중개사사무소,매매,339,고,113.98,84.97,"255,000",0,0,2026-08-24
1500060287,41402134,"단지내뷰 ,채광A급,시스템 에어컨,중문,커뮤니티 근접,세안고",센트럴부자공인중개사사무소,매매,304,저,114.14,84.94,"210,000",0,0,2026-08-24
1500060287,41422214,추천.채광좋은 확트인뷰. 풀에어컨.선호타입.초품아.최상급 커뮤니티,키움공인중개사사무소,매매,301,중,114.35,84.93,"230,000",0,0,2026-08-24
1500060287,41422437,"초역세권,로얄동층,풀에어컨,구조굿,상태굿,입주날자조율가능,강추",고덕현대공인중개사사무소,매매,318,고,114.35,84.93,"245,000",0,0,2026-08-24
1500060287,41487150,34p 강추 저렴한 급매 예쁜 정원뷰 역세권 다양한커뮤니티,고덕리더스공인중개사사무소,매매,304,저,114.14,84.94,"210,000",0,0,2026-08-24
1500060287,41417931,"선호평형, 시스템에어컨, 채광좋은집, 상일역초역세권, 세대창고, 우수커뮤",고덕굿모닝(437-6009)공인중개사사무소,매매,301,고,113.98,84.97,"228,000",0,0,2026-08-24
1500060287,41487155,46p  방4  정남향  채광굿 풀에어컨 정상입주,고덕리더스공인중개사사무소,매매,314,중,152.72,114.86,"280,000",0,0,2026-08-24
1500060287,41416694,"초품아, 역세권, 다양한커뮤니티, 주인세대거주입주",고덕숲공인중개사무소,매매,313,중,113.98,84.97,"245,000",0,0,2026-08-24
1500060287,41422211,큰평수.로얄동층.풀에어컨.확트인뷰.우수학군.최상급 커뮤니티,키움공인중개사사무소,매매,314,중,152.72,114.86,"280,000",0,0,2026-08-24
1500060287,41487149,34p 정남향 초역세권 주인거주 관리잘된집 트인뷰,고덕리더스공인중개사사무소,매매,328,중,113.98,84.97,"240,000",0,0,2026-08-24
1500060287,41417940,"에풀, 상일역초역세권, 커뮤니티우수, 세대지하창고, 초품아",고덕굿모닝(437-6009)공인중개사사무소,매매,330,중,81.05,59.98,"195,000",0,0,2026-08-24
1500060287,41421768,"귀한 대형평수  ,살기좋은 대단지역세권  남향 초품아 풀옵션 세안고매매",고덕거성공인중개사사무소,매매,314,중,152.72,114.86,"275,000",0,0,2026-08-24
1500060287,41426896,별동 숲뷰 역세권 시스템에어컨 우수커뮤니티 세대창고,파크자이(428-4270)공인중개사사무소,매매,337,저,113.98,84.97,"240,000",0,0,2026-08-24
1500060287,41404933,"34,풀옵션, 밝고 트인 뷰,고현초,교통편리,다양한커뮤니티,",고일공인중개사사무소,월세,302,고,113.98,84.97,0,"32,000",330,2026-08-24
1500060287,41427091,"커뮤니티최고시설,풀옵션,학세권고현초5분거리,정상입주",경성공인중개사사무소,월세,302,고,113.98,84.97,0,"32,000",330,2026-08-24
1500060287,41422914,입주 선호타입 시스템에어컨 초품아 채광굿  트인조망,고덕선경(428-3939)공인중개사사무소,매매,312,저,114.14,84.94,"235,000",0,0,2026-08-24
1500060287,41418482,아르테온뷰맛집 별동 입주협의 풀옵션 지하철1분 관리잘된세대,나이스공인중개사사무소,매매,339,고,113.98,84.97,"255,000",0,0,2026-08-24
1500060287,41402133,"시원하게 트인뷰  시,에,초품아,계절 창고,입주협의",센트럴부자공인중개사사무소,매매,336,중,81.05,59.98,"200,000",0,0,2026-08-24
1500060287,41487129,34p 로얄동 층 강추 입주 매매 중앙라인 시원한고층뷰 풀옵션,고덕리더스공인중개사사무소,매매,311,고,113.98,84.97,"250,000",0,0,2026-08-24
1500060287,41422430,"풀에어컨,채광굿,고품격커뮤니티,타워형구조,입주정상",고덕현대공인중개사사무소,매매,313,저,114.58,84.95,"235,000",0,0,2026-08-24
1500060287,41421767,초품아 숲세권 뻥뷰   로얄동  명문학군 9호선공사중 커뮤니티 입주,고덕거성공인중개사사무소,매매,339,고,113.98,84.97,"255,000",0,0,2026-08-24
1500060287,41487126,"34p 선호타입, 시원하게 트인뷰, 초등학교 인접, 컨디션 최상의 집",고덕리더스공인중개사사무소,매매,304,중,114.14,84.94,"230,000",0,0,2026-08-24
1500060287,41487146,34p 강추 입주매매 초역세권 초품아 풀에어컨 예쁜조경뷰 명품커뮤니티,고덕리더스공인중개사사무소,매매,316,중,114.58,84.95,"250,000",0,0,2026-08-24
1500060287,41429324,"뛰어라,풀에어컨,채광 좋은 트인뷰,로얄동층,커뮤니티 우수,상태 최상",뛰어라공인중개사사무소,매매,318,고,114.35,84.93,"245,000",0,0,2026-08-24
1500060287,41426900,정원뷰 입주매매 고현초품아 시스템에어컨 커뮤니티우수 세대창고,파크자이(428-4270)공인중개사사무소,매매,304,저,114.14,84.94,"210,000",0,0,2026-08-24
1500060287,41426893,별동 숲뷰 역세권 시스템에어컨 중문 우수커뮤니티 세대창고,파크자이(428-4270)공인중개사사무소,매매,339,중,114.14,84.94,"260,000",0,0,2026-08-24
1500060287,41422201,별동.환상적 파노라마뷰.옵션굿.시스템에어컨.최상급 커뮤니티,키움공인중개사사무소,매매,339,중,114.14,84.94,"260,000",0,0,2026-08-24
1500060287,41429326,"뛰어라,융자무,로얄동층,햇살 좋은 트인 뷰,고일 초,우수 커뮤니티",뛰어라공인중개사사무소,월세,332,고,81.05,59.98,0,"40,000",200,2026-08-24
1500060287,41422435,"로얄동층 입주매매, 시스템에어컨, 트인전망, 고품격 커뮤니티",고덕현대공인중개사사무소,매매,316,중,113.98,84.97,"240,000",0,0,2026-08-24
1500060287,41487147,25p 초역세권 트인뷰 풀옵션 고현초인접동,고덕리더스공인중개사사무소,매매,336,중,81.05,59.98,"200,000",0,0,2026-08-24
1500060287,41487121,34p 강추 입주매매 역세권 확트인 고층뷰 9호선호재 시스템에어컨,고덕리더스공인중개사사무소,매매,303,19,113.98,84.97,"230,000",0,0,2026-08-24
1500060287,41487171,34p 강추 별동 파노라마 숲뷰 초역세권 로얄동층,고덕리더스공인중개사사무소,전세,339,저,114.35,84.93,0,"110,000",0,2026-08-24
1500060287,41487175,34p 로얄동 층 예쁜 석화산 수변뷰 초역세권1분 시원하게트인 뷰 풀옵션,고덕리더스공인중개사사무소,매매,320,중,114.35,84.93,"250,000",0,0,2026-08-24
1500060287,41431599,급매 트인조망 채광조은 세대지하창고 커뮤니티우수,조은동네부동산426-9800공인중개사사무소,매매,304,저,114.14,84.94,"210,000",0,0,2026-08-24
1500060287,41417860,별동.힐링숲뷰.로얄동호.초역세권.9호선더블역세권호재.세대창고,해피부동산공인중개사사무소,매매,338,중,113.98,84.97,"270,000",0,0,2026-08-24
1500060287,41422431,"앞트인뷰,상태굿,채광굿,고품격커뮤니티,초품아",고덕현대공인중개사사무소,매매,303,중,113.98,84.97,"230,000",0,0,2026-08-24
1500060287,41422917,추천 별동 선호타입 풀옵션 뻥트인숲조망,고덕선경(428-3939)공인중개사사무소,전세,339,저,114.35,84.93,0,"110,000",0,2026-08-24
1500060287,41417862,별동.힐링숲뷰.초역세권.9호선더블역세권호재.세대창고.우수커뮤니티,해피부동산공인중개사사무소,매매,337,저,113.98,84.97,"240,000",0,0,2026-08-24
1500060287,41487176,34p 강추  입주매매 로얄동 층 초역세권 풀옵션,고덕리더스공인중개사사무소,매매,309,중,113.98,84.97,"250,000",0,0,2026-08-24
1500060287,41487127,34p 최고 로얄동 층 초역세권 중앙 확트인뷰 커뮤니티동 넓고 쾌적한라인,고덕리더스공인중개사사무소,매매,318,고,114.35,84.93,"245,000",0,0,2026-08-24
1500060287,41433278,층간소음걱정없는집. 채광좋아요. 조용해요.,이화공인중개사,매매,328,저,113.98,84.97,"210,000",0,0,2026-08-24
1500060287,41422424,"풀옵션,단지정원뷰,고품격커뮤니티,선호하는구조",고덕현대공인중개사사무소,전세,303,2,114.58,84.95,0,"115,000",0,2026-08-24
1500060287,41422436,"초역세권, 풀옵션, 전망굿, 고품격 커뮤니티,세안고",고덕현대공인중개사사무소,매매,330,중,81.05,59.98,"195,000",0,0,2026-08-24
1500060287,41487128,46p 강추 입주매매 럭셔리 인테리어 풀옵션 정남향,고덕리더스공인중개사사무소,매매,314,중,152.72,114.86,"285,000",0,0,2026-08-24
1500060287,41426895,역세권 정남향 트인뷰 풀옵션 우수커뮤니티 세대창고,파크자이(428-4270)공인중개사사무소,매매,328,저,113.98,84.97,"210,000",0,0,2026-08-24
1500060287,41422912,강추 입주협의가 파노라마숲조망 밝고환한집 시스템에어컨,고덕선경(428-3939)공인중개사사무소,전세,339,중,113.98,84.97,0,"110,000",0,2026-08-24
1500060287,41426163,입주협의.상일동역초역세.판상형구조.에풀.집상태굿,루나리움미사오(031-793-4499)공인중개사사무소,매매,331,중,113.98,84.97,"250,000",0,0,2026-08-24
1500060287,41487151,34p 초역세권  브로폴리 숲뷰 풀에어컨   예쁜조경  생활편리동,고덕리더스공인중개사사무소,매매,337,고,113.98,84.97,"260,000",0,0,2026-08-24
1500060287,41487177,46p 강추 정원 트인뷰 초역세권 초품아 풀옵션 입주매매,고덕리더스공인중개사사무소,매매,320,중,152.72,114.86,"310,000",0,0,2026-08-24
1500060287,41422443,"별동,숲세권뷰굿,최상급매물,초역세권,풀에어컨,강추",고덕현대공인중개사사무소,매매,338,저,113.98,84.97,"250,000",0,0,2026-08-24
1500060287,41402128,"전면 트인뷰,시,에,실용적이고 다양한 커뮤니티,계절 창고  입주 협의",센트럴부자공인중개사사무소,매매,303,중,113.98,84.97,"230,000",0,0,2026-08-24
1500060287,41426898,별동 공원뷰 역세권 우수커뮤니티 세대창고,파크자이(428-4270)공인중개사사무소,매매,336,중,81.05,59.98,"200,000",0,0,2026-08-24
1500060287,41422425,"초역세권,편리한생활인프라,상태굿,앞트인뷰,입주정상",고덕현대공인중개사사무소,매매,336,중,81.05,59.98,"200,000",0,0,2026-08-24
1500060287,41487132,25p 추천 단독 초역세권 도보1분 트인뷰 고층뷰  풀에어컨 우수한커뮤니,고덕리더스공인중개사사무소,매매,334,고,81.05,59.98,"205,000",0,0,2026-08-24
1500060287,41421770,대단지역세권 초품아 커뮤니티 9호선공사중 옵션좋고 입주가능,고덕거성공인중개사사무소,매매,327,고,114.58,84.95,"235,000",0,0,2026-08-24
1500060287,41426897,별동숲뷰 풀에어컨 역세권 9호선수혜 우수커뮤니티 세대창고,파크자이(428-4270)공인중개사사무소,매매,337,고,113.98,84.97,"255,000",0,0,2026-08-24
1500060287,41426891,풀에어컨 중문 역세권 세대창고 초품아 우수커뮤니티,파크자이(428-4270)공인중개사사무소,매매,323,저,114.35,84.93,"235,000",0,0,2026-08-24
1500060287,41487154,,고덕리더스공인중개사사무소,매매,314,고,152.72,114.86,"280,000",0,0,2026-08-24
1500060287,41411262,별동 역가까운동,고덕자이(441-0109)공인중개사사무소,매매,336,중,81.05,59.98,"200,000",0,0,2026-08-24
1500060287,41487174,34p 세안고 매매  관리 잘된 집  트인뷰 정원뷰 고현초 초역세권,고덕리더스공인중개사사무소,매매,317,저,113.98,84.97,"230,000",0,0,2026-08-24
1500060287,41422439,"입주정상,로얄동층,남향,채광굿,중앙분수뷰굿,풀옵션,초역세권,최상급매물",고덕현대공인중개사사무소,매매,319,고,113.98,84.97,"250,000",0,0,2026-08-24
1500060287,41422441,"입주정상,채광 굿, 확트인 뷰, 인기타입, 고품격 커뮤니티,초품아",고덕현대공인중개사사무소,매매,305,고,114.35,84.93,"230,000",0,0,2026-08-24
1500060287,41422916,입주매물  로얄동층 정남향 채광굿 시스템에어컨 초품아 ,고덕선경(428-3939)공인중개사사무소,매매,310,고,81.05,59.98,"205,000",0,0,2026-08-24
1500060287,41487130,"34p 입주매매 초역세권 풀에어컨, 채광굿, 트인뷰,초역세권 고현초인접",고덕리더스공인중개사사무소,매매,323,저,114.14,84.94,"250,000",0,0,2026-08-24
1500060287,41421766,초품아 숲세권 뻥뷰   로얄동  명문학군 9호선공사중 커뮤니티,고덕거성공인중개사사무소,전세,339,고,113.98,84.97,0,"110,000",0,2026-08-24
1500060287,41487172,34p 별동 파노라마 숲뷰  풀옵션 입주매매,고덕리더스공인중개사사무소,매매,339,중,113.98,84.97,"255,000",0,0,2026-08-24
1500060287,41422440,"초역세권,타워형구조,풀옵션,수납공간많음,입주정상,강추",고덕현대공인중개사사무소,매매,327,고,114.58,84.95,"235,000",0,0,2026-08-24
1500060287,41487148,34p  초역세권 채광좋은 밝고환한 집 선호타입 풀에어컨,고덕리더스공인중개사사무소,매매,312,저,114.14,84.94,"240,000",0,0,2026-08-24
1500060287,41392907,입주 로얄동 안정적인단지조망 컨디션굿,고덕선경(428-3939)공인중개사사무소,매매,312,저,175.91,84.94,"235,000",0,0,2026-08-24
1500060287,41392881,강추 초초역세권 빠른입주협의가 상권이용편리,고덕선경(428-3939)공인중개사사무소,전세,331,저,176.35,84.95,0,"105,000",0,2026-08-24
1500060287,41392872,늦은입주가 트인조망 채광굿 시스템에어컨 관리잘된세대,고덕선경(428-3939)공인중개사사무소,매매,301,중,124.70,59.98,"192,000",0,0,2026-08-24
1500060287,41392856,추천 귀한반전세 로얄동층 트인조망 초품아 융무,고덕선경(428-3939)공인중개사사무소,월세,316,중,175.81,84.97,0,"70,000",160,2026-08-24
1500060287,41487153,46p 귀한대평 매매 로얄동 층 초역세권 트인 정남향뷰 최고입지 더블역,고덕리더스공인중개사사무소,매매,314,저,152.72,114.86,"290,000",0,0,2026-08-24
1500060287,41422429,"단독,풀에어컨,시원하게트인뷰굿,상태굿,고품격커뮤니티,강추",고덕현대공인중개사사무소,매매,313,고,113.98,84.97,"240,000",0,0,2026-08-24
1500060287,41422433,"로얄동층,타워형구조,채광굿,초품아,고품격커뮤니티",고덕현대공인중개사사무소,매매,312,중,114.35,84.93,"228,000",0,0,2026-08-24
1500060287,41427090,"커뮤니티최고시설, 시스템 에어컨, 역세권, 정상입주",경성공인중개사사무소,월세,332,고,81.05,59.98,0,"40,000",200,2026-08-24
1500060287,41417938,"별동,상일동역초역세권 숲뷰,시스템에어컨, 세대창고, 입주매매 우수커뮤니티",고덕굿모닝(437-6009)공인중개사사무소,매매,337,저,113.98,84.97,"240,000",0,0,2026-08-24
1500060287,41487131,34p 초역세권 밝고환한집 선호평면 엘베2 고현초,고덕리더스공인중개사사무소,매매,312,중,114.35,84.93,"228,000",0,0,2026-08-24
1500060287,41487173,25P 귀한 전세 융무 초역세권 풀에어컨,고덕리더스공인중개사사무소,전세,322,저,81.05,59.98,0,"90,000",0,2026-08-24
1500060287,41422442,"세안고매매,남향,채광굿,뷰굿,방4개 넉넉한구조,고품격커뮤니티",고덕현대공인중개사사무소,매매,314,중,152.72,114.86,"275,000",0,0,2026-08-24
1500060287,41487144,34p 로얄동 층 브로콜리 숲뷰 풀옵션 초역세권 다양한커뮤니티동,고덕리더스공인중개사사무소,매매,337,저,113.98,84.97,"240,000",0,0,2026-08-24
1500060287,41426890,풀에어컨 트인뷰 풀옵션 우수커뮤니티 세대창고 고현초,파크자이(428-4270)공인중개사사무소,매매,312,저,114.14,84.94,"240,000",0,0,2026-08-24
1500060287,41426894,별동 공원전망 역세권 풀에어컨 중문 우수커뮤니티,파크자이(428-4270)공인중개사사무소,매매,338,저,113.98,84.97,"250,000",0,0,2026-08-24
1500060287,41408348,금터. 46P  급추천 세안고 대형평형 방4 정남향 풀옵션,고덕그라시움금터부동산공인중개사사무소,매매,314,중,152.72,114.86,"275,000",0,0,2026-08-24
1500060287,41487122,34p 확트인 고층 산뷰 초역세권 남향  단지내초등학교 다양한 커뮤니티,고덕리더스공인중개사사무소,매매,331,29,113.98,84.97,"250,000",0,0,2026-08-24
1500060287,41422212,추천.로얄동층.채광좋은 확트인뷰.전철 상가바로.최상급 커뮤니티,키움공인중개사사무소,매매,327,고,114.58,84.95,"235,000",0,0,2026-08-24
1500060287,41487143,34p 선호하는타입 남향 고층뷰 파노라마숲뷰 초역세권 풀옵션 세안고,고덕리더스공인중개사사무소,매매,339,중,114.14,84.94,"260,000",0,0,2026-08-24
1500060287,41422432,"풀에어컨,채광굿,상태굿,고품격커뮤니티,편리한생활인프라",고덕현대공인중개사사무소,매매,302,고,113.98,84.97,"230,000",0,0,2026-08-24
1500060287,41417968,에어컨풀 초품아 커뮤니티시설우수 지하세대창고,고덕굿모닝(437-6009)공인중개사사무소,전세,304,고,114.35,84.93,0,"110,000",0,2026-08-24
1500060287,41390265,금터. 34D 귀한 전세매물 풀에어컨 안정적인뷰 초품아 등교편,고덕그라시움금터부동산공인중개사사무소,전세,303,2,176.35,84.95,0,"115,000",0,2026-08-24
1500060287,41487184,34p 강추 입주 매매 초역세권 숲뷰 영구조망 전망채광굿 풀옵션,고덕리더스공인중개사사무소,매매,338,저,113.98,84.97,"250,000",0,0,2026-08-22
1500060287,41362199,"34,풀옵션, 밝고 트인 뷰,고현초,교통편리,다양한커뮤니티,",고일공인중개사사무소,매매,302,18,113.98,84.97,"240,000",0,0,2026-08-22
1500060287,41341699,금터. 25P 별동 상일동역 바로앞 채광통풍굿 우수커뮤니티,고덕그라시움금터부동산공인중개사사무소,매매,336,중,81.05,59.98,"200,000",0,0,2026-08-22
1500060287,41378029,STAR추천 시에풀 로얄동층 초역세권 커뮤니티이용편리 선호평면,스타공인중개사사무소,매매,326,중,114.58,84.95,"240,000",0,0,2026-08-22
1500060287,41372795,확트인 전망.로얄층.전철역 바로.초품아.대단지 커뮤니티,키움공인중개사사무소,매매,311,고,113.98,84.97,"250,000",0,0,2026-08-22
1500060287,41378541,채광굿 트인뷰  고품격 커뮤니티 초품아,고덕자이(441-0109)공인중개사사무소,매매,305,고,114.35,84.93,"230,000",0,0,2026-08-22
1500060287,41372808,별동.집상태 아주좋음.숲세권 파노라마뷰.풀에어컨.초역세권,키움공인중개사사무소,매매,337,고,113.98,84.97,"255,000",0,0,2026-08-22
1500060287,41487193,34p 강추 초초역세권  최고 로얄동 풀옵션 전망 좋은 집,고덕리더스공인중개사사무소,매매,326,중,114.58,84.95,"240,000",0,0,2026-08-22
1500060287,41378542,정남향 햇살좋은집,고덕자이(441-0109)공인중개사사무소,매매,301,고,113.98,84.97,"230,000",0,0,2026-08-22
1500060287,41487188,34p 역세권 풀옵션 입주일협의 우수한 커뮤니티 트인고덕천 뷰 정남향,고덕리더스공인중개사사무소,매매,301,고,113.98,84.97,"230,000",0,0,2026-08-22
1500060287,41358598,"싱그러운 숲세권,전망좋은 햇살가득한 집,초역세권,선호동,로얄층",뛰어라공인중개사사무소,매매,338,저,113.98,84.97,"250,000",0,0,2026-08-22
1500060287,41378545,숲뷰전망 역가까운동,고덕자이(441-0109)공인중개사사무소,매매,339,중,114.14,84.94,"260,000",0,0,2026-08-22
1500060287,41358857,"정상입주,고덕천뷰굿,구조좋음,풀옵션,고품격커뮤니티",고덕현대공인중개사사무소,매매,301,중,114.35,84.93,"230,000",0,0,2026-08-22
1500060287,41378025,STAR추천 탁트인뷰 시에4 중문 김치냉장고 인덕션 관리굿,스타공인중개사사무소,월세,302,고,113.98,84.97,0,"32,000",330,2026-08-22
1500060287,41378015,STAR추천 고덕천뷰 탁트인뷰 시에풀 관리굿 입주매매,스타공인중개사사무소,매매,301,고,113.98,84.97,"230,000",0,0,2026-08-22
1500060287,41487199,34p 강추 입주매매 정중앙  정원뷰 조망 최상 관리잘된집,고덕리더스공인중개사사무소,매매,318,중,114.35,84.93,"250,000",0,0,2026-08-22
1500060287,41358813,초역세권 로얄동층 풀에어컨 커뮤니티최상 초품아,고덕스카이공인중개사,매매,323,저,114.14,84.94,"250,000",0,0,2026-08-22
1500060287,41375268,트인뷰 입주매매 고덕천뷰 풀에어컨 초품아 우수커뮤니티,파크자이(428-4270)공인중개사사무소,매매,301,고,113.98,84.97,"230,000",0,0,2026-08-22
1500060287,41375264,원목마루 풀에어컨 고급마감재 실링팬 대단지커뮤니티 세대창고,파크자이(428-4270)공인중개사사무소,매매,314,중,152.72,114.86,"285,000",0,0,2026-08-22
1500060287,41378543,초역세권   편의시설 편리  풀에어컨,고덕자이(441-0109)공인중개사사무소,매매,301,중,114.35,84.93,"230,000",0,0,2026-08-22
1500060287,41378538,올리모델링 풀에어컨,고덕자이(441-0109)공인중개사사무소,매매,302,18,113.98,84.97,"240,000",0,0,2026-08-22
1500060287,41362200,"34,별동,숲 파노라마뷰, 풀옵션,다양한커뮤니티,",고일공인중개사사무소,매매,339,중,114.14,84.94,"260,000",0,0,2026-08-22
1500060287,41378031,STAR추천 고덕천뷰 탁트인뷰 시에풀 관리굿 입주매매,스타공인중개사사무소,매매,303,중,113.98,84.97,"230,000",0,0,2026-08-22
1500060287,41375081,"커뮤니티최고시설,풀옵션,학세권고현초5분거리,정상입주",경성공인중개사사무소,매매,302,18,113.98,84.97,"230,000",0,0,2026-08-22
1500060287,41372828,채광좋은 선호타입.채광굿.확트인 고층뷰.초품아.대단지 커뮤니티,키움공인중개사사무소,매매,303,19,113.98,84.97,"230,000",0,0,2026-08-22
1500060287,41372809,로얄동층.풀에어컨.채광좋은 선호타입.커뮤니티 바로. 전철 상가 바로,키움공인중개사사무소,매매,317,고,114.14,84.94,"240,000",0,0,2026-08-22
1500060287,41378544,입주 중앙라인  채광좋은집 트인뷰,고덕자이(441-0109)공인중개사사무소,매매,311,고,113.98,84.97,"250,000",0,0,2026-08-22
1500060287,41358817,추천 별동 초역세권 시원한뷰 판상형 숲세권,고덕스카이공인중개사,매매,336,중,81.05,59.98,"200,000",0,0,2026-08-22
1500060287,41487196,25p 강추 로얄동 층 입주매매 초역세권 집상태최상 채광굿 밝고환한집,고덕리더스공인중개사사무소,매매,330,저,81.05,59.98,"210,000",0,0,2026-08-22
1500060287,41358597,뛰어라.올인테리어. 풀옵션.에어컨4대. 밝고 환한집.입주매물.,뛰어라공인중개사사무소,매매,302,고,113.98,84.97,"230,000",0,0,2026-08-22
1500060287,41487189,34p 로얄동 층 풀옵션 초역세권 트인뷰 고현 초 다양한커뮤니티,고덕리더스공인중개사사무소,매매,301,중,114.35,84.93,"230,000",0,0,2026-08-22
1500060287,41375253,트인뷰 역세권 초품아 시스템에어컨 중문 우수커뮤니티,파크자이(428-4270)공인중개사사무소,매매,304,12,114.14,84.94,"230,000",0,0,2026-08-22
1500060287,41372790,채광좋은 남향 선호타입.시스테에어컨.전철 상가 바로.최상급 커뮤니티,키움공인중개사사무소,매매,304,12,114.14,84.94,"230,000",0,0,2026-08-22
1500060287,41487185,34p 강추 정상 입주 정남향 역세권 풀옵션 확트인 고층뷰,고덕리더스공인중개사사무소,매매,302,고,113.98,84.97,"230,000",0,0,2026-08-22
1500060287,41378030,STAR추천 트인뷰 로얄동 초역세권 집상태최상 정원뷰 커뮤니티이용편리,스타공인중개사사무소,매매,325,중,114.58,84.95,"240,000",0,0,2026-08-22
1500060287,41487186,34p 강추 컨디션 최상 입주매매 풀인테리어 옵션 트인뷰,고덕리더스공인중개사사무소,매매,302,고,113.98,84.97,"240,000",0,0,2026-08-22
1500060287,41341695,금터. 34C 추천 로얄동층 커뮤니티우수  풀에어컨 상태굿 채광굿 초품아,고덕그라시움금터부동산공인중개사사무소,매매,312,저,114.14,84.94,"235,000",0,0,2026-08-22
1500060287,41358841,초역세권 로얄동층 풀에어컨 커뮤니티연결동 초품아,고덕스카이공인중개사,매매,318,고,114.35,84.93,"245,000",0,0,2026-08-22
1500060287,41361519,금터 46P 단독 가장 큰 타입 A급 컨디션 시에6 식세기등풀옵  손님만,고덕그라시움금터부동산공인중개사사무소,전세,314,고,152.72,114.86,0,"145,000",0,2026-08-22
1500060287,41375263,로얄동호 풀에어컨 중문 역세권 세대창고 초품아 우수커뮤니티,파크자이(428-4270)공인중개사사무소,매매,318,중,114.35,84.93,"250,000",0,0,2026-08-22
1500060287,41378028,STAR추천 시에풀 트인뷰 멋진공원뷰 정남향 아이키우기좋은집,스타공인중개사사무소,매매,328,저,113.98,84.97,"210,000",0,0,2026-08-22
1500060287,41358859,"초역세권, 로얄동, 입주, 풀에어컨, 채광좋은  트인 뷰",고덕현대공인중개사사무소,매매,326,중,114.58,84.95,"240,000",0,0,2026-08-22
1500060287,41487183,34p 세안고 늦은입주 초역세권 도보1분 풀옵션,고덕리더스공인중개사사무소,매매,330,중,81.05,59.98,"195,000",0,0,2026-08-22
1500060287,41358599,"중앙통로로얄동,로얄층,트인뷰, 고현초인접동, 풀에어컨,관리잘된 집",뛰어라공인중개사사무소,매매,311,고,113.98,84.97,"250,000",0,0,2026-08-22
1500060287,41375094,"커뮤니티최고시설,풀옵션,학세권고일초5분거리,정상입주",경성공인중개사사무소,매매,328,저,113.98,84.97,"210,000",0,0,2026-08-22
1500060287,41378014,STAR추천 시에풀 예쁜정원뷰 고현초1분컷 깔끔,스타공인중개사사무소,매매,306,저,114.58,84.95,"240,000",0,0,2026-08-22
1500060287,41487194,34p 강추 로얄동 층 확트인뷰 역세권 고현초 명품커뮤니티,고덕리더스공인중개사사무소,매매,305,고,114.35,84.93,"230,000",0,0,2026-08-22
1500060287,41358600,"뛰어라, 풀에어컨, 정남향, 정상입주, 방4개, 중문, 팬트리",뛰어라공인중개사사무소,매매,314,중,152.72,114.86,"280,000",0,0,2026-08-22
1500060287,41487192,34p 강추 입주매매 로얄동층 역세권 시원한 고층뷰 풀옵션,고덕리더스공인중개사사무소,매매,317,고,114.14,84.94,"240,000",0,0,2026-08-22
1500060287,41375267,트인뷰 채광굿 에4대 고덕천뷰 세대창고 초품아,파크자이(428-4270)공인중개사사무소,매매,301,중,114.35,84.93,"230,000",0,0,2026-08-22
1500060287,41378026,STAR추천 별동 초역세권 상일동역1분컷 더블역세권,스타공인중개사사무소,매매,336,중,81.05,59.98,"200,000",0,0,2026-08-22
1500060287,41375082,"커뮤니티최고시설,풀옵션,학세권,정상입주",경성공인중개사사무소,전세,303,2,114.58,84.95,0,"115,000",0,2026-08-22
1500060287,41372796,별동.풀에어컨.풀옵션. 숲속뷰 최상. 전철역바로.우수 생활권,키움공인중개사사무소,매매,337,저,113.98,84.97,"250,000",0,0,2026-08-22
1500060287,41367053,동생네집.관리상태 최상. 초록초록 휠링뷰.,이화공인중개사,매매,337,저,113.98,84.97,"240,000",0,0,2026-08-22
1500060287,41487187,34p 최고로얄 동층  입주매매  풀옵션 초역세권 예쁜 수변정원 뷰,고덕리더스공인중개사사무소,매매,319,고,113.98,84.97,"250,000",0,0,2026-08-22
1500060287,41487191,34p 강추 초역세권 상가 상일역가까운 밝고 환한집 풀옵션,고덕리더스공인중개사사무소,매매,331,중,113.98,84.97,"240,000",0,0,2026-08-22
1500060287,41378027,STAR추천 에어컨 예쁜정원뷰 입주매매 세안고 협의,스타공인중개사사무소,매매,304,저,114.14,84.94,"210,000",0,0,2026-08-22
1500060287,41487197,25p 강추 최고 로얄동 층 초역세권 주인거주 예쁜 정원 뷰 관리잘된집,고덕리더스공인중개사사무소,매매,310,고,81.05,59.98,"205,000",0,0,2026-08-22
1500060287,41356583,조건협의.초품아.초역세권 로얄동호.풀에어컨,해피부동산공인중개사사무소,매매,326,중,114.58,84.95,"240,000",0,0,2026-08-22
1500060287,41358818,역세권 로얄동 공원뷰 아이키우기좋음 커뮤니티우수 초품아,고덕스카이공인중개사,매매,328,저,113.98,84.97,"210,000",0,0,2026-08-22
1500060287,41341692,금터 25A  놓쳐선 안될 로얄동 로얄층 특옵션 늦은입주 문열면 지하철,고덕그라시움금터부동산공인중개사사무소,매매,330,중,81.05,59.98,"195,000",0,0,2026-08-22
1500060287,41375265,로얄동층 시스템에어컨. 역세권 초품아 우수 커뮤니티 세대창고,파크자이(428-4270)공인중개사사무소,매매,311,고,113.98,84.97,"250,000",0,0,2026-08-22
1500060287,41487200,34p 로얄동층 풀옵션 최고입지 채광굿 예쁜 연못뷰,고덕리더스공인중개사사무소,매매,319,고,113.98,84.97,"250,000",0,0,2026-08-22
1500060287,41487190,34p 강추 정남향  입주매매  초역세권 밝고환한집 탁트인 공원뷰,고덕리더스공인중개사사무소,매매,328,저,113.98,84.97,"210,000",0,0,2026-08-22
1500060287,41341736,금터. 34P 초역세권 로얄동층 채광좋은 밝은집 풀에어컨,고덕그라시움금터부동산공인중개사사무소,매매,325,중,114.58,84.95,"240,000",0,0,2026-08-21
1500060287,41323673,세안고 아이키우기 좋은집 입니다,대일공인중개사사무소,매매,304,저,114.14,84.94,"210,000",0,0,2026-08-21
1500060287,41341738,금터. 34P 시스템에어컨풀 중문 지하철상가바로앞 인프라이용편리,고덕그라시움금터부동산공인중개사사무소,매매,331,중,113.98,84.97,"240,000",0,0,2026-08-21
1500060287,41341735,금터. 46P 급 추천 동간거리확보 정남향 고층채광굿 풀옵션,고덕그라시움금터부동산공인중개사사무소,매매,314,중,152.72,114.86,"285,000",0,0,2026-08-21
1500060287,41331895,아르테온뷰맛집 별동 입주협의 풀옵션 지하철1분 관리잘된세대,나이스공인중개사사무소,매매,339,고,113.98,84.97,"255,000",0,0,2026-08-21
1500060287,41339085,트인뷰 시스템에어컨 초품아,고덕자이(441-0109)공인중개사사무소,전세,303,2,114.58,84.95,0,"115,000",0,2026-08-21
1500060287,41341737,금터. 34A  특별한 가치 프라이빗한 숲뷰 선호동 선호평면 문열면지하철,고덕그라시움금터부동산공인중개사사무소,매매,337,저,113.98,84.97,"240,000",0,0,2026-08-21
1500060287,41341741,금터. 34C 강추  초품아 밝고 따뜻한 채광  상태굿,고덕그라시움금터부동산공인중개사사무소,매매,304,저,114.14,84.94,"210,000",0,0,2026-08-21
1500060287,41341739,금터. 34B  채광좋은 트인뷰  깔끔관리 초역세권,고덕그라시움금터부동산공인중개사사무소,매매,305,고,114.35,84.93,"230,000",0,0,2026-08-21
1500060287,41327873,탁트인조망 풀옵션 선호타입 우수한커뮤니티  초역세권,고덕선경(428-3939)공인중개사사무소,전세,304,고,114.35,84.93,0,"110,000",0,2026-08-21
1500060287,41328249,"입주정상,정남향,채광굿,풀에어컨,방4개 넉넉한구조,강추",고덕현대공인중개사사무소,매매,314,중,152.72,114.86,"280,000",0,0,2026-08-21
1500060287,41328451,채광좋은 확트인뷰.풀에어컨.선호타입.전철역 상가바로.최상급 커뮤니티,키움공인중개사사무소,매매,312,저,114.14,84.94,"240,000",0,0,2026-08-21
1500060287,41328454,막힘없는 확트인뷰. 풀에어컨.우수 생활권.전철상가 바로.최상급커뮤니티,키움공인중개사사무소,매매,301,고,113.98,84.97,"230,000",0,0,2026-08-21
1500060287,41341744,금터. 25P 추천 로얄동층 밝고 환한 정남향 풀에어컨 채광굿 상태굿,고덕그라시움금터부동산공인중개사사무소,매매,310,고,81.05,59.98,"205,000",0,0,2026-08-21
1500060287,41341703,금터. 34P 실입주  풀옵션 에어컨4 중문 고급인테리어,고덕그라시움금터부동산공인중개사사무소,매매,302,18,113.98,84.97,"230,000",0,0,2026-08-21
1500060287,41323675,최고동 트인뷰초품아 상일역근거리 조정가 좋은집 입니다,대일공인중개사사무소,매매,321,고,81.05,59.98,"195,000",0,0,2026-08-21
1500060287,41341710,금터. 34A 보시면 반할 똘똘한 한채 석가산 호수 뷰가 예술 조망이대세,고덕그라시움금터부동산공인중개사사무소,매매,319,고,113.98,84.97,"250,000",0,0,2026-08-21
1500060287,41341740,금터. 34P 시원하게 탁트인 고덕천뷰 풀에어컨 고품격커뮤니티 초품아,고덕그라시움금터부동산공인중개사사무소,매매,301,고,113.98,84.97,"230,000",0,0,2026-08-21
1500060287,41321681,"뛰어라. 입주, 판상형,트인뷰,시스템에어, 중문, 편리한 커뮤니티",뛰어라공인중개사사무소,매매,303,19,113.98,84.97,"230,000",0,0,2026-08-21
1500060287,41321686,"뛰어라,풀옵션,중문,인테리어 예쁜 상태 좋은 집,중문,트인뷰,세대창고",뛰어라공인중개사사무소,매매,302,고,113.98,84.97,"230,000",0,0,2026-08-21
1500060287,41327875,입주협의가 뻥트인조망 채광굿 관리잘된세대 풀옵션,고덕선경(428-3939)공인중개사사무소,월세,302,고,113.98,84.97,0,"32,000",330,2026-08-21
1500060287,41341704,금터. 34P 초품아 트인조망 우수학군 우수커뮤니티시설,고덕그라시움금터부동산공인중개사사무소,매매,303,19,113.98,84.97,"230,000",0,0,2026-08-21
1500060287,41341742,금터. 34P 초역세권 초품아 우수학군 풀에어컨 풀옵션 아이키우기좋은집,고덕그라시움금터부동산공인중개사사무소,매매,328,저,113.98,84.97,"210,000",0,0,2026-08-21
1500060287,41331897,독일 강추. 지하철과 가까운 로얄동으로 선호도 좋은 타워형 집입니다.,고덕독일489-4100공인중개사사무소,매매,323,저,114.35,84.93,"235,000",0,0,2026-08-21
1500060287,41341725,"금터. 34P 인기타입 밝고 환한 트인뷰 풀에어컨 초역세권, 상가이용편리",고덕그라시움금터부동산공인중개사사무소,매매,326,중,114.58,84.95,"240,000",0,0,2026-08-21
1500060287,41321687,"뛰어라,46p,남향,원목마루,조명 등 고급 인테리어,시.에,상태최상",뛰어라공인중개사사무소,매매,314,중,152.72,114.86,"285,000",0,0,2026-08-21
1500060287,41293043,"세안고매매,구조좋음,초품아,편리한생활인프라",고덕현대공인중개사사무소,매매,304,저,114.14,84.94,"210,000",0,0,2026-08-20
1500060287,41297261,역세권 에어컨풀 중문 대단지 우수커뮤니티 세대창고,파크자이(428-4270)공인중개사사무소,매매,331,29,113.98,84.97,"250,000",0,0,2026-08-20
1500060287,41300026,"입주매매,올확장,정남향의 채광좋은 집",단지내이레(443-6606)공인중개사사무소,매매,304,중,114.14,84.94,"230,000",0,0,2026-08-20
1500060287,41299553,뛰어라. 34 별동 초역세권. 완전 숲뷰. 입주매매 풀옵션,뛰어라공인중개사사무소,매매,339,고,113.98,84.97,"255,000",0,0,2026-08-20
1500060287,41267183,"정남향,풀옵션,계절 창고 ,편리하고 다양한 커뮤니티,입주협의",센트럴부자공인중개사사무소,매매,328,저,113.98,84.97,"210,000",0,0,2026-08-20
1500060287,41280540,금터 25A 귀하디 귀한 반전세 선호동 선호평면 현관 문열면 지하철,고덕그라시움금터부동산공인중개사사무소,월세,332,고,81.05,59.98,0,"40,000",200,2026-08-20
1500060287,41299542,"뛰어라, 풀옵션 정원뷰 넓은거실 입주협의",뛰어라공인중개사사무소,전세,303,2,114.58,84.95,0,"115,000",0,2026-08-20
1500060287,41283133,정원뷰  시스템에어컨,고덕자이(441-0109)공인중개사사무소,매매,304,저,114.14,84.94,"210,000",0,0,2026-08-20
1500060287,41293503,추천 로얄동 로얄층  융자무 초역세권 시스템에어컨 채광굿,고덕선경(428-3939)공인중개사사무소,월세,332,고,81.05,59.98,0,"40,000",200,2026-08-20
1500060287,41263517,금터. 34P 시스템에어컨풀 중문 지하철상가바로앞 인프라이용편리,고덕그라시움금터부동산공인중개사사무소,매매,331,중,113.98,84.97,"240,000",0,0,2026-08-20
1500060287,41280542,금터 34A 누구나 선호하는 로얄동층 숲세권 초록뷰 현관문 열면 지하철,고덕그라시움금터부동산공인중개사사무소,전세,339,중,113.98,84.97,0,"110,000",0,2026-08-20
1500060287,41289706,귀한전세 별동 파노라마숲세권 최상컨디션 지하철1분 11월입주,나이스공인중개사사무소,전세,339,고,113.98,84.97,0,"110,000",0,2026-08-20
1500060287,41303522,초역세권바로 로얄동층 시스템에어컨 판상형 초품아,고덕스카이공인중개사,월세,332,고,81.05,59.98,0,"40,000",200,2026-08-20
1500060287,41300023,"올확장,풀옵션,채광좋은 트인뷰,초품아,우수커뮤니티",단지내이레(443-6606)공인중개사사무소,매매,302,고,113.98,84.97,"230,000",0,0,2026-08-20
1500060287,41263518,금터. 34P 초역세권 로얄동층 채광좋은 밝은집 풀에어컨,고덕그라시움금터부동산공인중개사사무소,매매,325,중,114.58,84.95,"240,000",0,0,2026-08-20
1500060287,41293502,입주 로얄동층 정남향 채광굿 관리잘된세대,고덕선경(428-3939)공인중개사사무소,매매,310,고,81.05,59.98,"205,000",0,0,2026-08-20
1500060287,41299554,"뛰어라,입주가,탁트인 숲뷰,채광 우수,시에,초역세권",뛰어라공인중개사사무소,전세,339,중,113.98,84.97,0,"110,000",0,2026-08-20
1500060287,41293510,입주매물 초초역세권 햇살가득 트인조망  풀옵션 ,고덕선경(428-3939)공인중개사사무소,매매,325,중,114.58,84.95,"240,000",0,0,2026-08-20
1500060287,41263516,금터. 34A  특별한 가치 프라이빗한 숲뷰 선호동 선호평면 문열면지하철,고덕그라시움금터부동산공인중개사사무소,매매,337,저,113.98,84.97,"240,000",0,0,2026-08-20
1500060287,41293501,별동 탁트인 파노라마숲조망 시스템에어컨 융자무 초초역세권,고덕선경(428-3939)공인중개사사무소,전세,339,고,113.98,84.97,0,"110,000",0,2026-08-20
1500060287,41256015,접근성 좋은 로얄 동층. 커뮤니티 이용편리.  채광 통풍 우수.,일등그라시움 부동산중개,매매,310,고,81.05,59.98,"205,000",0,0,2026-08-20
1500060287,41292816,별동. 파노라마숲뷰.풀에어컨.초역세권.우수학군.,키움공인중개사사무소,매매,338,저,113.98,84.97,"250,000",0,0,2026-08-20
1500060287,41299544,뛰어라. 로얄동 입주일협의가능 상태너무좋아요.,뛰어라공인중개사사무소,매매,310,고,81.05,59.98,"205,000",0,0,2026-08-20
1500060287,41280541,금터 34A 올 A급 컨디션 말이 필요없는 고층의 개방감 풀에어컨,고덕그라시움금터부동산공인중개사사무소,월세,302,고,113.98,84.97,0,"32,000",330,2026-08-20
1500060287,41280538,금터. 34A 놓쳐선 안될 로얄동 로얄층 말이필요없는 사이다뷰 선호평면,고덕그라시움금터부동산공인중개사사무소,매매,316,고,113.98,84.97,"250,000",0,0,2026-08-20
1500060287,41263505,"금터. 34P 인기타입 밝고 환한 트인뷰 풀에어컨 초역세권, 상가이용편리",고덕그라시움금터부동산공인중개사사무소,매매,326,중,114.58,84.95,"240,000",0,0,2026-08-20
1500060287,41293048,"로얄동층,풀에어컨,초품아,고품격커뮤니티,선호하는구조",고덕현대공인중개사사무소,월세,320,고,114.35,84.93,0,"83,000",130,2026-08-20
1500060287,41257059,초품아. 역세권. 트인뷰. 환하고 밝은집,고덕종점그라시움공인중개사사무소,매매,305,고,113.98,84.97,"240,000",0,0,2026-08-19
1500060287,41249969,입주 트인뷰 일조량풍부 상일역세권 좋은집입니다.,대일공인중개사사무소,매매,328,저,113.98,84.97,"215,000",0,0,2026-08-19
1500060287,41253386,별동  환상적인숲조망 시스템에어컨  융자무 ,고덕선경(428-3939)공인중개사사무소,전세,339,고,113.98,84.97,0,"110,000",0,2026-08-19
1500060287,41263772,로얄동 트인뷰  채광굿 풀옵션 에4  중문   관리상태최상,고덕강남부동산 공인중개사 사무소,매매,326,중,114.58,84.95,"240,000",0,0,2026-08-19
1500060287,41257063,"파노라마숲뷰,초역세권,건강해지는 공간",고덕종점그라시움공인중개사사무소,매매,339,중,114.14,84.94,"260,000",0,0,2026-08-19
1500060287,41253378,추천 입주 최고숲조망 햇살가득 시스템에어컨 로얄동층,고덕선경(428-3939)공인중개사사무소,매매,339,고,113.98,84.97,"255,000",0,0,2026-08-19
1500060287,41257061,"초록뷰,초품아 ,커뮤니티이용굿",고덕종점그라시움공인중개사사무소,매매,311,고,113.98,84.97,"250,000",0,0,2026-08-19
1500060287,41259159,"초품아, 명품커뮤니티, 인기타입, 집상태굿, 입주가능,뻥뷰,",으뜸그라시움공인중개사사무소,매매,305,고,114.35,84.93,"230,000",0,0,2026-08-19
1500060287,41257054,독일 추천. 46P 희소성 높은 평형. 정남향. 채광 좋은 집.,고덕독일489-4100공인중개사사무소,매매,314,중,152.72,114.86,"300,000",0,0,2026-08-19
1500060287,41257058,"상일역3분,파노라마숲뷰,입주",고덕종점그라시움공인중개사사무소,매매,339,고,113.98,84.97,"255,000",0,0,2026-08-19
1500060287,41260317,앞동선호 풀에어컨 대단지커뮤너티 세안고,고덕무지개공인중개사사무소,매매,330,중,81.05,59.98,"195,000",0,0,2026-08-19
1500060287,41214889,중알통로  생활편리한동,고덕자이(441-0109)공인중개사사무소,매매,318,중,114.35,84.93,"250,000",0,0,2026-08-19
1500060287,41253387,강추 풀시스템에어컨 선호타입 탁트인조망  햇살가득,고덕선경(428-3939)공인중개사사무소,전세,304,고,114.35,84.93,0,"110,000",0,2026-08-19
1500060287,41217665,"초품아, 초역세권, 트인채광, 에풀, 우수커뮤니티, 주인세대거주",고덕숲공인중개사무소,매매,310,고,124.70,59.98,"210,000",0,0,2026-08-19
1500060287,41217518,"초품아, 역세권, 다양한커뮤니티, 주인세대거주입주",고덕숲공인중개사무소,매매,313,중,175.81,84.97,"245,000",0,0,2026-08-19
1500060287,41263775,에6  중문 키친핏냉장고장  조명교체  넓은드레스룸  트인뷰 관리상태최상,고덕강남부동산 공인중개사 사무소,매매,314,중,152.72,114.86,"300,000",0,0,2026-08-19
1500060287,41257055,"단지뷰,에어컨풀,초품아",고덕종점그라시움공인중개사사무소,전세,303,저,114.58,84.95,0,"115,000",0,2026-08-19
1500060287,41249967,트인남향 역세권 초품아 최고동 소유자직접 좋은집입니다,대일공인중개사사무소,매매,321,14,81.05,59.98,"195,000",0,0,2026-08-19
1500060287,41253380,로얄동층 초초역세권 세안고 시스템에어컨 상권이용편리,고덕선경(428-3939)공인중개사사무소,매매,330,중,81.05,59.98,"195,000",0,0,2026-08-19
1500060287,41226899,"46, 남향.풀에어컨, 중문,전체인테리어,명문학군,커뮤니티 근접",고일공인중개사사무소,매매,314,중,152.72,114.86,"300,000",0,0,2026-08-18
1500060287,41197768,채광좋고 넓은 구조 선호타입. 풀에어컨. 전철 상가 바로. 최상급커뮤니티,키움공인중개사사무소,매매,314,중,152.72,114.86,"300,000",0,0,2026-08-18
1500060287,41214909,입주매매 풀에어컨 커뮤니티편리 역이용편리,고덕자이(441-0109)공인중개사사무소,매매,325,고,114.58,84.95,"250,000",0,0,2026-08-18
1500060287,41192285,입주 남향 채광굿 풀에어컨 대단지커뮤니티 세대창고,파크자이(428-4270)공인중개사사무소,매매,314,고,152.72,114.86,"300,000",0,0,2026-08-18
1500060287,41200645,아르테온 point   채광좋고 생활편리한 전세  추천,포인트공인중개사사무소,전세,303,저,114.58,84.95,0,"115,000",0,2026-08-18
1500060287,41192292,트인뷰 시스템에어컨 초품아 세대창고 우수커뮤니티 세안고,파크자이(428-4270)공인중개사사무소,매매,301,중,113.98,84.97,"230,000",0,0,2026-08-18
1500060287,41197775,추천.선호타입.정원뷰.초등바로.우수 학군.최상급 커뮤니티.,키움공인중개사사무소,매매,304,저,114.14,84.94,"210,000",0,0,2026-08-18
1500060287,41197756,추천.로얄동층. 풀에어컨.옵션굿.채광좋은 뷰. 커뮤니티 이용편리한동,키움공인중개사사무소,매매,325,고,114.58,84.95,"250,000",0,0,2026-08-18
1500060287,41198159,대단지역세권 명문학군 초품아 9호선공사중  뻥뷰 입주물건,고덕거성공인중개사사무소,매매,305,고,114.35,84.93,"230,000",0,0,2026-08-18
1500060287,41220396,금터 34B 시원하게 열린조망 고현초 안정된 등하교 압도적인 커뮤니티,고덕그라시움금터부동산공인중개사사무소,전세,304,고,114.35,84.93,0,"110,000",0,2026-08-18
1500060287,41200648,아르테온  최고뷰를 자랑하는 최고매물 향후 9호선인접,포인트공인중개사사무소,매매,338,저,113.98,84.97,"250,000",0,0,2026-08-18
1500060287,41207805,입주추천 대단지 조경 커뮤너티시설 판상형 남향,고덕무지개공인중개사사무소,매매,304,중,114.14,84.94,"230,000",0,0,2026-08-18
1500060287,41192291,풀에어컨 중문 초품아 우수커뮤니티 세대창고,파크자이(428-4270)공인중개사사무소,매매,301,저,113.98,84.97,"240,000",0,0,2026-08-18
1500060287,41202267,"남향,최고의 단지뷰,입주,고현초",고덕종점그라시움공인중개사사무소,매매,319,고,113.98,84.97,"250,000",0,0,2026-08-18
1500060287,41226900,"46, 남향.트인뷰.풀에어컨,명문학군,커뮤니티 근접",고일공인중개사사무소,매매,314,중,152.72,114.86,"300,000",0,0,2026-08-18
1500060287,41202251,독일 추천. 34 귀한 전세. 선호 타워형. 고현초 가까운동. 초역세권.,고덕독일489-4100공인중개사사무소,전세,303,저,114.58,84.95,0,"115,000",0,2026-08-18
1500060287,41207804,고층 트인뷰 풀에어컨 내부상태최상 입주추천,고덕무지개공인중개사사무소,매매,302,18,113.98,84.97,"230,000",0,0,2026-08-18
1500060287,41184998,4계절멋진숲뷰. 역1분컷. 시스템에어컨.관리상태A,이화공인중개사,매매,340,저,81.05,59.98,"200,000",0,0,2026-08-18
1500060287,41204410,"트인숲조망굿, 초역세권, 초품아, 시스템에어컨4, 협의가능",고덕숲공인중개사무소,매매,338,중,113.98,84.97,"260,000",0,0,2026-08-18
1500060287,41170920,특인테리어  시에풀  고급 주방기기 주거 만족도 최상,푸르지오플러스(031-795-9933)공인중개사사무소,매매,314,중,152.72,114.86,"285,000",0,0,2026-08-17
1500060287,41142541,초품아 대단지역세권 뻥뷰 녹지공간풍부  입주 커뮤니티,고덕거성공인중개사사무소,매매,302,고,113.98,84.97,"230,000",0,0,2026-08-15
1500060287,41141176,상일동역2분 파노라마숲조망 리조트느낌의 조용하고 아늑함,나이스공인중개사사무소,매매,338,저,113.98,84.97,"250,000",0,0,2026-08-15
1500060287,41142525,초품아 대단지역세권 뻥뷰 녹지공간풍부  입주 인테리어,고덕거성공인중개사사무소,매매,302,18,113.98,84.97,"230,000",0,0,2026-08-15
1500060287,41142716,로얄동층굿.채광굿.풀에어컨.편리한 생활권.대단지 커뮤니티,키움공인중개사사무소,매매,323,저,114.14,84.94,"250,000",0,0,2026-08-15
1500060287,41142543,대단지역세권 명문학군 초품아 시스템에어컨  예쁜정원뷰,고덕거성공인중개사사무소,매매,304,저,114.14,84.94,"210,000",0,0,2026-08-15
1500060287,41142536,숲뷰  초품아  로얄동층  상가 지하철역 근접동 풀옵션 9호선공사중 입주,고덕거성공인중개사사무소,매매,337,고,113.98,84.97,"255,000",0,0,2026-08-15
1500060287,41141178,정상입주  정남향 초품아 종일채광좋음 초역세권,나이스공인중개사사무소,매매,304,중,114.14,84.94,"230,000",0,0,2026-08-15
1500060287,41138096,"주인거주,남층로얄,에어컨풀,고품격커뮤니티",고덕자이(441-0109)공인중개사사무소,매매,316,중,114.58,84.95,"250,000",0,0,2026-08-15
1500060287,41142542,초품아 명문학군  커뮤니티 조식서비스 입주,고덕거성공인중개사사무소,매매,328,저,113.98,84.97,"210,000",0,0,2026-08-15
1500060287,41141179,늦은입주 높은세안고 초품아 역세권인기많은대단지  조식서비스등다양한커뮤니티,나이스공인중개사사무소,매매,304,저,114.14,84.94,"210,000",0,0,2026-08-15
1500060287,41142539,초품아 뻥뷰   로얄동층  명문학군 9호선공사중 커뮤니티,고덕거성공인중개사사무소,월세,332,고,81.05,59.98,0,"40,000",200,2026-08-15
1500060287,41142961,강추 입주협의가 트인조망 시스템에어컨 융자무,고덕선경(428-3939)공인중개사사무소,월세,316,중,113.98,84.97,0,"80,000",120,2026-08-15
1500060287,41142534,로얄동층 초품아 뻥뷰 대단지역세권 커뮤니티 세안고매매,고덕거성공인중개사사무소,매매,330,중,81.05,59.98,"195,000",0,0,2026-08-15
1500060287,41139345,채광우수 고덕천뷰 대단지커뮤너티 입주정상 판상형,고덕무지개공인중개사사무소,매매,301,고,113.98,84.97,"230,000",0,0,2026-08-15
1500060287,41142540,"전망굿,대단지 역세권,풀옵션 커뮤니티 조식서비스 입주",고덕거성공인중개사사무소,매매,301,고,113.98,84.97,"230,000",0,0,2026-08-15
1500060287,41142535,초품아   풀옵션 9호선공사중 커뮤니티 뻥뷰,고덕거성공인중개사사무소,월세,302,고,113.98,84.97,0,"32,000",330,2026-08-15
1500060287,41141175,정남향 공원뷰 종일햇살가득  초품아 상일역초역세권 관리잘된세대,나이스공인중개사사무소,매매,328,저,113.98,84.97,"210,000",0,0,2026-08-15
1500060287,41112431,전철역 상가 바로.시스템에어컨. 채광좋은 트인뷰.초품아.최상급 커뮤니티,키움공인중개사사무소,매매,330,저,81.05,59.98,"210,000",0,0,2026-08-14
1500060287,41120829,초품아 명문학군  커뮤니티 조식서비스 입주,고덕거성공인중개사사무소,매매,326,중,114.58,84.95,"240,000",0,0,2026-08-14
1500060287,41115342,추천 로얄동층 선호타입  초역세권 커뮤니티우수단지,고덕선경(428-3939)공인중개사사무소,매매,312,중,114.35,84.93,"228,000",0,0,2026-08-14
1500060287,41115343,추천 예쁜정원조망 초품아 초역세권 세대지하창고,고덕선경(428-3939)공인중개사사무소,매매,304,저,114.14,84.94,"210,000",0,0,2026-08-14
1500060287,41126025,입주매매 역세권 트인조망 채광 조은 세대지하창고 커뮤니티우수,조은동네부동산426-9800공인중개사사무소,매매,302,18,113.98,84.97,"230,000",0,0,2026-08-14
1500060287,41120827,대단지 역세권 편의시설 인접 명문학군 9호선호재 커뮤니티 입주매물,고덕거성공인중개사사무소,매매,310,고,81.05,59.98,"205,000",0,0,2026-08-14
1500060287,41115350,강추 입주 초초역세권 안정적인단지조망  초품아 ,고덕선경(428-3939)공인중개사사무소,매매,323,저,114.35,84.93,"235,000",0,0,2026-08-14
1500060287,41094195,"남향,채광굿,방4개 넉넉한 구조,인테리어잘됨,고품격커뮤니티",고덕현대공인중개사사무소,매매,314,중,152.72,114.86,"300,000",0,0,2026-08-14
1500060287,41126032,입주매매 채광조은 정남향 시스템에어컨 우수 커뮤니티,조은동네부동산426-9800공인중개사사무소,매매,301,고,113.98,84.97,"230,000",0,0,2026-08-14
1500060287,41105803,별동입주매물. 확트인숲뷰.  초초역세권. 풀에어컨. 9호선호재,강동위드공인중개사사무소,매매,337,고,113.98,84.97,"255,000",0,0,2026-08-14
1500060287,41098041,금터. 34P 초품아 초역세권 우수학군 우수커뮤니티 트인뷰 풀옵션,고덕그라시움금터부동산공인중개사사무소,매매,323,저,114.14,84.94,"250,000",0,0,2026-08-14
1500060287,41120826,"전망굿,대단지 역세권,풀옵션 커뮤니티 조식서비스 입주",고덕거성공인중개사사무소,매매,319,고,113.98,84.97,"250,000",0,0,2026-08-14
1500060287,41094194,"초역세권,선호하는구조,커뮤니티근접,편리한생활인프라,초품아",고덕현대공인중개사사무소,매매,318,중,114.35,84.93,"250,000",0,0,2026-08-14
1500060287,41094197,"남향,채광굿,풀에어컨,조용한집,고덕천뷰,입주정상",고덕현대공인중개사사무소,매매,302,고,113.98,84.97,"230,000",0,0,2026-08-14
1500060287,41115346,강추 입주협의가 탁트인조망 채광굿 컨디션최상 시스템에어컨,고덕선경(428-3939)공인중개사사무소,월세,302,고,113.98,84.97,0,"32,000",330,2026-08-14
1500060287,41120825,초품아 숲세권 뻥뷰   로얄동  명문학군 9호선공사중 커뮤니티 입주,고덕거성공인중개사사무소,매매,337,저,113.98,84.97,"240,000",0,0,2026-08-14
1500060287,41105802,귀한별동 파노라마숲뷰 초역세권 풀옵션,강동위드공인중개사사무소,매매,338,저,113.98,84.97,"250,000",0,0,2026-08-14
1500060287,41094232,,고덕현대공인중개사사무소,매매,339,중,113.98,84.97,"260,000",0,0,2026-08-14
1500060287,41126024,입주매매 밝고환한 채광조은집 우수학군 우수커뮤니티,조은동네부동산426-9800공인중개사사무소,매매,303,19,113.98,84.97,"230,000",0,0,2026-08-14
1500060287,41094202,"중앙라인,로얄동층,풀에어컨,채광굿,초품아,고품격커뮤니티,강추",고덕현대공인중개사사무소,매매,311,고,113.98,84.97,"250,000",0,0,2026-08-14
1500060287,41099121,"46, 남향.풀에어컨,명문학군,커뮤니티 근접",고일공인중개사사무소,매매,314,고,152.72,114.86,"300,000",0,0,2026-08-14
1500060287,41113953,입주가능. 상일역 초역세. 트인뷰. 채광 통풍 우수,일등그라시움 부동산중개,매매,336,중,81.05,59.98,"200,000",0,0,2026-08-14
1500060287,41098040,금터. 46A  추천 동간거리확보 정남향 우수커뮤니티,고덕그라시움금터부동산공인중개사사무소,매매,314,저,152.72,114.86,"290,000",0,0,2026-08-14
1500060287,41120828,초품아 뻥뷰 대단지역세권 커뮤니티 아이들키우기 좋은집,고덕거성공인중개사사무소,전세,303,2,114.58,84.95,0,"115,000",0,2026-08-14
1500060287,41126369,"올확장,채광좋은 트인뷰,시스템에어컨,조합원옵션,우수커뮤니티",단지내이레(443-6606)공인중개사사무소,매매,303,19,113.98,84.97,"230,000",0,0,2026-08-14
1500060287,41094193,"풀에어컨,남향,채광굿,고덕천뷰굿,편리한생활인프라",고덕현대공인중개사사무소,매매,301,저,113.98,84.97,"225,000",0,0,2026-08-14
1500060287,41115341,강추 입주 풀옵션 인테리어 보면 컨디션최상 정남향,고덕선경(428-3939)공인중개사사무소,매매,314,중,152.72,114.86,"285,000",0,0,2026-08-14
1500060287,41084016,특인테리어  시에풀  고급 주방기기 주거 만족도 최상,푸르지오플러스(031-795-9933)공인중개사사무소,매매,314,중,152.72,114.86,"285,000",0,0,2026-08-14
1500060287,41068767,금터. 34C 누구나 선호하는 로얄동 바로아래 커뮤니티  이런고층 안나옴,고덕그라시움금터부동산공인중개사사무소,매매,317,고,114.14,84.94,"240,000",0,0,2026-08-13
1500060287,41067764,"34, 전망좋음,초역세권 ,.초품아,커뮤니티근접,",고일공인중개사사무소,매매,311,고,113.98,84.97,"250,000",0,0,2026-08-13
1500060287,41067762,"34, 남향,고현초인접, 뷰 좋은 집 중문등,다양한커뮤니티,",고일공인중개사사무소,매매,307,고,113.98,84.97,"240,000",0,0,2026-08-13
1500060287,41036612,대단지역세권 명문학군 초품아 완벽한 커뮤니티 풀옵션,고덕거성공인중개사사무소,매매,323,저,114.14,84.94,"250,000",0,0,2026-08-13
1500060287,41068808,금터 25A 놓쳐선 안될 로얄동 로얄층 특옵션 늦은입주 문열면 지하철,고덕그라시움금터부동산공인중개사사무소,매매,330,중,81.05,59.98,"195,000",0,0,2026-08-13
1500060287,41045195,정남향 채광굿 풀옵션 초초역세권 예쁜정원뷰,고덕선경(428-3939)공인중개사사무소,매매,328,저,113.98,84.97,"210,000",0,0,2026-08-13
1500060287,41047733,접근성 좋은 로얄 동층. 커뮤니티 이용편리.  채광 통풍 우수.,일등그라시움 부동산중개,매매,310,고,81.05,59.98,"205,000",0,0,2026-08-13
1500060287,41036613,"귀한 대형평수  ,살기좋은 대단지역세권  인테리어 남향 입주매물",고덕거성공인중개사사무소,매매,314,중,152.72,114.86,"285,000",0,0,2026-08-13
1500060287,41045193,강추 입주 로얄동층  탁트인조망 에어컨풀옵션 선호타입,고덕선경(428-3939)공인중개사사무소,매매,317,고,114.14,84.94,"240,000",0,0,2026-08-13
1500060287,41068766,금터. 46P 채광좋은 정남향 로얄동층 풀옵션 명품커뮤니티,고덕그라시움금터부동산공인중개사사무소,매매,314,중,152.72,114.86,"300,000",0,0,2026-08-13
1500060287,41068764,금터. 34C 초역세권 숲뷰 로얄동 로얄층 세안고,고덕그라시움금터부동산공인중개사사무소,매매,339,중,114.14,84.94,"260,000",0,0,2026-08-13
1500060287,41066126,"입주매매 정남향 로얄동층, 초품아, 에어컨풀,조식써비스, 우수커뮤니티",고덕굿모닝(437-6009)공인중개사사무소,매매,310,고,81.05,59.98,"205,000",0,0,2026-08-13
1500060287,41068807,금터.34B 누구나 선호하는 로얄동 압도적인 커뮤니티 현과문열면 지하철,고덕그라시움금터부동산공인중개사사무소,매매,323,저,114.35,84.93,"235,000",0,0,2026-08-13
1500060287,41066123,"상일동역바로옆 5호선역세권, 트인뷰 우수커뮤니티",고덕굿모닝(437-6009)공인중개사사무소,매매,336,중,81.05,59.98,"200,000",0,0,2026-08-13
1500060287,41068803,금터. 34B 보시면 반할 똘똘한 한채  시원하게 열린조망 압도적커뮤니티,고덕그라시움금터부동산공인중개사사무소,매매,312,중,114.35,84.93,"228,000",0,0,2026-08-13
1500060287,41034129,"정원뷰,입주,초품아,에어컨풀",고덕종점그라시움공인중개사사무소,매매,310,고,81.05,59.98,"210,000",0,0,2026-08-12
1500060287,41018268,"정남향, 시스템에어컨, 초품아, 우수커뮤니티",고덕굿모닝(437-6009)공인중개사사무소,매매,301,고,113.98,84.97,"230,000",0,0,2026-08-12
1500060287,41034128,"초역세권,에어컨풀3,세안고",고덕종점그라시움공인중개사사무소,매매,330,중,81.05,59.98,"195,000",0,0,2026-08-12
1500060287,41016981,,고일공인중개사사무소,월세,332,고,81.05,59.98,0,"40,000",200,2026-08-12
1500060287,41045189,세안고 정원뷰 깔끔하고 좋은집 추천합니다,대일공인중개사사무소,매매,304,저,114.14,84.94,"210,000",0,0,2026-08-12
1500060287,41034127,"초역세권,세안고,선호구조",고덕종점그라시움공인중개사사무소,매매,333,고,81.40,59.96,"205,000",0,0,2026-08-12
1500060287,41045201,로얄동 로얄층 세안고 정남향 채광굿  시스템에어컨,고덕선경(428-3939)공인중개사사무소,매매,319,고,81.05,59.98,"195,000",0,0,2026-08-12
1500060287,41038691,입주  풀에어컨  전망좋은집  정남향,고덕자이(441-0109)공인중개사사무소,매매,302,고,113.98,84.97,"230,000",0,0,2026-08-12
1500060287,41016980,"25 초역세권,풀옵션, 상가근접,세안고",고일공인중개사사무소,매매,330,중,81.05,59.98,"195,000",0,0,2026-08-12
1500060287,41028393,,단지내이레(443-6606)공인중개사사무소,매매,328,저,113.98,84.97,"210,000",0,0,2026-08-12
1500060287,41058209,"풀에어컨, 세련된 인테리어, 붙박이장, 전망 뻥뷰, 바로입주 가능,",으뜸그라시움공인중개사사무소,매매,302,고,113.98,84.97,"230,000",0,0,2026-08-12
1500060287,41006505,강추 입주매물 탁트인조망 햇살가득 초품아,고덕선경(428-3939)공인중개사사무소,매매,301,고,175.81,84.97,"230,000",0,0,2026-08-12
1500060287,41061542,입주매매 채광좋은 정남향 판상형 초품아,강동위드공인중개사사무소,매매,304,12,114.14,84.94,"230,000",0,0,2026-08-12
1500060287,41036616,대단지역세권 초품아 아이들 키우기 좋은 옵션좋고 입주가능,고덕거성공인중개사사무소,매매,331,29,113.98,84.97,"250,000",0,0,2026-08-12
1500060287,40984120,초역세권 로얄동층 귀한월세 관리잘한집,강동위드공인중개사사무소,월세,332,고,81.05,59.98,0,"40,000",200,2026-08-11
1500060287,40991779,"단독, 정상입주협의,로얄동층,채광좋은 트인뷰, 풀에어컨, 초역세권",고덕현대공인중개사사무소,매매,325,고,114.58,84.95,"250,000",0,0,2026-08-11
1500060287,40984119,초역세권 별동 모든협의가능,강동위드공인중개사사무소,매매,341,중,81.05,59.98,"200,000",0,0,2026-08-11
1500060287,40991781,"로얄동층,선호하는구조,고품격커뮤니티근접,풀에어컨",고덕현대공인중개사사무소,매매,317,고,114.14,84.94,"250,000",0,0,2026-08-11
1500060287,40980970,금터. 25A 메.리.트. 있는 가격 시원하게 열린조망 압도적인 커뮤니티,고덕그라시움금터부동산공인중개사사무소,매매,301,중,81.05,59.98,"192,000",0,0,2026-08-11
1500060287,40989627,접근성 좋은 로얄동. 깔끔관리. 시스템 에어컨.,일등그라시움 부동산중개,월세,332,고,81.05,59.98,0,"40,000",200,2026-08-11
1500060287,40983086,정남향 밝은집,고덕자이(441-0109)공인중개사사무소,매매,304,중,114.14,84.94,"230,000",0,0,2026-08-11
1500060287,40992272,강추 로얄동층 신혼부부추천 초초역세권 컨디션최상,고덕선경(428-3939)공인중개사사무소,월세,332,고,81.05,59.98,0,"40,000",200,2026-08-11
1500060287,40980971,금터. 34C 보시면 반할 최강 풀옵션 선호동 선호평면 채광 한도 초과,고덕그라시움금터부동산공인중개사사무소,매매,317,고,114.14,84.94,"240,000",0,0,2026-08-11
1500060287,40992268,강추 입주협의가 초역세권 탁트인조망 채광우수 초품아,고덕선경(428-3939)공인중개사사무소,매매,301,고,113.98,84.97,"230,000",0,0,2026-08-11
1500060287,40969044,보증금조정가 빠른입주협의가 상권이용편리,고덕선경(428-3939)공인중개사사무소,월세,331,저,176.35,84.95,0,"20,000",340,2026-08-11
1500060287,40968430,추천 세안고 아이키우기최적 초품아,고덕선경(428-3939)공인중개사사무소,매매,304,저,175.91,84.94,"210,000",0,0,2026-08-11
1500060287,40968377,추천 입주 풀시스템에어컨 초품아 대단지프리미엄,고덕선경(428-3939)공인중개사사무소,매매,308,중,124.39,59.83,"195,000",0,0,2026-08-11
1500060287,40991786,"로얄동, 로얄층, 입주매매, 채광 굿, 선호타입, 고품격 커뮤니티",고덕현대공인중개사사무소,매매,316,고,113.98,84.97,"250,000",0,0,2026-08-11
1500060287,40945593,"남향,채광굿,초품아,고품격커뮤니티,풀옵션,상태굿",고덕현대공인중개사사무소,매매,314,중,152.72,114.86,"300,000",0,0,2026-08-10
1500060287,40945592,"최상급매물,채광굿,풀에어컨,중앙분수뷰굿,고품격커뮤니티,초역세권",고덕현대공인중개사사무소,매매,319,고,113.98,84.97,"250,000",0,0,2026-08-10
1500060287,40945590,"풀에어컨,중앙라인,로얄동층,채광굿,초품아,편리한생활인프라",고덕현대공인중개사사무소,매매,305,중,113.98,84.97,"245,000",0,0,2026-08-10
1500060287,40950561,대단지역세권 초품아 입주 9호선호재 명문학군 입주,고덕거성공인중개사사무소,매매,328,중,113.98,84.97,"250,000",0,0,2026-08-10
1500060287,40945596,"입주정상,남향,최상급매물,풀에어컨,고품격커뮤니티",고덕현대공인중개사사무소,매매,310,고,81.05,59.98,"210,000",0,0,2026-08-10
1500060287,40944185,"주인의뢰,역세권,초품아,관리잘된 집,남향동 로얄층입니다.",롯데캐슬가교공인중개사사무소,매매,312,중,114.35,84.93,"228,000",0,0,2026-08-10
1500060287,40932493,귀한별동  세안고  뻥뚫린환상숲뷰  중문  안방붙박이장,고덕강남부동산 공인중개사 사무소,매매,339,중,114.14,84.94,"260,000",0,0,2026-08-10
1500060287,40945474,입주가능 탁트인뷰 채광좋은집 에어컨풀 커뮤니티우수,고덕스카이공인중개사,매매,302,18,113.98,84.97,"230,000",0,0,2026-08-10
1500060287,40945594,"정남향,채광굿,풀옵션,고품격커뮤니티,초품아",고덕현대공인중개사사무소,매매,312,중,114.14,84.94,"260,000",0,0,2026-08-10
1500060287,40950567,대단지역세권 초품아 입주 9호선호재 명문학군 커뮤니티,고덕거성공인중개사사무소,매매,325,중,114.58,84.95,"240,000",0,0,2026-08-10
1500060287,40950565,대단지역세권 초품아 입주 9호선호재 명문학군 입주,고덕거성공인중개사사무소,매매,311,고,113.98,84.97,"250,000",0,0,2026-08-10
1500060287,40945537,추천 입주가능 로얄동층 채광좋은집 전망양호 풀에어컨,고덕스카이공인중개사,매매,305,고,114.35,84.93,"230,000",0,0,2026-08-10
1500060287,40932496,정남향  중문  시스템에어컨  고덕천뷰  밝고환한집  초품아,고덕강남부동산 공인중개사 사무소,매매,301,고,113.98,84.97,"230,000",0,0,2026-08-10
1500060287,40950563,예쁜숲뷰 초초역세권 로얄동층 뻥뷰 초품아 9호선호재 명문학군,고덕거성공인중개사사무소,매매,338,저,113.98,84.97,"250,000",0,0,2026-08-10
1500060287,40945602,"풀에어컨,시원하게트인뷰,고덕천조망예쁨,고품격커뮤니티",고덕현대공인중개사사무소,매매,301,고,113.98,84.97,"250,000",0,0,2026-08-10
1500060287,40950559,대단지 역세권 편의시설 인접 명문학군 9호선호재 커뮤니티 입주매물,고덕거성공인중개사사무소,매매,336,저,81.05,59.98,"200,000",0,0,2026-08-10
1500060287,40929557,,고일공인중개사사무소,매매,328,저,113.98,84.97,"215,000",0,0,2026-08-10
1500060287,40932492,강력추천 에어컨풀  중문  최상풀인테리어무광대리석벽  맘에딱들거예요,고덕강남부동산 공인중개사 사무소,매매,302,고,113.98,84.97,"230,000",0,0,2026-08-10
1500060287,40945595,"입주,정남향,채광굿,앞트인뷰,초역세권,편리한생활인프라,강추",고덕현대공인중개사사무소,매매,328,중,113.98,84.97,"240,000",0,0,2026-08-10
1500060287,40929555,"34,막힘없는뷰좋음,초품아,커뮤니티근접,",고일공인중개사사무소,매매,316,중,114.58,84.95,"250,000",0,0,2026-08-10
1500060287,40939626,초역세  대단지커뮤너티 단지내 뷰 초품아,고덕무지개공인중개사사무소,월세,332,고,81.05,59.98,0,"40,000",200,2026-08-10
1500060287,40913234,"로얄동, 로얄층, 숲뷰, 입주",대박부동산공인중개사사무소,매매,337,고,175.81,84.97,"252,000",0,0,2026-08-09
1500060287,40908920,입주가능 초역세권 로얄동층 채광좋은정남향 판상형 풀에어컨,고덕스카이공인중개사,매매,310,고,81.05,59.98,"205,000",0,0,2026-08-08
1500060287,40897356,독일 추천. 입주. 단지내 트인뷰. 지하철 학교 가까운 로얄동.,고덕독일489-4100공인중개사사무소,매매,311,고,113.98,84.97,"250,000",0,0,2026-08-08
1500060287,40900314,추천.확트인뻥뷰.초역세권.초품아. 우수한 커뮤니티.로얄동층,키움공인중개사사무소,매매,316,중,114.58,84.95,"250,000",0,0,2026-08-08
1500060287,40889640,금터.  34B 채광 한도 초과 방마다 붙박이장 커뮤니티시설앞,고덕그라시움금터부동산공인중개사사무소,매매,317,중,114.35,84.93,"250,000",0,0,2026-08-08
1500060287,40904150,별동 뷰 역세권 슬세권 숲세권 입니다,대일공인중개사사무소,매매,339,중,114.14,84.94,"260,000",0,0,2026-08-08
1500060287,40903919,트인뷰 시스템에어컨 중문 역세권 우수커뮤니티 세대창고,파크자이(428-4270)공인중개사사무소,매매,326,고,113.98,84.97,"250,000",0,0,2026-08-08
1500060287,40887281,,고일공인중개사사무소,매매,331,중,113.98,84.97,"240,000",0,0,2026-08-08
1500060287,40887285,,고일공인중개사사무소,매매,310,고,81.05,59.98,"200,000",0,0,2026-08-08
1500060287,40897357,독일 강추. 구조 잘 빠진 인기 타입. 정남향으로 하루종일 햇살 좋은 집,고덕독일489-4100공인중개사사무소,매매,304,중,114.14,84.94,"230,000",0,0,2026-08-08
1500060287,40897355,독일 추천. 입주. 초품아. 역세권. 채광 굿. 관리상태 굿. 풀에어컨,고덕독일489-4100공인중개사사무소,매매,302,18,113.98,84.97,"230,000",0,0,2026-08-08
1500060287,40908912,로얄층 시스템에어컨 판상형 커뮤니티우수 초품아,고덕스카이공인중개사,매매,303,19,113.98,84.97,"230,000",0,0,2026-08-08
1500060287,40887283,"34,확 트인 뷰,고현초,초역세권,다양한커뮤니티,",고일공인중개사사무소,매매,305,고,114.35,84.93,"230,000",0,0,2026-08-08
1500060287,40897362,독일 강추. 초역세권. 중앙동. 초등학교 옆동. 선호도 좋은 타워형.,고덕독일489-4100공인중개사사무소,매매,305,고,114.35,84.93,"230,000",0,0,2026-08-08
1500060287,40855716,협의입주 별동 초역세권 대단지커뮤니티 세대창고,강동위드공인중개사사무소,매매,336,저,81.05,59.98,"200,000",0,0,2026-08-07
1500060287,40844902,뷰좋은로얄동 햇살많은집 풀에어컨 초품아,고덕스카이공인중개사,전세,303,2,114.58,84.95,0,"115,000",0,2026-08-07
1500060287,40848206,금터. 34P 밝고 햇살좋은 트인뷰 관리상태굿 풀에어컨,고덕그라시움금터부동산공인중개사사무소,매매,311,고,113.98,84.97,"250,000",0,0,2026-08-07
1500060287,40875744,독일 추천. 로얄동. 로얄층. 동간거리 넓은 동. 호수뷰. 풀에어컨.,고덕독일489-4100공인중개사사무소,매매,319,고,113.98,84.97,"260,000",0,0,2026-08-07
1500060287,40855720,정원 전망. 단지내 고현초. 시스템에어컨. 커뮤니티우수,강동위드공인중개사사무소,매매,304,저,114.14,84.94,"210,000",0,0,2026-08-07
1500060287,40864378,,동서울부동산공인중개사사무소,전세,303,저,114.58,84.95,0,"115,000",0,2026-08-07
1500060287,40855715,입주 초초역세권 로열동층 시스템에어컨풀,강동위드공인중개사사무소,매매,331,29,113.98,84.97,"250,000",0,0,2026-08-07
1500060287,40855718,입주. 풀에어컨. 채광좋은 남향. 고층뷰. 초품아. 대단지커뮤니티,강동위드공인중개사사무소,매매,302,고,113.98,84.97,"230,000",0,0,2026-08-07
1500060287,40848209,금터. 34B 에어컨4대 초역세권  밝고 환한집 우수커뮤니티이용편리,고덕그라시움금터부동산공인중개사사무소,매매,318,중,114.35,84.93,"250,000",0,0,2026-08-07
1500060287,40848208,금터. 34P 밝고 환한 정남향의 로얄동층 예쁜 분수대뷰 풀옵션 초품아,고덕그라시움금터부동산공인중개사사무소,매매,319,고,113.98,84.97,"250,000",0,0,2026-08-07
1500060287,40864635,시스템에어컨 햇살가득 맑은집 커뮤니티우수 초품아,고덕선경(428-3939)공인중개사사무소,전세,303,2,114.58,84.95,0,"115,000",0,2026-08-07
1500060287,40848207,금터. 34P 별동 탁트인 힐링숲뷰 초초역세권 풀에어컨 최상의 내부컨디션,고덕그라시움금터부동산공인중개사사무소,매매,337,고,113.98,84.97,"255,000",0,0,2026-08-07
1500060287,40855717,입주 정남향 대단지커뮤니티 채광우수 트인뷰 고덕천,강동위드공인중개사사무소,매매,301,고,113.98,84.97,"230,000",0,0,2026-08-07
1500060287,40844953,"입주,남향,채광굿,앞트인뷰,편리한생활인프라,선호도높은구조.",고덕현대공인중개사사무소,매매,304,중,114.14,84.94,"230,000",0,0,2026-08-07
1500060287,40855721,초역세권. 로얄동층. 대단지커뮤니티. 시스템에어컨. 초품아,강동위드공인중개사사무소,매매,311,고,113.98,84.97,"250,000",0,0,2026-08-07
1500060287,40855719,관리최상 풀에어컨 탁트인뷰 초품아 커뮤니티우수,강동위드공인중개사사무소,매매,302,고,113.98,84.97,"230,000",0,0,2026-08-07
1500060287,40829714,"초록뷰,입주,풀옵션,인테리어굿",고덕종점그라시움공인중개사사무소,매매,314,중,152.72,114.86,"285,000",0,0,2026-08-06
1500060287,40823373,역세권 정남향 트인뷰 시스템에어컨 중문 우수커뮤니티 세대창고,파크자이(428-4270)공인중개사사무소,매매,328,중,113.98,84.97,"240,000",0,0,2026-08-06
1500060287,40825248,아르테온point  햇살가득  주인관리 잘된집,포인트공인중개사사무소,매매,302,18,113.98,84.97,"240,000",0,0,2026-08-06
1500060287,40804182,대형평형 입주가능 채광좋은정남향 풀시스템에어컨 커뮤니티우수,고덕스카이공인중개사,매매,314,중,152.72,114.86,"300,000",0,0,2026-08-06
1500060287,40807714,금터.34D 초품아 풀에어컨 안정적인뷰 압도적인 커뮤니티 소중한 전세,고덕그라시움금터부동산공인중개사사무소,전세,303,저,114.58,84.95,0,"115,000",0,2026-08-06
1500060287,40804197,뷰양호 채광좋은정남향 로얄층  풀에어컨 판상형 초품아,고덕스카이공인중개사,매매,302,고,113.98,84.97,"230,000",0,0,2026-08-06
1500060287,40808697,"25,초역세권, 별동, 갭투자,",고일공인중개사사무소,매매,341,중,81.05,59.98,"210,000",0,0,2026-08-06
1500060287,40808695,"25,초역세권, 별동, 공원뷰,상가등 편의시설 가까움",고일공인중개사사무소,매매,336,중,81.05,59.98,"200,000",0,0,2026-08-06
1500060287,40828086,대단지역세권 초품아 아이들 키우기 좋은 옵션좋고 입주가능,고덕거성공인중개사사무소,매매,331,중,113.98,84.97,"240,000",0,0,2026-08-06
1500060287,40824303,"정남향,에풀,중문,원목마루시공,다양하고 격조높은 커뮤니티 입주  정상",센트럴부자공인중개사사무소,매매,314,중,152.72,114.86,"285,000",0,0,2026-08-06
1500060287,40825252,"아르테온 POINT   옵션최다,",포인트공인중개사사무소,매매,328,저,113.98,84.97,"210,000",0,0,2026-08-06
1500060287,40824315,"정남향,채광A급 시,에,다양한 커뮤니티,입주정상",센트럴부자공인중개사사무소,매매,304,중,114.14,84.94,"230,000",0,0,2026-08-06
1500060287,40808696,"34,별동, 완전숲뷰, 초역세권, 세안고",고일공인중개사사무소,매매,339,중,114.14,84.94,"260,000",0,0,2026-08-06
1500060287,40824316,"트인 단지내뷰,초품아,우수한 커뮤니티,풀옵션,융무 입주 협의",센트럴부자공인중개사사무소,매매,302,고,113.98,84.97,"230,000",0,0,2026-08-06
1500060287,40824323,"에어컨 풀,초역세권,입주 다양한 커뮤니티,",센트럴부자공인중개사사무소,매매,310,고,81.05,59.98,"205,000",0,0,2026-08-06
1500060287,40825256,아르테온 point  최고선호동  뷰 최고 이쁜동,포인트공인중개사사무소,매매,339,저,113.98,84.97,"245,000",0,0,2026-08-06
1500060287,40824317,"트인 전면뷰,에어컨 풀,주문 융무 초품아 입주협의",센트럴부자공인중개사사무소,매매,339,중,114.14,84.94,"260,000",0,0,2026-08-06
1500060287,40824304,"초역세권,공우너뷰,에어컨풀 중문,입주 협의",센트럴부자공인중개사사무소,매매,338,저,113.98,84.97,"250,000",0,0,2026-08-06
1500060287,40829715,"탁트인뷰,입주,에4",고덕종점그라시움공인중개사사무소,매매,302,고,113.98,84.97,"230,000",0,0,2026-08-06
1500060287,40826855,입주 풀에어컨 막힘없는 시원한뷰,고덕자이(441-0109)공인중개사사무소,매매,301,고,113.98,84.97,"230,000",0,0,2026-08-06
1500060287,40808698,,고일공인중개사사무소,매매,339,저,113.98,84.97,"245,000",0,0,2026-08-06
1500060287,40833050,입주 . 초역세권.  별동. 트인뷰,단지내이레(443-6606)공인중개사사무소,매매,336,중,81.05,59.98,"200,000",0,0,2026-08-06
1500060287,40824338,"정남 ,시,에,채광a급, 다양한 커뮤니티,초품아  입주 정상",센트럴부자공인중개사사무소,매매,301,고,113.98,84.97,"230,000",0,0,2026-08-06
1500060287,40824331,"로얄동 로얄층,시,에5 중문    초품아  입주 협의",센트럴부자공인중개사사무소,매매,311,고,113.98,84.97,"235,000",0,0,2026-08-06
1500060287,40824305,"고덕천뷰,에어컨 풀,다양한 커뮤니티,초품아 입주정상",센트럴부자공인중개사사무소,매매,301,중,114.35,84.93,"230,000",0,0,2026-08-06
1500060287,40833053,"입주매매,올확장,풀시스템에어컨,추천로얄동층,초역세권",단지내이레(443-6606)공인중개사사무소,매매,326,중,114.58,84.95,"240,000",0,0,2026-08-06
1500060287,40824308,"역세권, 전면이 트인 공원뷰,계절 창고,편의시설 근접 입주 협의",센트럴부자공인중개사사무소,매매,302,고,113.98,84.97,"230,000",0,0,2026-08-06
1500060287,40686329,,고일공인중개사사무소,매매,303,중,113.98,84.97,"230,000",0,0,2026-08-01
1500060287,40653338,금터. 34A 실입주  풀옵션 에어컨4 중문 고급인테리어,고덕그라시움금터부동산공인중개사사무소,매매,302,고,113.98,84.97,"230,000",0,0,2026-08-01
1500060287,40670489,"파릇파릇 고덕천뷰,상일역 3분,초품아",고덕종점그라시움공인중개사사무소,매매,327,고,114.58,84.95,"230,000",0,0,2026-08-01
1500060287,40687040,34. 초역세권 인기별동 힐링녹색뷰 커뮤니티 입주,뉴욕부동산중개(주),매매,339,2,113.98,84.97,"245,000",0,0,2026-08-01
1500060287,40675265,풀에어컨 입주협의 트인뷰 ,고덕무지개공인중개사사무소,매매,302,고,113.98,84.97,"230,000",0,0,2026-08-01
1500060287,40650018,숲전망 초역세권 남향 풀에어컨 늦은입주,강동위드공인중개사사무소,매매,339,중,114.14,84.94,"260,000",0,0,2026-07-31
1500060287,40627789,별동.채광좋은 선호타입.전철역 상가 바로.최상급 커뮤니티,키움공인중개사사무소,매매,336,중,124.70,59.98,"200,000",0,0,2026-07-31
1500060287,40626837,빠른입주. 채광좋은 타입. 생활권 편리 전철상가 바로. 최상급 커뮤니티,키움공인중개사사무소,월세,331,저,176.35,84.95,0,"20,000",340,2026-07-31
1500060287,40626756,개방감좋은 정원뷰.풀에어컨.옵션굿.최상급커뮤니티,키움공인중개사사무소,전세,303,2,176.35,84.95,0,"115,000",0,2026-07-31
1500060287,40626679,채광좋은 타입.빠른입주.전철역 상가 바로. 최상급 커뮤니티,키움공인중개사사무소,전세,331,저,176.35,84.95,0,"105,000",0,2026-07-31
1500060287,40610801,"초역세권,숲세권뷰굿,9호선호재,편리한생활인프라",고덕현대공인중개사사무소,매매,339,저,113.98,84.97,"245,000",0,0,2026-07-30
1500060287,40598314,"에4,  중문, 안방붙박이, 탁트인환한뷰, 반전세가능,고현초5분컷",고덕강남부동산 공인중개사 사무소,전세,304,고,114.35,84.93,0,"110,000",0,2026-07-30
1500060287,40620093,탁트인뷰최상 선호하는별동 초역세권 시스템에어컨,고덕스카이공인중개사,매매,337,저,113.98,84.97,"240,000",0,0,2026-07-30
1500060287,40598731,금터. 34A 실입주  풀옵션 에어컨4 중문 고급인테리어,고덕그라시움금터부동산공인중개사사무소,매매,302,고,113.98,84.97,"230,000",0,0,2026-07-30
1500060287,40610351,대단지 역세권 편의시설 인접 명문학군 9호선호재 커뮤니티 입주,고덕거성공인중개사사무소,매매,336,중,81.05,59.98,"200,000",0,0,2026-07-30
1500060287,40601957,늦은입주 풀에어컨 대단지커뮤니티 초품아,강동위드공인중개사사무소,매매,313,저,113.98,84.97,"220,000",0,0,2026-07-30
1500060287,40570365,STAR추천 트인뷰 집상태최상 에어컨2 관리잘된 예쁜집,(Aplus)고덕스타공인중개사사무소,매매,303,19,113.98,84.97,"230,000",0,0,2026-07-29
1500060287,40570368,STAR추천 예쁜정원뷰 채광굿 에어컨풀 초역세권 관리잘된집,(Aplus)고덕스타공인중개사사무소,매매,328,저,113.98,84.97,"210,000",0,0,2026-07-29
1500060287,40573999,단지정원뷰 풀에어컨 정상입주협의 초품아,고덕무지개공인중개사사무소,전세,303,저,114.58,84.95,0,"115,000",0,2026-07-29
1500060287,40570370,STAR추천 트인뷰 로얄동호수 집상태최상 햇살가득 예쁜집,(Aplus)고덕스타공인중개사사무소,매매,325,중,114.58,84.95,"240,000",0,0,2026-07-29
1500060287,40570367,STAR추천 시스템에어컨 예쁜정원뷰 초품아 역세권 집상태최상,(Aplus)고덕스타공인중개사사무소,매매,304,저,114.14,84.94,"210,000",0,0,2026-07-29
1500060287,40558292,선호타입  확트인뷰  밝고환한집  초품아  명품커뮤니티,고덕강남부동산 공인중개사 사무소,매매,305,고,114.35,84.93,"230,000",0,0,2026-07-29
1500060287,40558304,찐매물 집보기가능 입주일협의가능,대일484-7474부동산공인중개사사무소,월세,307,17,113.98,84.97,0,"80,000",130,2026-07-29
1500060287,40570369,STAR추천 중문 시스템에어컨 뻥뷰 호수뷰 초품아 역세권 집상태최상,(Aplus)고덕스타공인중개사사무소,매매,320,고,114.14,84.94,"240,000",0,0,2026-07-29
1500060287,40573987,"커뮤니티최고시설, 시스템 에어컨, 정원뷰",경성공인중개사사무소,매매,304,저,114.14,84.94,"210,000",0,0,2026-07-29
1500060287,40561726,"34, 초역세권, 고층부 좋음, 초품아, 상가 인접",고일공인중개사사무소,매매,331,고,113.98,84.97,"250,000",0,0,2026-07-29
1500060287,40570366,별동 갭투자 조건협의가능 선호하는동호수,(Aplus)고덕스타공인중개사사무소,매매,341,중,81.05,59.98,"200,000",0,0,2026-07-29
1500060287,40542883,"뛰어라,주인거주,로얄동,트인뷰,시스템에어컨,체광굿,초품아,역세권",뛰어라공인중개사사무소,매매,326,중,114.58,84.95,"240,000",0,0,2026-07-28
1500060287,40528218,입주매물 초역세권 풀에어컨 커뮤니티우수 생활편리한 동,강동위드공인중개사사무소,매매,323,저,114.14,84.94,"250,000",0,0,2026-07-28
1500060287,40512626,입주 별동 트인숲조망 시스템에어컨,고덕선경(428-3939)공인중개사사무소,매매,339,저,175.81,84.97,"245,000",0,0,2026-07-28
1500060287,40512591,강추 입주매물 트인조망 초초역세권,고덕선경(428-3939)공인중개사사무소,매매,336,중,124.70,59.98,"200,000",0,0,2026-07-28
1500060287,40485752,강추 입주 풀옵션 초품아 탁트인조망 채광굿,고덕선경(428-3939)공인중개사사무소,매매,302,18,113.98,84.97,"230,000",0,0,2026-07-27
1500060287,40500677,"금터,25A 메.리.트있는가격 쾌적한 판상형 채광 한도초과 선호하는 타입",고덕그라시움금터부동산공인중개사사무소,매매,301,중,81.05,59.98,"192,000",0,0,2026-07-27
1500060287,40479858,입주. 풀에어컨.상일동역 초역세권. 상가인접.  로얄동.,뛰어라공인중개사사무소,매매,331,중,113.98,84.97,"240,000",0,0,2026-07-27
1500060287,40500676,금터.34B 보시면 반할 똘똘한 한채 시원하게 열린조망 압도적인 커뮤니티,고덕그라시움금터부동산공인중개사사무소,매매,312,중,114.35,84.93,"228,000",0,0,2026-07-27
1500060287,40490419,"탁트인 공원뷰,상일역2분,고현초",고덕종점그라시움공인중개사사무소,매매,336,중,81.05,59.98,"200,000",0,0,2026-07-27
1500060287,40504321,"34, 사방이 트인 초록 정원뷰,고현초인접, 룰에어컨",고일공인중개사사무소,전세,303,저,114.58,84.95,0,"115,000",0,2026-07-27
1500060287,40485757,강추 입주 초초역세권 선호타입 햇살가득 트인조망 풀옵션,고덕선경(428-3939)공인중개사사무소,매매,325,중,114.58,84.95,"240,000",0,0,2026-07-27
1500060287,40479860,뛰어라. 별동 25 입주일 협의가능합니다. 상일역1분컷. 상태최상,뛰어라공인중개사사무소,매매,336,중,81.05,59.98,"200,000",0,0,2026-07-27
1500060287,40486779,주인거주 초품아 뻥뷰 대단지역세권 커뮤니티,고덕거성공인중개사사무소,매매,303,19,113.98,84.97,"230,000",0,0,2026-07-27
1500060287,40479859,"시에3,붙박이,미세방충망, 빌트인냉,놀이터가 앞뒤, 우수커뮤니티",뛰어라공인중개사사무소,매매,328,저,113.98,84.97,"210,000",0,0,2026-07-27
1500060287,40486777,초품아 숲세권 뻥뷰   로얄동  명문학군 9호선공사중 커뮤니티 세안고매매,고덕거성공인중개사사무소,매매,339,중,114.14,84.94,"260,000",0,0,2026-07-27
1500060287,40479857,"뻥 트인뷰, 시에,중문, 역세권, 우수커뮤니티, 관리잘된 집",뛰어라공인중개사사무소,매매,301,고,113.98,84.97,"230,000",0,0,2026-07-27
1500060287,40482094,트인뷰 시스템에어컨 중문 초품아 우수커뮤니티 세대창고,파크자이(428-4270)공인중개사사무소,매매,303,고,113.98,84.97,"240,000",0,0,2026-07-27
1500060907,41490685,"트인뷰,시,에  ,계절 창고 ,다양한 커뮤니티.늦은 입주",센트럴부자공인중개사사무소,매매,115,저,83.30,59.93,"185,000",0,0,2026-08-26
1500060907,41490680,"전면이 트인 뷰,에어컨풀,중문,27년 말  입주협의",센트럴부자공인중개사사무소,매매,109,25,109.92,84.97,"207,000",0,0,2026-08-26
1500060907,41482704,추천 입주매물 예쁜정원뷰 초품아,고덕선경(428-3939)공인중개사사무소,매매,115,저,128.98,59.93,"185,000",0,0,2026-08-26
1500060907,41470332,풀에어컨 풀옵션  엘베2대,고덕자이(441-0109)공인중개사사무소,매매,114,저,110.43,84.44,"220,000",0,0,2026-08-25
1500060907,41449178,세안고 뻥뚫린 환상적인공원뷰  시스템에어컨5  중문  안방붙박이장,고덕강남부동산 공인중개사 사무소,매매,117,저,127.09,101.04,"240,000",0,0,2026-08-25
1500060907,41454768,"입주협의, 에풀, 넓은동간거리, 세대지하창고, 고일초초품아, 우수커뮤",고덕굿모닝(437-6009)공인중개사사무소,매매,111,9,98.73,74.82,"200,000",0,0,2026-08-25
1500060907,41470320,입주매매 풀에어컨 트인뷰,고덕자이(441-0109)공인중개사사무소,매매,111,21,83.30,59.93,"188,000",0,0,2026-08-25
1500060907,41470337,단독  입주가능 풀에어컨 엘베2대 막힘없는뷰,고덕자이(441-0109)공인중개사사무소,매매,117,고,127.09,101.04,"245,000",0,0,2026-08-25
1500060907,41454791,"입주매매 시스템에어컨, 개방감 굿, 확장, 초품아, 세대지하창고",고덕굿모닝(437-6009)공인중개사사무소,매매,115,저,83.30,59.93,"185,000",0,0,2026-08-25
1500060907,41449182,인테리어끝판왕  폴리싱바닥타일 최고급벽지 멋진중문 에4  탁트인뷰,고덕강남부동산 공인중개사 사무소,매매,109,저,109.92,84.97,"220,000",0,0,2026-08-25
1500060907,41454784,"입주협의, 풀옵션, 넓은동간거리, 초품아, 지하세대창고",고덕굿모닝(437-6009)공인중개사사무소,매매,108,저,110.43,84.44,"215,000",0,0,2026-08-25
1500060907,41449120,추천입주매매 탁트인뷰최상 채광좋은로얄동층 풀에어컨 초품아,고덕스카이공인중개사,매매,119,중,99.02,74.30,"200,000",0,0,2026-08-25
1500060907,41449116,추천입주급매 로얄동 뷰양호 시스템에어컨 커뮤니티우수,고덕스카이공인중개사,매매,115,저,83.30,59.93,"185,000",0,0,2026-08-25
1500060907,41449156,"세안고매매,구조좋음,초품아,편리한생활인프라,뷰좋음",고덕현대공인중개사사무소,매매,115,저,84.28,59.70,"180,000",0,0,2026-08-25
1500060907,41449115,입주급매 로얄동층 채광좋은정남향 풀에어컨 판상형 초품아,고덕스카이공인중개사,매매,102,고,83.30,59.93,"190,000",0,0,2026-08-25
1500060907,41449179,"늦은입주,주인거주 관리상태최상, 고일초도보 5분컷,  에풀, 안방붙박이",고덕강남부동산 공인중개사 사무소,매매,111,고,83.30,59.93,"188,000",0,0,2026-08-25
1500060907,41449136,"늦은입주,로얄동층,채광굿,풀에어컨,초품아",고덕현대공인중개사사무소,매매,111,21,83.30,59.93,"188,000",0,0,2026-08-25
1500060907,41470328,전세안고 트인뷰,고덕자이(441-0109)공인중개사사무소,매매,119,중,83.30,59.93,"185,000",0,0,2026-08-25
1500060907,41466999,에어컨5대 중문 고일초품아 우수커뮤니티 방3,파크자이(428-4270)공인중개사사무소,매매,109,저,109.92,84.97,"220,000",0,0,2026-08-25
1500060907,41454770,"입주내년초, 시스템에어컨4대,개방감 좋은 트인뷰,초품아. 세대창고",고덕굿모닝(437-6009)공인중개사사무소,매매,115,2,84.28,59.70,"180,000",0,0,2026-08-25
1500060907,41464213,초등바로.전철역.상가이용편리한동.풀에어컨.풀옵션.집상태굿,키움공인중개사사무소,매매,108,9,110.00,84.73,"220,000",0,0,2026-08-25
1500060907,41454766,"입주매매,시스템에어컨, 고일초초품아, 세대별지하창고, 우수커뮤니티",고덕굿모닝(437-6009)공인중개사사무소,매매,111,21,83.30,59.93,"188,000",0,0,2026-08-25
1500060907,41449086,로얄동층 채광좋은정남향 풀시스템에어컨 초품아,고덕스카이공인중개사,매매,108,9,110.00,84.73,"220,000",0,0,2026-08-25
1500060907,41449087,입주가능 로얄동층 가든뷰좋음 풀에어컨 채광좋은집 초품아,고덕스카이공인중개사,매매,111,21,83.30,59.93,"188,000",0,0,2026-08-25
1500060907,41454790,"확트인뷰, 시스템에어컨풀, 초품아, 커뮤니티시설우수",고덕굿모닝(437-6009)공인중개사사무소,매매,119,중,99.02,74.30,"200,000",0,0,2026-08-25
1500060907,41449119,세안고급매 채광좋은로얄동 풀에어컨 커뮤니티우수 초품아,고덕스카이공인중개사,매매,109,저,109.92,84.97,"205,000",0,0,2026-08-25
1500060907,41449092,추천세안고매매 로얄동층 풀시스템에어컨 초품아,고덕스카이공인중개사,매매,109,25,109.92,84.97,"207,000",0,0,2026-08-25
1500060907,41464211,로얄동층.확트인 채광좋은뷰.풀에어컨.초품아.우수 커뮤니티,키움공인중개사사무소,매매,109,25,109.92,84.97,"207,000",0,0,2026-08-25
1500060907,41469794,STAR추천 로얄동 풀에어컨 관리잘된집,스타공인중개사사무소,매매,110,19,110.43,84.44,"210,000",0,0,2026-08-25
1500060907,41454769,"로얄동,세안고 급매, 풀에어컨 트인뷰 초품아 지하세대별창고",고덕굿모닝(437-6009)공인중개사사무소,매매,109,25,109.92,84.97,"207,000",0,0,2026-08-25
1500060907,41449123,추천입주급매 로얄동 시스템에어컨 채광좋음 판상형,고덕스카이공인중개사,매매,115,저,83.30,59.93,"185,000",0,0,2026-08-25
1500060907,41449112,세안고추천매매 탁트인뷰최상 채광좋은로얄동층 풀에어컨,고덕스카이공인중개사,매매,117,저,127.09,101.04,"240,000",0,0,2026-08-25
1500060907,41464212,로얄동층. 풀에어컨.채광좋은 트인뷰.초품아.우수 커뮤니티,키움공인중개사사무소,매매,111,21,83.30,59.93,"188,000",0,0,2026-08-25
1500060907,41449104,세안고매매 지하철가까운로얄동층 풀에어컨 채광좋은집 초품아,고덕스카이공인중개사,매매,111,중,98.73,74.82,"200,000",0,0,2026-08-25
1500060907,41454786,"늦은입주, 에풀 로얄동,엘베2,개방감굿, 초품아, 커뮤니티우수",고덕굿모닝(437-6009)공인중개사사무소,매매,117,저,127.09,101.04,"240,000",0,0,2026-08-25
1500060907,41466992,입주매매 학교옆 로얄동호 풀에어컨 방4 중문 우수커뮤니티,파크자이(428-4270)공인중개사사무소,매매,108,9,110.00,84.73,"220,000",0,0,2026-08-25
1500060907,41449138,"로얄동층,세안고매매,초품아,뷰굿,채광굿,가성비굿",고덕현대공인중개사사무소,매매,109,25,109.92,84.97,"207,000",0,0,2026-08-25
1500060907,41454785,"급매,늦은입주,풀인테리어, 에어컨풀, 조용한 로얄동, 초품아 우수커뮤니티",고덕굿모닝(437-6009)공인중개사사무소,매매,109,저,109.92,84.97,"205,000",0,0,2026-08-25
1500060907,41470338,전세안고 풀에어컨  트인뷰,고덕자이(441-0109)공인중개사사무소,매매,111,중,98.73,74.82,"200,000",0,0,2026-08-25
1500060907,41464221,채광좋은 선호타입.풀에어컨.전철역 도보권.초품아. 우수커뮤니티,키움공인중개사사무소,매매,109,저,109.92,84.97,"205,000",0,0,2026-08-25
1500060907,41449085,추천입주매매 채광좋은로얄동층 뷰좋은집 풀에어컨 공기청정기,고덕스카이공인중개사,매매,111,9,98.73,74.82,"200,000",0,0,2026-08-25
1500060907,41427092,"커뮤니티최고시설,풀옵션,학세권고일초5분거리",경성공인중개사사무소,매매,114,저,110.43,84.44,"220,000",0,0,2026-08-24
1500060907,41411266,,고덕자이(441-0109)공인중개사사무소,매매,103,저,109.92,84.97,"210,000",0,0,2026-08-24
1500060907,41487162,"34p  고일초 바로옆  초품아,  조망굿, 채광굿 트인뷰, 입주협의",고덕리더스공인중개사사무소,매매,108,저,110.43,84.44,"215,000",0,0,2026-08-24
1500060907,41414616,입주추천 트인뷰 풀에어컨 입주정상 30P 알파룸,고덕무지개공인중개사사무소,매매,119,중,99.02,74.30,"200,000",0,0,2026-08-24
1500060907,41402124,"파노라마 트인뷰,9호선 호재 단지,에어컨 풀,입주 정상",센트럴부자공인중개사사무소,매매,118,26,109.92,84.97,"220,000",0,0,2026-08-24
1500060907,41417966,"추천 입주급매, 엘베2대, 에어컨풀, 초품아,지하세대창고 , 커뮤니티우수",고덕굿모닝(437-6009)공인중개사사무소,매매,110,고,109.92,84.97,"215,000",0,0,2026-08-24
1500060907,41411263,입주매매 시스템에어컨 트인뷰,고덕자이(441-0109)공인중개사사무소,매매,115,저,83.30,59.93,"185,000",0,0,2026-08-24
1500060907,41487164,44p 강추 귀한 대형 풀옵션 탁트인 공원 뻥뷰 역세권 밝고환한집,고덕리더스공인중개사사무소,매매,116,고,146.48,118.44,"255,000",0,0,2026-08-24
1500060907,41433264,로얄동층 늦은입주 풀시스템에어컨 채광좋은집 팬트리공간,고덕스카이공인중개사,매매,114,저,110.43,84.44,"220,000",0,0,2026-08-24
1500060907,41487161,30p 강추 입주매매 풀옵션 트인 뷰 관리잘된집,고덕리더스공인중개사사무소,매매,119,중,99.02,74.30,"200,000",0,0,2026-08-24
1500060907,41429838,"세안고 매매 ,방3개, 풀시스템에어컨,조합원옵션,로얄동층",단지내이레(443-6606)공인중개사사무소,매매,109,25,109.92,84.97,"207,000",0,0,2026-08-24
1500060907,41487166,"34p 방4, 고일초 바로옆, 풀옵션, 정남향, 트인뷰, 정상입주",고덕리더스공인중개사사무소,매매,108,고,110.00,84.73,"220,000",0,0,2026-08-24
1500060907,41421775,대단지역세권 명문학군 커뮤니티 풀옵션 입주가능,고덕거성공인중개사사무소,매매,116,고,146.48,118.44,"270,000",0,0,2026-08-24
1500060907,41417934,넓은거실 로얄동 특수리 초품아 우수커뮤니티시설,고덕굿모닝(437-6009)공인중개사사무소,매매,109,저,109.92,84.97,"220,000",0,0,2026-08-24
1500060907,41487160,34p 방4  특인테리어  에어컨3  중문  트인뷰 정상입주,고덕리더스공인중개사사무소,매매,109,저,109.92,84.97,"220,000",0,0,2026-08-24
1500060907,41414618,세안고  풀에어컨 대단지 커뮤너티시설  학군  단지조성우수,고덕무지개공인중개사사무소,매매,109,고,109.92,84.97,"207,000",0,0,2026-08-24
1500060907,41421772,대단지역세권 명문학군 커뮤니티 풀옵션 늦은입주가능,고덕거성공인중개사사무소,매매,114,저,110.43,84.44,"220,000",0,0,2026-08-24
1500060907,41421774,대단지역세권 명문학군 커뮤니티 풀옵션 입주가능,고덕거성공인중개사사무소,매매,109,저,109.92,84.97,"220,000",0,0,2026-08-24
1500060907,41429837,"입주매매,올확장,풀시스템에어컨,27년 상반기 입주가능",단지내이레(443-6606)공인중개사사무소,매매,111,21,83.30,59.93,"188,000",0,0,2026-08-24
1500060907,41422202,넓은거실.확트인뷰.선호타입.풀에어컨.전철역 도보권,키움공인중개사사무소,매매,109,저,109.92,84.97,"220,000",0,0,2026-08-24
1500060907,41411257,입주매매 풀에어컨 트인뷰,고덕자이(441-0109)공인중개사사무소,매매,111,9,98.73,74.82,"200,000",0,0,2026-08-24
1500060907,41411267,입주매매  정남향  풀에어컨  깨끗하고예쁜집,고덕자이(441-0109)공인중개사사무소,매매,102,고,83.30,59.93,"190,000",0,0,2026-08-24
1500060907,41414615,세안고 트인 고덕천뷰 풀에어컨 개별창고,고덕무지개공인중개사사무소,매매,115,저,84.28,59.70,"180,000",0,0,2026-08-24
1500060907,41433267,추천입주매매 탁트인뷰최상 로얄동층 풀에어컨 커뮤니티우수 초품아,고덕스카이공인중개사,매매,118,고,109.92,84.97,"220,000",0,0,2026-08-24
1500060907,41417929,"에풀, 엘베2대, 개방감굿, 고일초초품아, 세대지하창고, 우수커뮤",고덕굿모닝(437-6009)공인중개사사무소,매매,114,저,110.43,84.44,"220,000",0,0,2026-08-24
1500060907,41417913,"방4개,개방감 굿, 시스템에어컨풀, 정남향,초품아, 우수커뮤니티",고덕굿모닝(437-6009)공인중개사사무소,매매,108,9,110.00,84.73,"220,000",0,0,2026-08-24
1500060907,41487165,34p 강추 역세권 풀에어컨 조망굿 고일초 세안고,고덕리더스공인중개사사무소,매매,109,고,109.92,84.97,"207,000",0,0,2026-08-24
1500060907,41375101,"커뮤니티최고시설,풀에어컨,학세권고일초5분거리,세끼고",경성공인중개사사무소,매매,119,고,98.73,74.82,"220,000",0,0,2026-08-22
1500060907,41376171,"최상의 전면뷰,에어컨 풀,계절 창고,세안고",센트럴부자공인중개사사무소,매매,115,저,84.28,59.70,"180,000",0,0,2026-08-22
1500060907,41375086,"커뮤니티최고시설,풀옵션,학세권고일초5분거리,세끼고",경성공인중개사사무소,매매,111,중,98.73,74.82,"200,000",0,0,2026-08-22
1500060907,41375087,"커뮤니티최고시설,풀옵션,학세권고일초5분거리,세끼고",경성공인중개사사무소,매매,115,저,84.28,59.70,"180,000",0,0,2026-08-22
1500060907,41375079,"커뮤니티최고시설,풀옵션,학세권고일초5분거리,정상입주",경성공인중개사사무소,매매,111,9,98.73,74.82,"200,000",0,0,2026-08-22
1500060907,41367624,로얄동층.  초품아. 풀에어컨. 트인뷰. 방3. 집보실수있어요,강동위드공인중개사사무소,매매,109,저,109.92,84.97,"220,000",0,0,2026-08-22
1500060907,41375091,"커뮤니티최고시설,풀옵션,학세권고일초5분거리,정상입주",경성공인중개사사무소,매매,110,중,110.43,84.44,"220,000",0,0,2026-08-22
1500060907,41375090,"커뮤니티최고시설,풀옵션,학세권고일초5분거리,정상입주",경성공인중개사사무소,매매,109,저,109.92,84.97,"220,000",0,0,2026-08-22
1500060907,41375092,"커뮤니티최고시설,풀옵션,학세권고일초5분거리,입주협의",경성공인중개사사무소,매매,108,저,110.43,84.44,"215,000",0,0,2026-08-22
1500060907,41375102,"커뮤니티최고시설,풀옵션,학세권고일초5분거리",경성공인중개사사무소,매매,109,저,109.92,84.97,"205,000",0,0,2026-08-22
1500060907,41375080,"커뮤니티최고시설,풀옵션,학세권고일초5분거리,세끼고",경성공인중개사사무소,매매,109,25,109.92,84.97,"207,000",0,0,2026-08-22
1500060907,41353085,탁트인뷰 세안고 풀에어컨 커뮤니티우수 초품아,고덕스카이공인중개사,매매,115,저,129.78,59.70,"180,000",0,0,2026-08-22
1500060907,41375077,"커뮤니티최고시설,풀옵션,학세권고일초5분거리,정상입주",경성공인중개사사무소,매매,108,9,110.00,84.73,"220,000",0,0,2026-08-22
1500060907,41375078,"커뮤니티최고시설,풀옵션,학세권고일초5분거리,정상입주",경성공인중개사사무소,매매,111,21,83.30,59.93,"188,000",0,0,2026-08-22
1500060907,41375104,입구 최고동 입주 초품아 상가근거리 풀옵션 입니다,대일공인중개사사무소,매매,102,고,83.30,59.93,"190,000",0,0,2026-08-22
1500060907,41358839,로얄동층 화이트인테리어 풀시스템에어컨 커뮤니티우수 초품아,고덕스카이공인중개사,매매,109,저,109.92,84.97,"220,000",0,0,2026-08-22
1500060907,41375089,"커뮤니티최고시설,풀옵션,학세권고일초5분거리,정상입주",경성공인중개사사무소,매매,115,저,83.30,59.93,"185,000",0,0,2026-08-22
1500060907,41325383,입주 o 귀한대형평형 o 에어컨풀 o 정남향밝은집 o 트인뷰,롯데공인중개사사무소,매매,116,고,146.48,118.44,"270,000",0,0,2026-08-21
1500060907,41328250,"늦은 입주, 시스템에어컨, 채광 통풍 굿, 초품아, 커뮤니티우수",고덕현대공인중개사사무소,매매,115,저,83.30,59.93,"185,000",0,0,2026-08-21
1500060907,41318515,강추입주매매 지하철가까운로얄동층 정남향 풀에어컨 판상형,고덕스카이공인중개사,매매,102,고,83.30,59.93,"190,000",0,0,2026-08-21
1500060907,41318510,로얄동층 전망좋은뷰 채광좋은판상형 풀에어컨 정남향,고덕스카이공인중개사,매매,107,고,110.00,84.73,"230,000",0,0,2026-08-21
1500060907,41332345,"큰평수 정남향 탁트인뷰, 세대지하창고, 에풀,초품아, 커뮤니티우수",고덕굿모닝(437-6009)공인중개사사무소,월세,116,저,146.48,118.44,0,"50,000",470,2026-08-21
1500060907,41339091,,고덕자이(441-0109)공인중개사사무소,매매,116,고,146.48,118.44,"270,000",0,0,2026-08-21
1500060907,41283131,전세안고 풀에어컨  트인뷰 엘베2대,고덕자이(441-0109)공인중개사사무소,매매,109,25,109.92,84.97,"207,000",0,0,2026-08-20
1500060907,41289291,"에풀, 선호평형, 많은수납공간, 세대지하창고, 우수커뮤",고덕굿모닝(437-6009)공인중개사사무소,매매,105,저,83.30,59.93,"180,000",0,0,2026-08-20
1500060907,41487225,44p 풀옵션 초품아 공원뷰 입주일조정가능,고덕리더스공인중개사사무소,월세,116,저,146.48,118.44,0,"58,000",400,2026-08-20
1500060907,41299562,"뛰어라,풀에어컨,트인뷰,입주매매,안방붙박이장,로얄동",뛰어라공인중개사사무소,매매,111,고,83.30,59.93,"188,000",0,0,2026-08-20
1500060907,41262165,풀에어컨  트인뷰,고덕자이(441-0109)공인중개사사무소,매매,109,저,109.92,84.97,"220,000",0,0,2026-08-19
1500060907,41262167,전망채광좋은 로얄타입 내부풀옵션 로얄동매물,고덕자이(441-0109)공인중개사사무소,매매,117,저,127.09,101.04,"240,000",0,0,2026-08-19
1500060907,41262163,입주매매 에어컨풀  중문 막힘없는 트인뷰,고덕자이(441-0109)공인중개사사무소,매매,118,고,109.92,84.97,"220,000",0,0,2026-08-19
1500060907,41263780,조합원 매물  정남향  풀에어컨  중문  커뮤니티인접동 고일초,고덕강남부동산 공인중개사 사무소,매매,108,고,110.00,84.73,"215,000",0,0,2026-08-19
1500060907,41253388,강추 입주 정남향 채광굿 풀옵션 컨디션최상,고덕선경(428-3939)공인중개사사무소,매매,102,고,83.30,59.93,"190,000",0,0,2026-08-19
1500060907,41262155,정남향 밝은집,고덕자이(441-0109)공인중개사사무소,매매,108,9,110.00,84.73,"220,000",0,0,2026-08-19
1500060907,41212423,세안고매매 풀에어컨 초품아 대단지커뮤니티 지하세대창고,강동위드공인중개사사무소,매매,115,저,84.28,59.70,"180,000",0,0,2026-08-18
1500060907,41202557,귀한입주 매물 로얄동 채광 조망 굿 초품아 학군우수 커뮤니티 우수,고덕시온공인중개사사무소,매매,117,중,128.29,101.99,"250,000",0,0,2026-08-18
1500060907,41196951,강추 입주매물 로얄동 정남향 트인조망 풀옵션 컨디션최상 초품아,고덕선경(428-3939)공인중개사사무소,매매,102,고,83.30,59.93,"190,000",0,0,2026-08-18
1500060907,41191858,입주 트인뷰 초품아 선호하는타입 좋은집입니다,대일공인중개사사무소,매매,119,중,99.02,74.30,"200,000",0,0,2026-08-18
1500060907,41189168,"올확장, 풀옵션,트인뷰의 정남향으로 채광좋아요",단지내이레(443-6606)공인중개사사무소,매매,108,9,110.00,84.73,"220,000",0,0,2026-08-18
1500060907,41191856,초품아 밝고 트인뷰 고덕천 명문중고교 근거리 좋은집 세안고입니다,대일공인중개사사무소,매매,119,고,98.73,74.82,"220,000",0,0,2026-08-18
1500060907,41207808,남향 트인뷰 채광우수  풀옵션 입주협의 대단지 커뮤너티,고덕무지개공인중개사사무소,매매,116,고,146.48,118.44,"255,000",0,0,2026-08-18
1500060907,41214896,전세안고 풀에어컨 트인뷰 밝은집,고덕자이(441-0109)공인중개사사무소,매매,115,저,84.28,59.70,"180,000",0,0,2026-08-18
1500060907,41207807,풀옵션 입주매매 내부상태우수 단지내조경 대단지커뮤너티,고덕무지개공인중개사사무소,매매,108,고,110.00,84.73,"220,000",0,0,2026-08-18
1500060907,41189171,"입주매매,올확장,풀옵션,채광좋은 집, 입주협의됩니다",단지내이레(443-6606)공인중개사사무소,매매,119,중,99.02,74.30,"200,000",0,0,2026-08-18
1500060907,41204409,"트인조망, 시스템에어컨5, 초품아, 세대창고",고덕숲공인중개사무소,매매,117,12,128.29,101.99,"245,000",0,0,2026-08-18
1500060907,41226898,"남향,고층트인 전망, 고일초근접, 커뮤니티우수",고일공인중개사사무소,매매,116,고,146.48,118.44,"255,000",0,0,2026-08-18
1500060907,41142547,대단지역세권 명문학군 커뮤니티 풀옵션 인테리어 롯데타워전망 입주,고덕거성공인중개사사무소,매매,109,고,110.43,84.44,"217,000",0,0,2026-08-15
1500060907,41145931,"올확장, 정남향의 확트인 뷰,풀시스템에어컨,초품아,우수커뮤니티",단지내이레(443-6606)공인중개사사무소,매매,116,고,146.48,118.44,"270,000",0,0,2026-08-15
1500060907,41138104,트인뷰  초품아 엘베2대 중앙동 생활편리,고덕자이(441-0109)공인중개사사무소,매매,109,저,109.92,84.97,"205,000",0,0,2026-08-15
1500060907,41144699,풀옵션 포쉐린바닥 초품아 상일역 상가 근거리 깔끔 밝고 예쁜집,대일공인중개사사무소,매매,102,고,83.30,59.93,"190,000",0,0,2026-08-15
1500060907,41142548,대단지역세권 명문학군 커뮤니티 풀옵션 입주가능,고덕거성공인중개사사무소,매매,119,중,99.02,74.30,"200,000",0,0,2026-08-15
1500060907,41131195,강추 입주매물 로얄동층 탁트인조망 정남향 컨디션최상,고덕선경(428-3939)공인중개사사무소,매매,102,고,0.00,59.93,"190,000",0,0,2026-08-15
1500060907,41126033,강추 매매  채광좋은  인테리어잘된집 로얄동 로얄층 입주협의,조은동네부동산426-9800공인중개사사무소,매매,109,저,109.92,84.97,"220,000",0,0,2026-08-14
1500060907,41126376,"올확장,단지 중앙 조용한 동,초품아,우수커뮤니티",단지내이레(443-6606)공인중개사사무소,매매,109,저,109.92,84.97,"220,000",0,0,2026-08-14
1500060907,41067768,"34 ,단지정원 전망, 고일초단지내,",고일공인중개사사무소,매매,110,저,110.43,84.44,"220,000",0,0,2026-08-13
1500060907,41045196,추천 세안고 풀옵션 트인조망 초품아,고덕선경(428-3939)공인중개사사무소,매매,115,저,84.28,59.70,"180,000",0,0,2026-08-13
1500060907,41067766,"34,남향,뷰가 좋은 동,고일초근접",고일공인중개사사무소,매매,108,9,110.00,84.73,"220,000",0,0,2026-08-13
1500060907,41018310,"넓은평수, 선호평형, 많은 수납공간, 세대지하창고, 우수커뮤",고덕굿모닝(437-6009)공인중개사사무소,매매,117,저,127.09,101.04,"238,000",0,0,2026-08-12
1500060907,41061543,귀한평수 탁트인뷰 풀에어컨 선호도 좋은 구조 입주가능,강동위드공인중개사사무소,매매,119,중,99.02,74.30,"200,000",0,0,2026-08-12
1500060907,41006611,추천입주매물 로얄동층 채광굿 시스템에어컨 초품아,고덕선경(428-3939)공인중개사사무소,매매,111,고,128.98,59.93,"188,000",0,0,2026-08-12
1500060907,40991553,큰평수.확트인 스카이뷰 최상.초품아.우수 커뮤니티,키움공인중개사사무소,매매,116,고,146.48,118.44,"270,000",0,0,2026-08-11
1500060907,40991774,"입주매매, 밝고 환한 로얄동층, 풀옵션, 초품아",고덕현대공인중개사사무소,매매,111,중,98.73,74.82,"200,000",0,0,2026-08-11
1500060907,40988454,"풀옵션, 정남향, 초품아 우수학군, 우수커뮤니티, 조합원물건",고덕굿모닝(437-6009)공인중개사사무소,매매,116,고,146.48,118.44,"270,000",0,0,2026-08-11
1500060907,40978560,"30  채광 좋고 아름다운 정원 뷰, 고일초근접,커뮤니티시설 좋음",고일공인중개사사무소,매매,111,중,98.73,74.82,"200,000",0,0,2026-08-11
1500060907,40952003,강추 늦은입주  초품아 시스템에어컨  커뮤니티우수,고덕선경(428-3939)공인중개사사무소,매매,115,저,83.30,59.93,"185,000",0,0,2026-08-10
1500060907,40944393,세안고 로얄동 채광 조망 굿 초품아 학군우수 커뮤니티 우수,고덕시온공인중개사사무소,매매,109,고,109.92,84.97,"207,000",0,0,2026-08-10
1500060907,40929556,"25,고덕천뷰, 풀에어컨 및 인테리어, 고일초,다양한커뮤니티",고일공인중개사사무소,매매,115,저,84.28,59.70,"180,000",0,0,2026-08-10
1500060907,40926429,"트인뷰 ,에어컨 ,중문  ,격조높은 커뮤니티. 특 인테리어 입주",센트럴부자공인중개사사무소,매매,109,저,109.92,84.97,"220,000",0,0,2026-08-10
1500060907,40926437,"트인뷰,에어컨 풀,계절 창고, 세안고. 초품아.",센트럴부자공인중개사사무소,매매,111,중,98.73,74.82,"200,000",0,0,2026-08-10
1500060907,40952005,강추 입주 탁트인시원한조망 햇살가득 밝고환한집,고덕선경(428-3939)공인중개사사무소,매매,119,중,99.02,74.30,"200,000",0,0,2026-08-10
1500060907,40945606,"입주,정남향,채광굿,로얄동층,상태굿,초품아",고덕현대공인중개사사무소,매매,108,9,110.00,84.73,"240,000",0,0,2026-08-10
1500060907,40904068,"커뮤니티최고시설,풀에어컨,학세권고일초5분거리,정상입주",경성공인중개사사무소,매매,119,중,99.02,74.30,"200,000",0,0,2026-08-08
1500060907,40897216,입주가능 초품아 학교인근 채광 조망 굿 로얄동 학군우수 커뮤니티 우수,고덕시온공인중개사사무소,매매,108,고,110.00,84.73,"220,000",0,0,2026-08-08
1500060907,40897352,"고덕천뷰,입주가,초품아,선호구조,세안고",고덕종점그라시움공인중개사사무소,매매,111,중,98.73,74.82,"200,000",0,0,2026-08-08
1500060907,40897215,단독 세끼고 귀한 매물 채광 조망 굿 초품아 학군우수 커뮤니티 우수,고덕시온공인중개사사무소,매매,115,고,98.73,74.82,"200,000",0,0,2026-08-08
1500060907,40869399,대단지역세권 명문학군 브랜드1위아파트 귀한월세물건 입주협의,고덕거성공인중개사사무소,월세,116,저,146.48,118.44,0,"58,000",440,2026-08-07
1500060907,40850917,"시스템에어컨, 개방감굿, 고일초초품아, 세대지하창고, 우수커뮤니티",고덕굿모닝(437-6009)공인중개사사무소,매매,110,중,110.43,84.44,"220,000",0,0,2026-08-07
1500060907,40844961,입주 로얄동 채광 조망 굿 학군우수 초품아 커뮤니티 우수,고덕시온공인중개사사무소,매매,109,저,109.92,84.97,"220,000",0,0,2026-08-07
1500060907,40804246,로얄동 입주매매 채광 조망 굿 넓은 뷰 초품아 학군우수 커뮤니티 우수,고덕시온공인중개사사무소,매매,118,고,109.92,84.97,"220,000",0,0,2026-08-06
1500060907,40824298,"트인뷰,에어컨 풀,중문, 붙박이장,방4,편리한 커뮤니티.",센트럴부자공인중개사사무소,매매,108,9,110.00,84.73,"220,000",0,0,2026-08-06
1500060907,40804247,세안고 늦은입주 채광 조망 굿 초품아 학군우수 커뮤니티 우수,고덕시온공인중개사사무소,매매,115,저,84.28,59.70,"180,000",0,0,2026-08-06
1500060907,40824336,"채광A급,초품아,정남향,다양한 커뮤니티, 세안고",센트럴부자공인중개사사무소,매매,119,중,99.02,74.30,"200,000",0,0,2026-08-06
1500060907,40772225,,조은동네부동산426-9800공인중개사사무소,매매,102,중,83.30,59.93,"188,000",0,0,2026-08-05
1500060907,40638036,"커뮤니티최고시설,풀옵션,학세권고일초5분거리,정상입주",경성공인중개사사무소,매매,116,고,146.48,118.44,"255,000",0,0,2026-07-31
1500060907,40648200,풀옵션  세안고 27.6월 귀한평형 대단지커뮤너티 고일초품,고덕무지개공인중개사사무소,매매,111,중,98.73,74.82,"200,000",0,0,2026-07-31
1500060907,40611166,입주 로얄동층 컨디션최상 시스템에어컨 초품아 채광굿,고덕선경(428-3939)공인중개사사무소,매매,111,고,83.30,59.93,"188,000",0,0,2026-07-30
1500060907,40604048,트인뷰 풀에어콘  커뮤너티우수 입주협의,고덕무지개공인중개사사무소,매매,111,고,83.30,59.93,"188,000",0,0,2026-07-30
1500060907,40593953,"트인뷰,에어컨 풀,우수한 커뮤니티,입주협의",센트럴부자공인중개사사무소,매매,111,21,83.30,59.93,"188,000",0,0,2026-07-30
1500060907,40610802,"귀한대형평수,방4개,시원하게트인뷰,상태굿,입주정상",고덕현대공인중개사사무소,매매,116,고,146.48,118.44,"255,000",0,0,2026-07-30
1500060907,40558299,"44p ,정남향 ,확트인뷰  에6 ,안방붙박이장, 고일초 2분컷,",고덕강남부동산 공인중개사 사무소,매매,116,고,146.48,118.44,"270,000",0,0,2026-07-29
1500060907,40522413,"남향,고층트인 전망, 고일초근접, 커뮤니티우수",고일공인중개사사무소,매매,102,고,83.30,59.93,"185,000",0,0,2026-07-28
1500060907,40522411,,고일공인중개사사무소,매매,111,21,83.30,59.93,"188,000",0,0,2026-07-28
1500060907,40528220,,강동위드공인중개사사무소,매매,116,고,146.48,118.44,"255,000",0,0,2026-07-28
1500060907,40486775,대단지역세권 명문학군 커뮤니티 풀옵션 입주가능,고덕거성공인중개사사무소,매매,108,9,110.00,84.73,"220,000",0,0,2026-07-27
1500060907,40497453,선호타입 풀에어컨 집상태최상 관리잘된집,(Aplus)고덕스타공인중개사사무소,매매,110,19,110.43,84.44,"210,000",0,0,2026-07-27
1569,40973666,"한영중,고앞 . 숲조망좋은 밝고 환한집",제일공인중개사사무소481-6600,매매,1,4,0.00,84.23,"149,000",0,0,2026-08-11
1561,41115355,,대일공인중개사사무소,매매,101,저,73.95,59.25,"70,000",0,0,2026-08-14
20453448,41480757,"입주2년차,9호선도보7분거리,초중고인접,로얄동로얄층,채광최고",둔촌박성원공인중개사사무소,매매,107,고,171.42,95.24,"200,000",0,0,2026-08-26
20453448,41446270,"신축입주2년차,9호선도보7분거리,초중고인접",둔촌박성원공인중개사사무소,전세,103,4,169.00,93.84,0,"105,000",0,2026-08-25
20453448,41460679,"정남향,풀에어컨,알파룸확장,정상입주 마음에 드실겁니다",제일공인중개사사무소,매매,107,2,114.99,95.24,"195,000",0,0,2026-08-25
20453448,41480003,34 l 집보고 결정 l 9호선 급행 l 초.중.고 l 공동환영,윤포레온공인중개사사무소,매매,107,13,114.99,95.24,"200,000",0,0,2026-08-25
20453448,41480002,윤.34 l 세안고 l 9호선급행 l 선린초 둔촌중,윤포레온공인중개사사무소,매매,105,7,114.99,95.24,"200,000",0,0,2026-08-25
20453448,41480005,"윤.34 l 신축 전세 l 9호선 l 선린초,둔촌초",윤포레온공인중개사사무소,전세,103,4,113.39,93.84,0,"105,000",0,2026-08-25
20453448,41422669,"시스템에어컨설치됨,9호선보훈병원급행,신축2년",금성484-4004(단지내30여년)포레온공인중개사사무소,전세,103,4,113.39,93.84,0,"105,000",0,2026-08-24
20453448,41400779,"추천,남향,로얄층,개방감과 거실뷰 굿,시에4,9호선급행역,초중고 도보5분",펜테리움공인중개사사무소,매매,107,고,113.39,93.84,"200,000",0,0,2026-08-24
20453448,41422676,"사준집,저평가,시스템에어컨4대,9호선7분,세안고",금성484-4004(단지내30여년)포레온공인중개사사무소,매매,105,중,114.99,95.24,"200,000",0,0,2026-08-24
20453448,41414483,로얄34p. 9호선직행 학군좋은쾌적한단지 넓고잘빠진구조 신축2년차,로얄(02-470-0113)공인중개사사무소,매매,107,고,114.99,95.24,"200,000",0,0,2026-08-24
20453448,41422695,"신축2년차,9호선도보7분거리,초중고인접,채광최고,로얄동층",둔촌박성원공인중개사사무소,매매,107,고,114.99,95.24,"200,000",0,0,2026-08-24
20453448,41422679,"사준집,입주2년차, 시스템에어컨4대,알파룸있음",금성484-4004(단지내30여년)포레온공인중개사사무소,매매,107,저,114.99,95.24,"190,000",0,0,2026-08-24
20453448,41413340,9호선 급행인접 l 초중고 학세권 l 신축 l 커뮤니티시설 l시스템에어,강동하나공인중개사사무소,매매,107,고,114.99,95.24,"200,000",0,0,2026-08-24
20453448,41422675,"무주택자가능 ,세안고 시스템에어컨4대",금성484-4004(단지내30여년)포레온공인중개사사무소,매매,107,중,114.99,95.24,"197,000",0,0,2026-08-24
20453448,41386902,"윤.34 l 주인단독 l 최저가 l 9호선 l 둔촌초,선린초",윤포레온공인중개사사무소,전세,107,중,113.39,93.84,0,"95,000",0,2026-08-22
20453448,41325796,"신축리모델링아파트, 일자산 숲세권 , 9호선보훈병원급행 이용용이",둔촌푸르지오공인중개사사무소,매매,105,중,114.99,95.24,"200,000",0,0,2026-08-21
20453448,41325793,"신축리모델링아파트, 일자산 조망굿 , 9호선보훈병원급행5분거리 ",둔촌푸르지오공인중개사사무소,매매,102,4,113.39,93.84,"192,000",0,0,2026-08-21
20453448,41194570,"9호선직행보훈병원역도보5분,신축아파트, 일자산공원근접",서울부동산중개사무소,매매,105,중,114.99,95.24,"200,000",0,0,2026-08-18
20453448,41197180,,금성484-4004(단지내30여년)포레온공인중개사사무소,매매,105,저,114.99,95.24,"200,000",0,0,2026-08-18
20453448,41152600,34 l 신축 l 9호선 l 일자산 l 선린초 둔촌초,윤포레온공인중개사사무소,전세,103,4,113.39,93.84,0,"105,000",0,2026-08-16
20453448,41152601,윤.34 단독 l 귀한전세 l 입주협의 l 남향 l 공동환영,윤포레온공인중개사사무소,전세,107,중,113.39,93.84,0,"95,000",0,2026-08-16
20453448,41134542,34 l 세안고 l 9호선급행지 초역세권 l 선린초 둔촌중,윤포레온공인중개사사무소,매매,105,저,114.99,95.24,"193,000",0,0,2026-08-15
20453448,40919270,9호선 급행인접 l 냠향 트인뷰 l 신축 l 커뮤니티시설 l시스템에어컨5,강동하나공인중개사사무소,매매,107,고,171.42,95.24,"200,000",0,0,2026-08-10
20453448,40884274,"윤.34 l 집보고 결정 l 9호선 급행 l 선린초,둔촌초",윤포레온공인중개사사무소,매매,103,고,113.39,93.84,"227,000",0,0,2026-08-08
20453448,40884275,윤.34 l 그림같은 뷰 l 9호선급행 도보권,윤포레온공인중개사사무소,매매,102,고,113.03,93.54,"210,000",0,0,2026-08-08
20453448,40729647,34 신축 l 9호선급행지 초역세권 l 선린초 둔촌중,윤포레온공인중개사사무소,매매,101,고,114.99,95.24,"210,000",0,0,2026-08-03
20446904,41449070,"신축3년차,9호선도보5분거리,급행강남권25분거리,초중인접",둔촌박성원공인중개사사무소,매매,104,저,116.60,84.88,"179,000",0,0,2026-08-25
20446904,41443574,"신축3년차,방4,화2,9호선도보5분거리,초중고인접",둔촌박성원공인중개사사무소,매매,104,저,291.11,118.70,"225,000",0,0,2026-08-25
20446904,41443568,"9호선도보5분거리,급행강남권25분거리,초중고인접",둔촌박성원공인중개사사무소,매매,102,저,208.97,84.85,"175,000",0,0,2026-08-25
20446904,41349320,"9호선도보5분거리,급행강남권25분거리,초중고인접",둔촌박성원공인중개사사무소,매매,104,저,210.27,84.88,"179,000",0,0,2026-08-22
20446904,41334939,조용한 주거 추가 인테리어했음 시스템 에어컨 4대 9호선 급행선 이용,라임공인중개사사무소,매매,104,저,116.60,84.88,"179,000",0,0,2026-08-21
20446904,41293334,"9호선도보5분거리,급행강남권25분거리,초중고인접",둔촌박성원공인중개사사무소,매매,102,저,115.34,84.85,"175,000",0,0,2026-08-20
20446904,41197164,"신축3년차,9호선도보5분거리,초중고인접,조용하고 분위있는단지",둔촌박성원공인중개사사무소,매매,104,저,160.12,118.70,"225,000",0,0,2026-08-18
20446904,41162066,정원 조망 남향 채광좋음 무주택자 가능 9호선 역세권,라임공인중개사사무소,매매,102,저,115.34,84.85,"175,000",0,0,2026-08-17
20446904,41151548,남향 협의입주 조합원 고급옵션 조용하고 멋진 조경뷰,라임공인중개사사무소,매매,104,고,160.12,118.70,"250,000",0,0,2026-08-16
20446904,41151547,1년 단기  월세 가능 풀 시스템 에어컨 9호선 역세권,라임공인중개사사무소,전세,104,고,83.17,59.86,0,"65,000",0,2026-08-16
20446904,41133669,조용한 주거 추가 인테리어했음 시스템 에어컨 4대 9호선 급행선 이용,라임공인중개사사무소,매매,104,저,210.27,84.88,"179,000",0,0,2026-08-15
20446904,41139573,남향 조용한 주거단지 9호선 급행선 이용 쾌적한 자연환경,라임공인중개사사무소,매매,102,저,115.34,84.85,"175,000",0,0,2026-08-15
20446904,41072533,1 년 단기 풀에어컨 입주일 협의 커뮤니티 운영중 9호선 역세권,라임공인중개사사무소,전세,104,고,83.17,59.86,0,"65,000",0,2026-08-13
20446904,40915114,주인거주  조경 대상 받은 단지 조경뷰 조합원 고급 옵션,라임공인중개사사무소,매매,104,고,160.12,118.70,"250,000",0,0,2026-08-09
20446904,40864818,"입주가, 남향, 초중고 인접, 9호선 중앙보훈역 인접, 해 잘드는집,",부동산헤드라인공인중개사사무소,매매,104,고,160.12,118.70,"250,000",0,0,2026-08-07
20446904,40793643,전세 가능 1년 단기 풀에어컨 조용한 안쪽동 9호선 역세권,라임공인중개사사무소,월세,104,고,83.17,59.86,0,"60,000",20,2026-08-05
1575,41486961,"남향,9호선도보8분거리,급행강남권25분거리,초중고인접,",둔촌박성원공인중개사사무소,매매,102,2,130.36,84.34,"130,000",0,0,2026-08-26
1575,41432699,"수리되어서깔끔합니다, 9호선도보가능",일광공인중개사사무소,매매,101,1,100.98,59.63,"90,000",0,0,2026-08-25
1575,41424944," 9호선보훈병원급행, 일자산숲세권 ",서울부동산중개사무소,매매,102,저,108.36,84.34,"130,000",0,0,2026-08-24
1575,41194447," 9호선보훈병원역급행이용용이, 일자산숲세권",둔촌푸르지오공인중개사사무소,매매,102,저,108.36,84.34,"130,000",0,0,2026-08-18
1575,40574110,"  남향 입주협의  교통, 학군, 편의시설 좋음",반석공인중개사사무소,매매,102,저,108.36,84.34,"130,000",0,0,2026-07-29
1575,40482464,"  남향 9호선초역세권 교통, 학군, 편의시설 좋음",반도부동산,매매,102,저,108.36,84.34,"130,000",0,0,2026-07-27
1615,41467032,"사준집,저평가,남향,내부옛수리,거실확장 중간방확장",금성484-4004(단지내30여년)포레온공인중개사사무소,매매,102,중,109.74,84.16,"155,000",0,0,2026-08-25
1615,41445140,"신혼부부강추,특올수리,뻥뷰,9호선5호선더블역세권",둔촌박성원공인중개사사무소,매매,101,중,114.47,59.40,"140,000",0,0,2026-08-25
1615,41449069,"신혼부부강추,특올수리,뻥뷰,9호선5호선더블역세권",둔촌박성원공인중개사사무소,매매,101,중,86.04,59.40,"140,000",0,0,2026-08-25
1615,41467031,"사준집,무주택자만가능,한산초중인접,세안고",금성484-4004(단지내30여년)포레온공인중개사사무소,매매,101,중,86.04,59.40,"140,000",0,0,2026-08-25
1615,41369361,"아이키우기 좋은저층,한산초중,전세안고,무주택자만 매수가능",신동아공인중개사사무소,매매,102,1,110.24,84.54,"145,000",0,0,2026-08-22
1615,41369360,"아이키우기 좋은1층,한산초중,5.9호선더블역세권,전자계약OK",신동아공인중개사사무소,매매,101,1,86.04,59.40,"130,000",0,0,2026-08-22
1615,41340958,"저렴,남향,한산초중,5.9호선더블역세권",신동아공인중개사사무소,매매,101,저,86.04,59.40,"130,000",0,0,2026-08-21
1615,41286634,확장포함 올수리 주인거주 더블역세권 풍부한 생활인프라,라임공인중개사사무소,매매,102,중,110.74,84.93,"160,000",0,0,2026-08-20
1615,41218873,"샷시포함특올수리,전망좋은로얄층,한산초중",신동아공인중개사사무소,매매,101,중,86.04,59.40,"140,000",0,0,2026-08-19
1615,41137371,"방3,화2,내부수리,한산초중,5.9호선더블역세권",신동아공인중개사사무소,매매,102,저,101.80,66.96,"145,000",0,0,2026-08-15
1615,41139575,거실확장등 올수리 주인거주 더블역세권 더블역세권,라임공인중개사사무소,매매,102,중,110.74,84.93,"160,000",0,0,2026-08-15
1615,41107600,"저렴,전세안고,한산초중,10월말잔금",신동아공인중개사사무소,매매,101,중,85.28,58.87,"137,000",0,0,2026-08-14
1615,41058314,"저렴,한산초중,5.9호선더블역세권,세낀물건",신동아공인중개사사무소,매매,101,중,85.28,58.87,"137,000",0,0,2026-08-13
1615,40784559,"전세안고,한산초중,5.9호선더블역세권,무주택자매수가능,전자계약OK",신동아공인중개사사무소,매매,102,1,110.24,84.54,"145,000",0,0,2026-08-05
1606,41448965,주인거주 남향 확장형 특올수리 풍부한 생활인프라,라임공인중개사사무소,매매,102,중,87.26,59.78,"141,000",0,0,2026-08-25
1606,41448964,주인거주 남향 채광 좋음 도보 통학권 우수 다양한 생활 인프라,라임공인중개사사무소,매매,102,저,87.26,59.78,"140,000",0,0,2026-08-25
1606,41442767,추천 주인거주 남향 확장형 특올수리 풍부한 생활인프라,라임공인중개사사무소,매매,102,중,106.71,59.78,"141,000",0,0,2026-08-25
1606,41442695,주인거주 남향 공원 트인조망 거실확장 풍부한 생활 인프라,라임공인중개사사무소,매매,101,중,135.25,84.86,"170,000",0,0,2026-08-25
1606,41436808,"특올수리,9호선5호선더블역세권,한산초중바로앞",둔촌박성원공인중개사사무소,매매,102,중,106.71,59.78,"141,000",0,0,2026-08-25
1606,41449071,"신혼부부강추,특올수리,9호선5호선더블역세권,초중고인접",둔촌박성원공인중개사사무소,매매,102,중,87.26,59.78,"141,000",0,0,2026-08-25
1606,41358676,추천 6층 이상 남향 트인 공원뷰 거실확장포함 올수리,라임공인중개사사무소,매매,101,저,107.64,84.86,"170,000",0,0,2026-08-22
1606,41354421,"26. 툭트인 뷰, 수리되어 깨끗한 집, 로얄",으뜸헬리오시티공인중개사사무소,월세,102,고,106.71,59.78,0,"50,000",80,2026-08-22
1606,41351473,"공원뷰,주인거주중,9호선도보7분거리,5호선8분거리,초중인접",둔촌박성원공인중개사사무소,매매,101,6,135.25,84.86,"165,000",0,0,2026-08-22
1606,41328014,"영구공원뷰,주인거주중.9호선도보7분거리,5호선도보8분거리,초중인접",둔촌박성원공인중개사사무소,매매,101,6,107.64,84.86,"165,000",0,0,2026-08-21
1606,41162067,추천 주인거주 거실확장형 전체올수리 편리한 생활인프라,라임공인중개사사무소,매매,102,중,87.26,59.78,"141,000",0,0,2026-08-17
1606,41162064,주인거주 남향 거실확장등 수리 풍부한 생활 인프라,라임공인중개사사무소,매매,101,중,107.64,84.86,"170,000",0,0,2026-08-17
1606,41165688,"26. 툭트인 뷰, 수리되어 깨끗한 집, 로얄",으뜸헬리오시티공인중개사사무소,월세,102,고,87.26,59.78,0,"40,000",120,2026-08-17
1606,41139574,추천 3년전 올수리 주인거주 공원 남향뷰 더블역세권,라임공인중개사사무소,매매,101,저,107.64,84.86,"170,000",0,0,2026-08-15
1606,40944778,"26. 툭트인 뷰, 수리되어 깨끗한 집, 로얄",으뜸헬리오시티공인중개사사무소,월세,102,고,87.26,59.78,0,"40,000",120,2026-08-10
1606,40940163,추천 남향 공원뷰 트인 조망 일부수리 정상입주 풍부한 생활 인프라,라임공인중개사사무소,매매,101,6,107.64,84.86,"165,000",0,0,2026-08-10
1606,40857690,"남향,한산초중,포레온공원뷰,5.9호선역세권,전자계약OK",신동아공인중개사사무소,월세,101,저,107.64,84.86,0,"55,000",100,2026-08-07
1606,40793644,거실 확장등 수리됨 풍부한 생활인프라 더블역세권,라임공인중개사사무소,매매,101,저,135.64,109.73,"178,000",0,0,2026-08-05
1605,41264894,"올수리됨,남향,최고로얄동,영구조망권,9호선,5호선더블역세권,초중고인접",둔촌박성원공인중개사사무소,매매,202,고,198.96,114.72,"185,000",0,0,2026-08-20
1605,41151550,수리예정 이사일 협의,라임공인중개사사무소,전세,201,저,109.48,84.78,0,"85,000",0,2026-08-16
1605,40793639,올수리예정 주변편의시설및 공원이용 편리 도보통학권 우수,라임공인중개사사무소,전세,201,저,109.48,84.78,0,"85,000",0,2026-08-05
20126613,41325797,"9호선보훈병원역, 일자산공원 숲세권,세안고매수",둔촌푸르지오공인중개사사무소,매매,103,저,138.93,113.67,"180,000",0,0,2026-08-21
20126613,41194573,9호선급행보훈병원역. 일자산숲세권. 세안고매수,서울부동산중개사무소,매매,103,저,138.93,113.67,"180,000",0,0,2026-08-18
20126613,41194574,"9호선보훈병원급행, 일자산조망, 집깔끔",서울부동산중개사무소,매매,110,고,83.42,59.98,"158,000",0,0,2026-08-18
20126613,41040157,"신혼부부추천, 9호선 보훈병원역, 일자산뻥뷰",둔촌푸르지오공인중개사사무소,매매,110,고,83.42,59.98,"158,000",0,0,2026-08-12
1609,41484393,"고층 일자산트인뷰 특올수리 5,9호선이용 초중고가까움",열매공인중개사사무소,매매,1,19,106.05,59.79,"133,000",0,0,2026-08-26
1609,41480648,"신혼부부강추,특올수리,최고로얄층뷰막힘없음,9호선5호선더블역세권,",둔촌박성원공인중개사사무소,매매,1,19,106.05,59.79,"133,000",0,0,2026-08-26
1609,41480636,"신혼부부강추,전체올수리해줌,9호선5호선더블역세권,잔금하고공사기간필요함",둔촌박성원공인중개사사무소,전세,1,1,106.05,59.79,0,"60,000",0,2026-08-26
1609,41467035,"올수리조건,정상입주,5.9호선역세권,아이키우기좋은집,한산초중인접",금성484-4004(단지내30여년)포레온공인중개사사무소,전세,1,1,86.30,59.79,0,"60,000",0,2026-08-25
1609,41448966,샷시등 올수리 예정 더블역세권 학세권 풍부한 생활 인프라,라임공인중개사사무소,전세,1,1,86.30,59.79,0,"60,000",0,2026-08-25
1609,41467026,"사준집,저평가,투자가치,뻥뷰, 내부특올수리,올파포인접,입주가능",금성484-4004(단지내30여년)포레온공인중개사사무소,매매,1,19,86.30,59.79,"133,000",0,0,2026-08-25
1609,41449072,"신혼부부추천,올수리해줌,9호선5호선더블역세권,한산초중인접,",둔촌박성원공인중개사사무소,전세,1,1,86.30,59.79,0,"60,000",0,2026-08-25
1609,41467027,"사준집 ,저평가,투자가치, 뻥뷰,내부특올수리",금성484-4004(단지내30여년)포레온공인중개사사무소,매매,1,19,86.30,59.79,"133,000",0,0,2026-08-25
1609,41442637,확장올수리 주인거주 확트인개방감 5.9호선급행도보7분,마음공인중개사사무소,매매,1,중,137.47,84.54,"149,000","53,000",0,2026-08-25
1609,41442318,화이트톤특올수리  일자산트인뷰  입주매물,래미안강동열매공인중개사사무소,매매,1,19,106.05,59.79,"133,000",0,0,2026-08-25
1609,41467028,"사준집,저평가,투자가치,내부특올수리,뻥뷰,5.9호선역세권",금성484-4004(단지내30여년)포레온공인중개사사무소,매매,1,17,86.30,59.79,"135,000",0,0,2026-08-25
1609,41439435,"신혼부부강추,확장및올수리됨,9호선5호선더블역세권,한산초중인접",둔촌박성원공인중개사사무소,매매,1,17,106.05,59.79,"135,000",0,0,2026-08-25
1609,41449068,"특올수리,신혼부부강추,9호선5호선더블역세권",둔촌박성원공인중개사사무소,매매,1,19,86.30,59.79,"133,000",0,0,2026-08-25
1609,41397695,시원하게 트인뷰. 최근 화이트올수리.투자추천,MAX맥스공인중개사사무소,매매,1,19,106.05,59.79,"133,000",0,0,2026-08-24
1609,41422681,"올수리해줌,정상입주,아이키우기좋은집,신혼부부추천",금성484-4004(단지내30여년)포레온공인중개사사무소,전세,1,1,86.30,59.79,0,"60,000",0,2026-08-24
1609,41422664,"사준집,저평가,뻥뷰,내부올수리 입주일협의",금성484-4004(단지내30여년)포레온공인중개사사무소,매매,1,17,86.30,59.79,"135,000",0,0,2026-08-24
1609,41422691,"확장및올수리,일자산뷰,9호선.5호선더블역세권,초중고인접",둔촌박성원공인중개사사무소,매매,1,17,86.30,59.79,"135,000",0,0,2026-08-24
1609,41358675,일자산 트인조망 올수리 입주일 협의 풍부한 생활 인프라,라임공인중개사사무소,매매,1,19,86.30,59.79,"133,000",0,0,2026-08-22
1609,41328033,"저평가,뻥뷰,투자가치,5,9호선역세권,한산초중인접",금성484-4004(단지내30여년)포레온공인중개사사무소,매매,1,고,86.30,59.79,"130,000",0,0,2026-08-21
1609,41286638,"샷시,욕실 포함 전체올수리 예정  더블역세권 풍부한 생활인프라",라임공인중개사사무소,전세,1,1,86.30,59.79,0,"60,000",0,2026-08-20
1609,41184606,확트인뷰00더블역세권00올수리로 내부상태 최상00초품아00,가람에코자이공인중개사사무소,매매,1,19,86.30,59.79,"133,000",0,0,2026-08-18
1609,41235568,26 l 실거주 l A컨디션 l 더블역세권 l 둔촌초 선린초,윤포레온공인중개사사무소,매매,1,고,86.30,59.79,"135,000",0,0,2026-08-18
1609,41160158,화이트톤 특올수리. 시야 트인 로얄라인.9호선.5호선 더블역세권.,MAX맥스공인중개사사무소,매매,1,19,86.30,59.79,"133,000",0,0,2026-08-17
1609,41150289,일자산 트인조망 올수리 입주일 협의 풍부한 생활 인프라,라임공인중개사사무소,매매,1,19,106.05,59.79,"133,000",0,0,2026-08-16
50546,41435861,"입주가능,특올수리확장,9호선도보7분거리,초중고인접",둔촌박성원공인중개사사무소,매매,102,3,171.43,106.79,"149,000",0,0,2026-08-25
50546,41369362,"내부수리,거실확장,폴딩도어,중문,9호선보훈병원역5분",신동아공인중개사사무소,매매,102,3,127.37,106.79,"149,000",0,0,2026-08-22
50546,41358789,"올수리됨,주인거주중,9호선도오7분거리,초중고인접",둔촌박성원공인중개사사무소,매매,102,3,127.37,106.79,"149,000",0,0,2026-08-22
50546,41159768,"거실확장,폴딩도어,중문,보훈병원역6분",신동아공인중개사사무소,매매,102,3,127.37,106.79,"149,000",0,0,2026-08-17
50546,40636172,뛰어라.세안고. 환상적인 뷰. 9호선급행역. 인테리어해서 관리잘된 집.,뛰어라공인중개사사무소,매매,102,고,127.37,106.79,"150,000",0,0,2026-07-31
1610,41481281,"1년단기,즉시입주가능,9호선도보5분거리,초중인접,방2,화1",둔촌박성원공인중개사사무소,월세,101,1,79.91,59.49,0,"30,000",130,2026-08-26
1610,41480666,"급매,9호선5호선더블역세권,즉시입주가능,남향,",둔촌박성원공인중개사사무소,매매,101,1,79.91,59.49,"115,000",0,0,2026-08-26
1610,41467043,"저평가,올수리,9호선5분,",금성484-4004(단지내30여년)포레온공인중개사사무소,매매,101,중,75.28,59.47,"120,000",0,0,2026-08-25
1610,41467029,"저평가,샤시포함내부특올수리,9호선5분",금성484-4004(단지내30여년)포레온공인중개사사무소,매매,102,1,107.52,84.94,"139,000",0,0,2026-08-25
1610,41467030,1년이내 단기임대,금성484-4004(단지내30여년)포레온공인중개사사무소,월세,101,1,75.30,59.49,0,"30,000",130,2026-08-25
1610,41442803,정남향 특올수리 내년초 입주가능 무주택자 진행 가능,라임공인중개사사무소,매매,102,저,114.09,84.94,"139,000",0,0,2026-08-25
1610,41439323,"올수리,남향,9호선5분거리,초중고인접",둔촌박성원공인중개사사무소,매매,102,1,114.09,84.94,"139,000",0,0,2026-08-25
1610,41467034,"급매,저평가 ,미래가치,9호선5분,초중고인접,무주택자만가능,세안고",금성484-4004(단지내30여년)포레온공인중개사사무소,매매,102,저,107.52,84.94,"140,000",0,0,2026-08-25
1610,41422690,"남향,9호선 도보5분거리,5호선더블역세권,초중인접",둔촌박성원공인중개사사무소,매매,101,1,75.30,59.49,"115,000",0,0,2026-08-24
1610,41422694,"올수리됨,9호선도보5분거리,급행강남권25분거리,초중고인접",둔촌박성원공인중개사사무소,매매,102,1,107.52,84.94,"139,000",0,0,2026-08-24
1610,41422671,"저평가 ,남향,9호선5분,부분수리,무주택자만가능",금성484-4004(단지내30여년)포레온공인중개사사무소,매매,102,저,107.52,84.94,"140,000",0,0,2026-08-24
1610,41422661,"저평가,내부특올수리 9호선5분",금성484-4004(단지내30여년)포레온공인중개사사무소,매매,102,1,107.52,84.94,"139,000",0,0,2026-08-24
1610,41422667,"저평가,9호선5분,하시입주가,초중고인접,부분수리",금성484-4004(단지내30여년)포레온공인중개사사무소,매매,101,1,75.30,59.49,"115,000",0,0,2026-08-24
1610,41409319,"정남향,부분수리,9호선보훈병원역5분,하시입주,전자계약OK",신동아공인중개사사무소,매매,101,1,75.30,59.49,"115,000",0,0,2026-08-24
1610,41422693,"1년단기,즉시입주가능,9호선도보5분거리,초중고인접,방2,화1",둔촌박성원공인중개사사무소,월세,101,1,75.30,59.49,0,"30,000",130,2026-08-24
1610,41388340,"43 컨디션깔끔 방4,화2 5,9호선급행도보5분 초중고학세권",마음공인중개사사무소,전세,102,11,145.44,114.90,0,"90,000",0,2026-08-23
1610,41353641,"정상입주 내부올수리 남향 5,9호선더블역세권 초중고보훈병원인접",삼성(932-5678)공인중개사사무소,매매,101,중,0.00,59.47,"120,000",0,0,2026-08-22
1610,41376688,공동환영 입주가능 남향 주인거주아주깨끗  학군우수보훈병원인접 더블역세권,삼성(932-5678)공인중개사사무소,매매,101,중,75.28,59.47,"120,000",0,0,2026-08-22
1610,41286636,남향 특올수리 신혼 적합 더블역세권 풍부한 생활 인프라,라임공인중개사사무소,월세,101,고,75.28,59.47,0,"10,000",220,2026-08-20
1610,41286633,도보 통학권 우수 정남향 올수리 내년초 입주가능,라임공인중개사사무소,매매,102,1,107.52,84.94,"139,000",0,0,2026-08-20
1610,41217381,"컨디션깔끔 5,9호선더블역세권 채광좋음 초중고학세권",마음공인중개사사무소,전세,102,11,154.34,114.90,0,"90,000",0,2026-08-19
1610,41206764,올수리 아이키우기 좋음 단지 인접 초중고 위치 편리한 생활 인프라,라임공인중개사사무소,매매,102,1,107.52,84.94,"139,000",0,0,2026-08-18
1610,41159767,"정남향,선린초,둔촌중고,9호선보훈병원역5분,즉시입주가능",신동아공인중개사사무소,매매,101,1,75.30,59.49,"115,000",0,0,2026-08-17
1610,41162062,추천 하시 입주 가능 남향  더블역세권,라임공인중개사사무소,매매,101,1,75.30,59.49,"115,000",0,0,2026-08-17
1610,41151549,특올수리 더블역세권 정남향,라임공인중개사사무소,월세,101,고,75.28,59.47,0,"10,000",220,2026-08-16
1610,40793634,남향 하시입주가능 풍부한 생활인프라 더블역세권,라임공인중개사사무소,매매,101,1,75.30,59.49,"115,000",0,0,2026-08-05
20021323,41422670,남향. 올수리. 입주. 전망굿.,금성484-4004(단지내30여년)포레온공인중개사사무소,매매,1,15,99.85,79.36,"105,000",0,0,2026-08-24
1500075497,41044376,둔촌동역 도보3분 초역세권 I 주상복합 25평 I 로얄층 매매,홈링크부동산중개법인주식회사,매매,101,8,0.00,59.00,"117,000",0,0,2026-08-13
1500073914,41487059,"34A 남향, 최저가, 세안고, 위례초, 9호선역세권",부동산헤드라인공인중개사사무소,매매,419,고,193.22,84.99,"290,000",0,0,2026-08-26
1500073914,41487366,"오늘확인,입주가능 3단지 입주하면 일이 술술 풀리는 복 많은 집",올림픽파크포레온 나이스 단지내 공인중개사사무소,매매,302,중,194.95,84.99,"310,000",0,0,2026-08-26
1500073914,41487365,"43A 남향, 정원뷰, 입주협의가능, 둔촌초, 최저가",부동산헤드라인공인중개사사무소,매매,118,저,247.45,109.98,"340,000",0,0,2026-08-26
1500073914,41487360,"오늘확인,입주가능 3단지 입주하면 일이 술술 풀리는 복 많은 집",올림픽파크포레온 나이스 단지내 공인중개사사무소,매매,303,저,194.95,84.99,"320,000",0,0,2026-08-26
1500073914,41487357,"50 남향, 그린벨트뻥뷰, 입주협의가능, 최저가",부동산헤드라인공인중개사사무소,매매,411,중,294.29,134.98,"410,000",0,0,2026-08-26
1500073914,41487348,"37 남향, 입주, 5호선역세권, 메인상가, 둔촌초",부동산헤드라인공인중개사사무소,매매,121,고,216.36,95.97,"320,000",0,0,2026-08-26
1500073914,41487344,"34 남향, 5호선역세권, 매인상가, 입주협의",부동산헤드라인공인중개사사무소,매매,121,고,193.22,84.99,"300,000",0,0,2026-08-26
1500073914,41487342,"34F 남향 뻥뷰, 입주, 위례초, 강추매물",부동산헤드라인공인중개사사무소,매매,303,중,194.95,84.99,"320,000",0,0,2026-08-26
1500073914,41487341,"34A 남향, 입주, 9호선역세권, 위례초",부동산헤드라인공인중개사사무소,매매,311,중,193.22,84.99,"310,000",0,0,2026-08-26
1500073914,41487337,"헤드, 25 급매, 입주 가능, 집보기 가능, 뷰 좋은집",부동산헤드라인공인중개사사무소,매매,417,중,142.28,59.96,"258,000",0,0,2026-08-26
1500073914,41487330,"34D 남향, 최저가, 입주협의가능, 굿뷰",부동산헤드라인공인중개사사무소,매매,415,고,193.51,84.99,"300,000",0,0,2026-08-26
1500073914,41487317,"34A 남향, 귀한2단지매물, 종합스포츠센타인근, 입주",부동산헤드라인공인중개사사무소,매매,203,중,0.00,84.99,"300,000",0,0,2026-08-26
1500073914,41488806,34. 세안고. 추천매물. 역세권. 시원한뷰,홍익포레온475-8889(단지내)공인중개사사무소,매매,207,20,113.28,84.99,"300,000",0,0,2026-08-26
1500073914,41488961,"25, 특급매, 집보고 결정,  바로진행, 입주, 뷰최상",으뜸포레온공인중개사사무소,매매,417,중,85.47,59.96,"258,000",0,0,2026-08-26
1500073914,41488809,43. 시원한뷰. 입주협의. 9호선역세권,홍익포레온475-8889(단지내)공인중개사사무소,전세,425,고,143.00,109.99,0,"180,000",0,2026-08-26
1500073914,41488191,"귀한 전세,판상형, 장기거주가, 입주 협의가,초 역세권. 위례초배정",올림픽파크포레온 나이스 단지내 공인중개사사무소,전세,202,고,112.69,84.99,0,"150,000",0,2026-08-26
1500073914,41486559,34남향. 단지내 원픽전세매물. 매력적인가격. 채광 개방감좋아요.,단지내하나공인중개사사무소,전세,124,고,0.00,84.99,0,"155,000",0,2026-08-26
1500073914,41488187,"초급매. 입주매매, 바로입주가판상형, 조용하고 층 좋은집, 로얄호,",올림픽파크포레온 나이스 단지내 공인중개사사무소,매매,417,고,85.47,59.96,"258,000",0,0,2026-08-26
1500073914,41486527,25 하이엔드 워라벨 피톤치드향품은 힐링단지,올림픽파크포레온금탑공인중개사사무소,매매,417,중,142.28,59.96,"258,000","135,000",0,2026-08-26
1500073914,41486506,43 하이엔드 주거생활 일자산 피톤치드 힐링스팟,올림픽파크포레온금탑공인중개사사무소,전세,406,중,249.09,109.99,"305,000","180,000",400,2026-08-26
1500073914,41486493,43 피톤치드가득품은 로얄주거생활 및 커뮤니티시설,올림픽파크포레온금탑공인중개사사무소,월세,404,고,249.09,109.99,0,"100,000",440,2026-08-26
1500073914,41486482,18B 하이엔드희소타입 초역세권 워라밸 뷰굿,올림픽파크포레온금탑공인중개사사무소,전세,321,고,100.29,39.98,0,"89,000",0,2026-08-26
1500073914,41488967,"18,장기, 바로진행, 집상태 굿, 입주11월",으뜸포레온공인중개사사무소,전세,320,중,62.39,39.98,0,"83,000",0,2026-08-26
1500073914,41489577,윤.18 l 장기거주 l 소액보증금 협의,윤포레온공인중개사사무소,월세,320,중,62.24,39.95,0,"30,000",240,2026-08-26
1500073914,41486363,"25, 집보고결정, 빠른입주, 장기거주, 옵션 최상",으뜸포레온공인중개사사무소,전세,420,고,142.12,59.99,"258,000","123,000",0,2026-08-26
1500073914,41486324,"시원한 뻥뷰, 장기거주 가능, 위례초 배정, 고층 로얄동",포레온안국부동산공인중개사사무소,월세,416,고,193.81,84.99,0,"90,000",240,2026-08-26
1500073914,41486311,"25, 바로진행, 입주협의, 장기거주, 로얄동 로얄층",으뜸포레온공인중개사사무소,전세,307,고,142.12,59.99,"258,000","125,000",180,2026-08-26
1500073914,41488097,朴씨네37p  추천매물 세안고 단지조경뷰 명품커뮤니티,박씨네복덕방(02-474-9939)박지언공인중개사사무소,매매,122,저,125.41,95.97,"320,000",0,0,2026-08-26
1500073914,41491214,"귀한25A, 장기거주.",포레온행운(471-3999)공인중개사사무소,월세,307,고,85.28,59.99,0,"80,000",180,2026-08-26
1500073914,41489576,윤.18 l 빠른입주 l 장기거주 l 소액보증금 협의,윤포레온공인중개사사무소,월세,320,고,62.24,39.95,0,"20,000",270,2026-08-26
1500073914,41488807,43. 시원한뷰. 입주협의. 9호선역세권,홍익포레온475-8889(단지내)공인중개사사무소,전세,416,고,143.00,109.99,0,"180,000",0,2026-08-26
1500073914,41491216,"43A,5호선이용편리",포레온행운(471-3999)공인중개사사무소,매매,107,저,142.48,109.98,"370,000",0,0,2026-08-26
1500073914,41488100,朴18 추천 남향 장기거주가  9호선초역세권  보증금조절가,박씨네복덕방(02-474-9939)박지언공인중개사사무소,월세,320,중,62.24,39.95,0,"20,000",280,2026-08-26
1500073914,41488190,"nice 매물, 뻥뷰, 로얄호, 포레온 최고 매물, 9호선5호선 더블",올림픽파크포레온 나이스 단지내 공인중개사사무소,매매,208,고,125.41,95.97,"340,000",0,0,2026-08-26
1500073914,41485649,34 로얄동 로얄층 로얄패밀리가 선택한 전망뷰 쵝오,올림픽파크포레온금탑공인중개사사무소,매매,421,중,194.80,84.99,"303,000",0,0,2026-08-26
1500073914,41485606,43 하이엔드 주거생활 일자산 피톤치드 힐링스팟,올림픽파크포레온금탑공인중개사사무소,매매,421,고,193.22,84.99,"300,000",0,0,2026-08-26
1500073914,41485216,26 하이엔드주거생활 및 커뮤니티시설이용 강동중앙도서관굿,올림픽파크포레온금탑공인중개사사무소,매매,417,중,142.28,59.96,"258,000",0,0,2026-08-26
1500073914,41485161,34 하이엔드 주거생활 및 일자산 피톤치드 힐링스팟,올림픽파크포레온금탑공인중개사사무소,월세,415,고,193.51,84.99,0,"120,000",160,2026-08-26
1500073914,41485111,50 줄리엣발코니 일자산 갤러리뷰 피톤치드 힐링스팟,올림픽파크포레온금탑공인중개사사무소,매매,413,저,294.29,134.98,"410,000",0,0,2026-08-26
1500073914,41485054,50 일자산 갤러리 피톤치드 힐링스팟,올림픽파크포레온금탑공인중개사사무소,전세,411,고,294.29,134.98,0,"220,000",360,2026-08-26
1500073914,41488966,"25, 특급매, 바로진행, 입주협의, 트인뷰, 판상형",으뜸포레온공인중개사사무소,매매,307,고,85.28,59.99,"260,000",0,0,2026-08-26
1500073914,41485040,50 두쫀쿠 랜드마크 일자산 갤러리뷰 피톤치드 굿,올림픽파크포레온금탑공인중개사사무소,매매,410,고,294.29,134.98,"430,000",0,0,2026-08-26
1500073914,41488962,"18,바로진행, 저렴한 전세, 단기, 12월협의",으뜸포레온공인중개사사무소,전세,102,중,62.24,39.95,0,"60,000",0,2026-08-26
1500073914,41484989,34 하이엔드주거생활 워라벨 피톤치드향 갤러리뷰,올림픽파크포레온금탑공인중개사사무소,매매,403,중,194.80,84.99,"305,000",0,0,2026-08-26
1500073914,41484982,34 하이엔드주거생활및스포츠컴플렉스 강동중앙도서관,올림픽파크포레온금탑공인중개사사무소,월세,403,중,193.22,84.99,0,"80,000",280,2026-08-26
1500073914,41488964,"18,집보고 결정, 바로진행, 장기,집 상태 최고",으뜸포레온공인중개사사무소,월세,320,중,62.24,39.95,0,"55,000",120,2026-08-26
1500073914,41484831,18 장기거주 신혼부부강추 워라벨 하이엔드 커뮤니티시설,올림픽파크포레온금탑공인중개사사무소,월세,321,고,100.10,39.95,0,"20,000",280,2026-08-26
1500073914,41484809,14 장기거주 워라벨 하이엔드 커뮤니티시설,올림픽파크포레온금탑공인중개사사무소,전세,318,고,74.61,29.97,0,"60,000",0,2026-08-26
1500073914,41484741,34 매매강추.높은세안고. 무주택자매수기회.양창구조.숲세권,THE포레온삼천사부동산중개법인(주),매매,407,중,193.51,84.99,"300,000","20,000",440,2026-08-26
1500073914,41491213,귀한25.  남향. 장기거주가능.11월말입주가능,포레온행운(471-3999)공인중개사사무소,전세,420,고,85.28,59.99,0,"123,000",0,2026-08-26
1500073914,41488185,"인기 평형18B. 장기거주,남향.조합매물,로얄층임. 로얄층.",올림픽파크포레온 나이스 단지내 공인중개사사무소,전세,320,고,62.39,39.98,0,"83,000",0,2026-08-26
1500073914,41488189,"집보기가 .즉시입주 협의가,주인댁,영구 뻥조망 굿.아침햇살 좋은 집.",올림픽파크포레온 나이스 단지내 공인중개사사무소,월세,318,중,46.21,29.97,0,"35,000",100,2026-08-26
1500073914,41491211,,포레온행운(471-3999)공인중개사사무소,매매,417,고,85.47,59.96,"258,000",0,0,2026-08-26
1500073914,41488192,"전세, 최적가격으로 모든 인프라 누리며 살아 보시고 집 매수하세요",올림픽파크포레온 나이스 단지내 공인중개사사무소,전세,318,중,46.21,29.97,0,"60,000",0,2026-08-26
1500073914,41488963,"25, 특급매, 집보고 결정,  바로진행, 집 좋아요.",으뜸포레온공인중개사사무소,매매,417,고,85.47,59.96,"258,000",0,0,2026-08-26
1500073914,41491212,"귀한25A, 장기거주. 보증금조정가능.",포레온행운(471-3999)공인중개사사무소,월세,401,저,85.28,59.99,0,"60,000",250,2026-08-26
1500073914,41489573,18.신혼추천 l 집보기 가능 l 위례초 l 9호선,윤포레온공인중개사사무소,매매,320,고,62.24,39.95,"195,000",0,0,2026-08-26
1500073914,41489574,22 l 단기1년 살아보기 l 집보기 가능,윤포레온공인중개사사무소,전세,102,저,75.90,49.95,0,"70,000",0,2026-08-26
1500073914,41488959,"34,입주, 바로진행, 집보기 가능, 초중고 인접,역세권",으뜸포레온공인중개사사무소,매매,421,고,112.69,84.99,"300,000",0,0,2026-08-26
1500073914,41488181,"nice.오늘확인,입주가능 1단지 입주하면 일이 술술 풀리는복 많은집",올림픽파크포레온 나이스 단지내 공인중개사사무소,매매,118,저,142.48,109.98,"340,000",0,0,2026-08-26
1500073914,41482663,18 하이엔드주거생활 및 커뮤니티시설이용 워라벨아파트,올림픽파크포레온금탑공인중개사사무소,전세,309,고,100.10,39.95,0,"90,000",200,2026-08-26
1500073914,41482631,25 웃음꽃많은 화목한 집터 하이엔드 주거시설 및 커뮤니티시설,올림픽파크포레온금탑공인중개사사무소,매매,307,중,142.12,59.99,"265,000",0,0,2026-08-26
1500073914,41488810,14. 장기거주. 빠른입주가능 시원한뷰. 1인가구추천,홍익포레온475-8889(단지내)공인중개사사무소,전세,319,고,46.21,29.97,0,"60,000",0,2026-08-26
1500073914,41482528,58 복층 하이엔드희소세대 주거프리미엄 커뮤니티시설,올림픽파크포레온금탑공인중개사사무소,매매,303,고,332.57,144.97,"500,000","220,000",0,2026-08-26
1500073914,41482519,34 입주매물 두쫀쿠전망 로얄패밀리성지 로얄오브로얄,올림픽파크포레온금탑공인중개사사무소,매매,303,저,194.95,84.99,"320,000",0,0,2026-08-26
1500073914,41482514,34 하이엔드스포츠컴플렉스 및 강동중앙도서관이용,올림픽파크포레온금탑공인중개사사무소,월세,303,고,194.95,84.99,0,"90,000",320,2026-08-26
1500073914,41482471,37 로얄동 뻥뷰 스포츠컴플렉스 및 카페테리아이용편리,올림픽파크포레온금탑공인중개사사무소,매매,208,고,216.36,95.97,"340,000",0,0,2026-08-26
1500073914,41482440,43 하이엔드주거생활 및 스포츠컴플렉스 커뮤니티시설이용굿,올림픽파크포레온금탑공인중개사사무소,월세,207,중,247.45,109.98,0,"80,000",460,2026-08-26
1500073914,41488965,"18, 바로진행, 집보고 결정, 집상태 최상, 5호선 상가, 단기",으뜸포레온공인중개사사무소,월세,104,중,62.24,39.95,0,"40,000",80,2026-08-26
1500073914,41491217,,포레온행운(471-3999)공인중개사사무소,매매,123,고,112.69,84.99,"300,000",0,0,2026-08-26
1500073914,41488182,"25타입 귀한 3단지, 입주 11월 장기거주가,컨디션굿,집보기가능.",올림픽파크포레온 나이스 단지내 공인중개사사무소,월세,418,저,85.28,59.99,0,"65,000",240,2026-08-26
1500073914,41488186,"귀한 전세,판상형, 장기거주가, 입주 협의가,초 역세권. 위례초배정",올림픽파크포레온 나이스 단지내 공인중개사사무소,전세,124,고,112.69,84.99,0,"155,000",0,2026-08-26
1500073914,41488193,"nice매물,입주매매,1주택매도후매수도가능, 굿초이스 매물",올림픽파크포레온 나이스 단지내 공인중개사사무소,매매,203,고,112.69,84.99,"300,000",0,0,2026-08-26
1500073914,41488960,"37, 급매,세안고, 입주협의, 고층, 일조량 굿",으뜸포레온공인중개사사무소,매매,122,중,125.41,95.97,"315,000",0,0,2026-08-26
1500073914,41481849,18.장기거주가능.풀에어컨.입주협의가능,성심포레온(483-0070)단지내공인중개사사무소,월세,201,중,100.10,39.95,0,"30,000",240,2026-08-26
1500073914,41488098,朴씨네34p 고층 남향  9호선역세권  입주협의가,박씨네복덕방(02-474-9939)박지언공인중개사사무소,매매,311,고,112.69,84.99,"320,000",0,0,2026-08-26
1500073914,41488128,"34p. 9호선초역세권, 초중고 바로앞, 무주택자에게 기회",포레온(단지내)채움부동산공인중개사사무소,매매,421,고,112.69,84.99,"300,000",0,0,2026-08-26
1500073914,41481674,43 하이엔드 줄리엣테라스뷰 워라벨 커뮤니티이용굿,올림픽파크포레온금탑공인중개사사무소,월세,205,중,247.45,109.98,0,"100,000",500,2026-08-26
1500073914,41488808,"34.장기거주 남향. 역세권. 귀한 전세 , 놓치지마세요",홍익포레온475-8889(단지내)공인중개사사무소,전세,203,고,112.69,84.99,0,"160,000",0,2026-08-26
1500073914,41488184,"nice매물,입주매매,1주택매도후매수도가능, 굿초이스 매물",올림픽파크포레온 나이스 단지내 공인중개사사무소,매매,202,고,112.69,84.99,"300,000",0,0,2026-08-26
1500073914,41481488,18 장기거주 신혼부부강추 워라벨 하이엔드 커뮤니티시설,올림픽파크포레온금탑공인중개사사무소,월세,201,저,100.10,39.95,0,"40,000",180,2026-08-26
1500073914,41481474,18 장기거주 하이엔드스포츠컴플렉스 및 강동중앙도서관이용,올림픽파크포레온금탑공인중개사사무소,월세,201,중,100.10,39.95,0,"30,000",240,2026-08-26
1500073914,41481443,34 하이엔드스포츠컴플렉스 및 강동중앙도서관이용,올림픽파크포레온금탑공인중개사사무소,매매,123,중,193.22,84.99,"300,000",0,0,2026-08-26
1500073914,41481424,"34, 집보고 결정,판상형, 남향, 입주협의,장기",으뜸포레온공인중개사사무소,전세,203,중,193.22,84.99,0,"150,000",0,2026-08-26
1500073914,41481373,37 정원뷰 숲속동간산책로 굿 러닝크루굿,올림픽파크포레온금탑공인중개사사무소,매매,122,저,216.36,95.97,"345,000",0,0,2026-08-26
1500073914,41481360,37A 줄리엣테라스 하이엔드 커뮤니티시설 및 강동중앙도서관 굿,올림픽파크포레온금탑공인중개사사무소,매매,121,중,216.36,95.97,"320,000",0,0,2026-08-26
1500073914,41489575,윤.18. 11월입주 l  단기1년  살아보기,윤포레온공인중개사사무소,월세,103,고,62.24,39.95,0,"50,000",80,2026-08-26
1500073914,41481322,43 골든타임기회 로얄2단지 역세권 커뮤니티시설및강동중앙도서관이용편리,올림픽파크포레온금탑공인중개사사무소,매매,118,저,247.45,109.98,"340,000",0,0,2026-08-26
1500073914,41481210,34 하이엔드 스포츠컴플렉스 및 강동중앙도서관이용,올림픽파크포레온금탑공인중개사사무소,매매,108,중,193.22,84.99,"315,000",0,0,2026-08-26
1500073914,41481157,43 하이엔드 주거생활 줄리엣테라스 스포츠컴플렉스이용굿,올림픽파크포레온금탑공인중개사사무소,매매,107,저,247.45,109.98,"370,000",0,0,2026-08-26
1500073914,41488183,"nice.오늘확인,입주가능 매매.입주해서 편안하게아이들뛸수있는넓은집",올림픽파크포레온 나이스 단지내 공인중개사사무소,매매,414,저,165.46,134.98,"410,000",0,0,2026-08-26
1500073914,41491215,34A 남향에 5호선상가.둔촌시장 생활편의시설이용하기좋음.,포레온행운(471-3999)공인중개사사무소,전세,124,고,112.69,84.99,0,"155,000",0,2026-08-26
1500073914,41480569,"25, 금일확인,초급매, 입주, 바로진행,  컨디션 최상",으뜸포레온공인중개사사무소,매매,415,중,142.28,59.96,"258,000",0,0,2026-08-26
1500073914,41480561,"25, 최저가 급매, 입주, 바로진행, 집상태 좋아요",으뜸포레온공인중개사사무소,매매,417,중,142.28,59.96,"258,000",0,0,2026-08-26
1500073914,41480551,"34,입주, 집보기 예약가, 공동환영, 옵션 최상",으뜸포레온공인중개사사무소,매매,421,고,193.22,84.99,"300,000",0,0,2026-08-26
1500073914,41480531,"18,집보고 결정,트인뷰, 장기거주,보증금조절가능",으뜸포레온공인중개사사무소,월세,319,저,100.10,39.95,0,"48,000",150,2026-08-26
1500073914,41480520,"25,집보고 결정, 10월 협의, 장기거주, 위례초",으뜸포레온공인중개사사무소,전세,306,중,142.12,59.99,"258,000","125,000",180,2026-08-26
1500073914,41480515,"25, 바로진행, 10월 중순, 장기거주, 로얄동 로얄층",으뜸포레온공인중개사사무소,월세,307,고,142.12,59.99,"258,000","80,000",180,2026-08-26
1500073914,41480507,"18,단기, 바로 진행, 융무, 5호선 초역세권",으뜸포레온공인중개사사무소,월세,102,고,100.10,39.95,0,"50,000",40,2026-08-26
1500073914,41488188,빨리 이사오셔서 초록초록한 햇빛 가득한 집을 누려 보세요.입주는언제나,올림픽파크포레온 나이스 단지내 공인중개사사무소,매매,426,고,125.41,95.97,"340,000",0,0,2026-08-26
1500073914,41488099,,박씨네복덕방(02-474-9939)박지언공인중개사사무소,월세,320,중,62.24,39.95,0,"15,000",300,2026-08-26
1500073914,41446357,"14,장기, 바로 진행, 융무, 원룸, 트인뷰, 베란다0",으뜸포레온공인중개사사무소,전세,319,고,100.10,29.97,0,"60,000",40,2026-08-25
1500073914,41446122,"18, 바로 진행, 늦은 입주, 귀한 매물, 남향, 옵션굿",으뜸포레온공인중개사사무소,매매,320,중,100.10,39.95,"195,000","60,000",100,2026-08-25
1500073914,41446118,"22,단기,융무, 바로진행, 집보기 예약가,넓은거실",으뜸포레온공인중개사사무소,월세,319,저,123.23,49.95,0,"60,000",40,2026-08-25
1500073914,41467003,"헤드, 34, 로얄동, 해 잘드는집, 장기거주 가능",부동산헤드라인공인중개사사무소,월세,304,고,114.42,84.99,0,"80,000",320,2026-08-25
1500073914,41480020,34 l 집보기O 보증금 조정O 장기거주O,윤포레온공인중개사사무소,월세,415,고,112.98,84.99,0,"110,000",200,2026-08-25
1500073914,41467041,37.주인거주. 입주. 트인전망. 9호선역세권,금성484-4004(단지내30여년)포레온공인중개사사무소,매매,427,고,125.41,95.97,"340,000",0,0,2026-08-25
1500073914,41445877,"오늘확인매물, 귀한 전세,입주 날짜 협의가능.장기거주가",올림픽파크포레온 나이스 단지내 공인중개사사무소,전세,202,고,193.22,84.99,0,"150,000",0,2026-08-25
1500073914,41449203,,대일484-7474부동산공인중개사사무소,전세,312,고,85.38,59.98,0,"125,000",0,2026-08-25
1500073914,41467002,"헤드, 22, 옵션굿, 장기거주가, 9호선, 최고급커뮤니티",부동산헤드라인공인중개사사무소,월세,308,고,75.90,49.95,0,"30,000",280,2026-08-25
1500073914,41467006,"34 동향 뻥뷰, 입주가, 위례초, 9호선역세권",부동산헤드라인공인중개사사무소,매매,315,고,113.28,84.99,"310,000",0,0,2026-08-25
1500073914,41467036,34.남향. 빠른입주. 판상형. 최저가,금성484-4004(단지내30여년)포레온공인중개사사무소,전세,203,중,112.69,84.99,0,"150,000",0,2026-08-25
1500073914,41464196,"43P 위례초배정, 조용한 정원뷰, 비스포크, 식세기, 안방붙 등 풀옵션",다원공인중개사사무소,매매,207,저,142.48,109.98,"370,000",0,0,2026-08-25
1500073914,41449200,34 전망굿 입주일협의가능 집보기가능,대일484-7474부동산공인중개사사무소,월세,310,저,112.69,84.99,0,"95,000",240,2026-08-25
1500073914,41450351,"오늘 확인,임대인 확인.10월중 협의가. 고층 뷰 좋고 햇살 밝은집.",올림픽파크포레온 나이스 단지내 공인중개사사무소,월세,415,고,112.98,84.99,0,"110,000",200,2026-08-25
1500073914,41449199,34A. 채광깡패. 전세도 가능. 정상협의됩니다. 초중고품아확정,대일484-7474부동산공인중개사사무소,월세,310,중,112.69,84.99,0,"95,000",240,2026-08-25
1500073914,41449189,포레온 일퍼센트. 매물. 롯데타월. 올팍뷰. 초중고품아,대일484-7474부동산공인중개사사무소,월세,303,고,114.42,84.99,0,"100,000",280,2026-08-25
1500073914,41450357,"보증금 조정가, 이사오면 공기좋고,바람 좋고, 해 좋은집, 주인집",올림픽파크포레온 나이스 단지내 공인중개사사무소,월세,416,중,144.12,109.99,0,"150,000",120,2026-08-25
1500073914,41467001,"헤드, 25, 장기거주가, 남향, 신혼부부추천, 최고급커뮤니티시설인접",부동산헤드라인공인중개사사무소,월세,418,고,85.28,59.99,0,"65,000",240,2026-08-25
1500073914,41446887,34. 빠른잔금. 현재 추천매물. 포레온 입성최적의 기회,홍익포레온475-8889(단지내)공인중개사사무소,매매,402,중,114.26,84.99,"290,000",0,0,2026-08-25
1500073914,41445605,"34, 집보고 결정,판상형, 남향, 입주협의,장기",으뜸포레온공인중개사사무소,전세,202,중,193.22,84.99,0,"150,000",0,2026-08-25
1500073914,41450355,"nice.매물,무주택자 매수가.판상형 조용하고 밝은 고층 채광좋은집",올림픽파크포레온 나이스 단지내 공인중개사사무소,매매,419,고,112.69,84.99,"290,000",0,0,2026-08-25
1500073914,41446886,"25.세안고, 역세권. 판상형 추천매물",홍익포레온475-8889(단지내)공인중개사사무소,매매,306,고,85.28,59.99,"260,000",0,0,2026-08-25
1500073914,41453684,"18, 바로 진행, 장기,트인뷰 , 융무,집상태 최고",으뜸포레온공인중개사사무소,월세,308,고,62.24,39.95,0,"60,000",100,2026-08-25
1500073914,41449209,34P. 남향. 편안한정원뷰. 11월말12월초 가능합니다. 융자무,대일484-7474부동산공인중개사사무소,월세,403,중,112.98,84.99,0,"80,000",300,2026-08-25
1500073914,41467010,"헤드, 43, 귀한전세, 장기거주가, 호텔급커뮤니티, 이용편리",부동산헤드라인공인중개사사무소,전세,416,중,142.48,109.98,0,"180,000",0,2026-08-25
1500073914,41449206,18A 정상협의입주  주인.의뢰  9호선초역세권  신혼부부,대일484-7474부동산공인중개사사무소,월세,318,중,62.24,39.95,0,"35,000",200,2026-08-25
1500073914,41445366,"귀한 입주 25, 대출가, 입주협의가, 최상뷰 뻥뷰.앞가림 없음.집보기가",올림픽파크포레온 나이스 단지내 공인중개사사무소,매매,417,중,142.28,59.96,"258,000",0,0,2026-08-25
1500073914,41473066,43A. 승진추천. 급매 최저가. 정원뷰. 리조트급 커뮤니티. 5호선이용,단지내승진포레온공인중개사사무소,매매,118,저,142.48,109.98,"343,000",0,0,2026-08-25
1500073914,41467037,34.입주.뻥뷰.남향.공원뷰,금성484-4004(단지내30여년)포레온공인중개사사무소,매매,310,고,112.69,84.99,"320,000",0,0,2026-08-25
1500073914,41449193,43P.A타입.남향. 여기가 찐. 이보다 저렴할순 없어요. 입주가능,대일484-7474부동산공인중개사사무소,매매,118,저,142.48,109.98,"340,000",0,0,2026-08-25
1500073914,41449194,"84. 입주매물, 불 안 켜도 밝은 집, 초중고품아, 보시면계약될집",대일484-7474부동산공인중개사사무소,매매,421,고,114.26,84.99,"290,000",0,0,2026-08-25
1500073914,41480012,22 l 장기거주 추천 l 소액보증금 l 옵션가득 l 신혼부부,윤포레온공인중개사사무소,월세,308,중,75.90,49.95,0,"30,000",260,2026-08-25
1500073914,41473065,34매매.9호선급행.조용한 동.일자산뷰.판상형이라 통풍최고.,단지내승진포레온공인중개사사무소,매매,404,고,113.28,84.99,"310,000",0,0,2026-08-25
1500073914,41461402,,포레온행운(471-3999)공인중개사사무소,매매,417,중,85.47,59.96,"258,000",0,0,2026-08-25
1500073914,41467039,34.입주 가능한 귀한 매물. 판상형. 남향.,금성484-4004(단지내30여년)포레온공인중개사사무소,매매,203,중,112.69,84.99,"300,000",0,0,2026-08-25
1500073914,41464194,"34P 조망굿 둔촌역.메인상가 , 커뮤니티근접 생활편리 늦은잔금 조건협의",다원공인중개사사무소,매매,109,고,112.69,84.99,"315,000",0,0,2026-08-25
1500073914,41480016,43 l 역세권 l 숲세권 l 학세권 l 남향 트인뷰,윤포레온공인중개사사무소,월세,416,중,142.48,109.98,0,"150,000",140,2026-08-25
1500073914,41450350,"nice.바로입주,주인이사하게 되어 장기거주가 롯데타워뷰.입주일",올림픽파크포레온 나이스 단지내 공인중개사사무소,월세,201,중,62.24,39.95,0,"45,000",160,2026-08-25
1500073914,41449196,,대일484-7474부동산공인중개사사무소,매매,421,중,114.26,84.99,"290,000",0,0,2026-08-25
1500073914,41480018,윤.34 l 집보고 결정 l 남향 l 장기거주,윤포레온공인중개사사무소,전세,123,중,112.69,84.99,0,"155,000",0,2026-08-25
1500073914,41453677,"25, 3단지 급매 추천,세안고, 판상형,금액조절가",으뜸포레온공인중개사사무소,매매,306,고,85.28,59.99,"260,000",0,0,2026-08-25
1500073914,41467042,43.뻥뷰.남향. 판상형. 보증금 조정 가능,금성484-4004(단지내30여년)포레온공인중개사사무소,월세,207,중,142.48,109.98,0,"70,000",500,2026-08-25
1500073914,41453683,"18,빠른입주, 장기, 바로진행, 9호선 상가 바로미터, 초역세권",으뜸포레온공인중개사사무소,월세,320,중,62.24,39.95,0,"45,000",150,2026-08-25
1500073914,41467013,"50 남향 그린벨트뷰, 최상매물, 입주",부동산헤드라인공인중개사사무소,매매,412,중,165.46,134.98,"420,000",0,0,2026-08-25
1500073914,41446890,18. 장기거주. 환상적인 올공뷰. 11월중협의,홍익포레온475-8889(단지내)공인중개사사무소,월세,309,고,62.24,39.95,0,"60,000",110,2026-08-25
1500073914,41467040,25.뻥뷰. 입주. 급매. 최저가,금성484-4004(단지내30여년)포레온공인중개사사무소,매매,417,중,85.47,59.96,"258,000",0,0,2026-08-25
1500073914,41480010,43. 전세 l 빠른 입주 협의 l 집보고 결정,윤포레온공인중개사사무소,전세,404,중,144.12,109.99,0,"180,000",0,2026-08-25
1500073914,41467022,"헤드, 25, 9호선, 커뮤니티이용편리, 신혼부부추천",부동산헤드라인공인중개사사무소,월세,307,고,85.28,59.99,0,"80,000",180,2026-08-25
1500073914,41446883,34. 입주. 남향. 예쁜뷰. 더블역세권,홍익포레온475-8889(단지내)공인중개사사무소,매매,202,중,112.69,84.99,"300,000",0,0,2026-08-25
1500073914,41461404,"22. 경제적인 보증금, 단기임대 ,",포레온행운(471-3999)공인중개사사무소,전세,308,저,75.90,49.95,0,"75,000",0,2026-08-25
1500073914,41467014,"헤드, 34, 귀한전세, 5호선, 메인상가, 둔촌초 인접, 생활권편리",부동산헤드라인공인중개사사무소,전세,124,고,112.69,84.99,0,"155,000",0,2026-08-25
1500073914,41467009,"34A 남향 입주가, 9호선역세권, 위례초, 추천매물",부동산헤드라인공인중개사사무소,매매,312,중,112.69,84.99,"310,000",0,0,2026-08-25
1500073914,41461403,"22. 생활편의시설이용좋아요.  단기임대 ,",포레온행운(471-3999)공인중개사사무소,월세,308,저,75.90,49.95,0,"60,000",40,2026-08-25
1500073914,41449188,84A. 말이필요없는 포레온 로얄매물. 세안고. 빠른입주도 가능,대일484-7474부동산공인중개사사무소,매매,108,중,112.69,84.99,"315,000",0,0,2026-08-25
1500073914,41461398,34A 남향에 5.9호선상가 에풀 커뮤니티이용편리한동,포레온행운(471-3999)공인중개사사무소,전세,202,중,112.69,84.99,0,"150,000",0,2026-08-25
1500073914,41467017,"헤드, 37, 남향, 둔촌초, 리조트급커뮤니티, 더블역세권",부동산헤드라인공인중개사사무소,월세,210,고,125.41,95.97,0,"110,000",240,2026-08-25
1500073914,41450349,"nice.바로입주,주인이사하게 되어 장기거주가 롯데타워뷰.입주일",올림픽파크포레온 나이스 단지내 공인중개사사무소,월세,201,고,62.24,39.95,0,"50,000",140,2026-08-25
1500073914,41480013,18월세 l 소액보증금O  늦은입주협의O 장기거주O,윤포레온공인중개사사무소,월세,321,고,62.24,39.95,0,"20,000",280,2026-08-25
1500073914,41467019,"34A 남향, 입주협의, 9호선역세권, 위례초, 동북중고교",부동산헤드라인공인중개사사무소,매매,421,고,112.69,84.99,"300,000",0,0,2026-08-25
1500073914,41467016,"34A 남향, 1단지귀한매물, 입주, 둔촌초, 메인상가, 5호선둔촌역",부동산헤드라인공인중개사사무소,매매,121,고,112.69,84.99,"300,000",0,0,2026-08-25
1500073914,41464192,34P  고층이라 채광 .조망굿 위례초배정 커뮤니티근접 생활편리 늦은잔금,다원공인중개사사무소,매매,312,고,112.69,84.99,"318,000",0,0,2026-08-25
1500073914,41449210,59.남향.최고레벨. 올팍뷰.장기거주 가능합니다. 10월중순경 협의,대일484-7474부동산공인중개사사무소,월세,307,고,85.28,59.99,0,"80,000",180,2026-08-25
1500073914,41449202,14p. 혼자살기 딱. 초역세권 출퇴근이 30분 빠른집. 신혼부부 굿,대일484-7474부동산공인중개사사무소,월세,318,고,46.21,29.97,0,"30,000",120,2026-08-25
1500073914,41467005,"34F 남향, 양창 뻥뷰, 위례초. 9호선역세권, 입주",부동산헤드라인공인중개사사무소,매매,303,저,114.42,84.99,"320,000",0,0,2026-08-25
1500073914,41446888,25.바로 실매물. 입주. 풀옵션. 위례초,홍익포레온475-8889(단지내)공인중개사사무소,매매,417,중,85.47,59.96,"260,000",0,0,2026-08-25
1500073914,41464195,"34P 일자산,검단산,  웰빙 조망 비스포크, 식세기, 안방붙박이장 등",다원공인중개사사무소,매매,405,고,113.45,84.98,"300,000",0,0,2026-08-25
1500073914,41466803,"34p. 학교, 도서관, 커뮤니티등 근접이용편리, 위치굿",포레온(단지내)채움부동산공인중개사사무소,전세,203,중,112.69,84.99,0,"160,000",0,2026-08-25
1500073914,41467015,"방4, 화2, 에3, 생활권 편리, 해 잘드는 집",부동산헤드라인공인중개사사무소,월세,403,중,112.69,84.99,0,"80,000",280,2026-08-25
1500073914,41464193,"50P  일자산, 검단산뷰, 도심속 조용하고 아늑한   웰빙 거주지",다원공인중개사사무소,매매,412,고,165.46,134.98,"450,000",0,0,2026-08-25
1500073914,41467020,"43A 남향, 뻥뷰, 입주가, 9호선역세권, 위례초",부동산헤드라인공인중개사사무소,매매,317,중,142.48,109.98,"380,000",0,0,2026-08-25
1500073914,41480017,윤.34 l 집보고 결정 l 남향 11월입주 l 장기거주,윤포레온공인중개사사무소,전세,202,중,112.69,84.99,0,"160,000",0,2026-08-25
1500073914,41450344,"오늘확인매물, 귀한 전세, 입주 날짜 협의가능.장기거주가",올림픽파크포레온 나이스 단지내 공인중개사사무소,전세,109,중,112.69,84.99,0,"155,000",0,2026-08-25
1500073914,41449190,43남향. 현재 찐 최저가매물. 숲조망을 원하신다면. 사계절 만끽,대일484-7474부동산공인중개사사무소,매매,404,중,144.12,109.99,"350,000",0,0,2026-08-25
1500073914,41467008,"헤드, 37, 입주협의, 5호선, 메인상가, 둔촌초, 커뮤니티",부동산헤드라인공인중개사사무소,매매,121,중,125.41,95.97,"320,000",0,0,2026-08-25
1500073914,41443686,22 워라벨 하이엔드 커뮤니티시설및스포츠컴플렉스 이용굿,올림픽파크포레온금탑공인중개사사무소,월세,319,중,123.23,49.95,0,"30,000",280,2026-08-25
1500073914,41467023,"25 급매, 최저가 입주매물, 굿뷰, 강추매물",부동산헤드라인공인중개사사무소,매매,417,중,85.47,59.96,"258,000",0,0,2026-08-25
1500073914,41476562,朴43 로얄층 양창형 일자산뷰 힐링단지 입주협의가,박씨네복덕방(02-474-9939)박지언공인중개사사무소,전세,416,고,144.12,109.99,0,"180,000",0,2026-08-25
1500073914,41449191,"43,추천매물,채광좋아요,풀옵션,최고급커뮤니티,조용 쾌적 조망권 굿",대일484-7474부동산공인중개사사무소,매매,425,저,142.48,109.98,"360,000",0,0,2026-08-25
1500073914,41450346,"오늘 확인,11월 중 입주 협의가. 중고층 뷰 좋고 햇살 밝은집.",올림픽파크포레온 나이스 단지내 공인중개사사무소,월세,403,고,112.69,84.99,0,"80,000",280,2026-08-25
1500073914,41467024,"34A 남향, 최저가, 해잘드는집, 9호선역세권, 입주협의가",부동산헤드라인공인중개사사무소,매매,419,고,112.69,84.99,"290,000",0,0,2026-08-25
1500073914,41449205,25 보시면 바로계약. 올팍뷰 완전뻥뷰. 여기가 찐매물,대일484-7474부동산공인중개사사무소,월세,307,고,85.28,59.99,0,"80,000",180,2026-08-25
1500073914,41449192,포레온 최상급 더이상말이 필요없는집. 정말 최상 완벽뷰,대일484-7474부동산공인중개사사무소,월세,301,중,114.42,84.99,0,"80,000",320,2026-08-25
1500073914,41442663,34 두쫀쿠뷰 하이엔드 스포츠컴플렉스 및 강동중앙도서관이용,올림픽파크포레온금탑공인중개사사무소,매매,311,고,194.80,84.99,"320,000",0,0,2026-08-25
1500073914,41442634,34 아이 키우기 완벽한 단지 3분컷 초등 및 호텔사는 삶,올림픽파크포레온금탑공인중개사사무소,전세,312,중,193.22,84.99,"300,000","160,000",200,2026-08-25
1500073914,41480019,22 l 장기거주 l 보증금조정 l 옵션가득 l 신혼부부,윤포레온공인중개사사무소,월세,319,중,75.90,49.95,0,"30,000",240,2026-08-25
1500073914,41449197,84 남향. 세안고. 급. 더이상 저렴한 물건 없어요. 세안고 됩니다,대일484-7474부동산공인중개사사무소,매매,421,중,112.69,84.99,"290,000",0,0,2026-08-25
1500073914,41446884,"34. 시원한올림픽공원 영구조망권, 최상급매물, 입주",홍익포레온475-8889(단지내)공인중개사사무소,매매,303,중,114.42,84.99,"320,000",0,0,2026-08-25
1500073914,41467011,"헤드, 43, 장기거주가, 최고급커뮤니티, 수영장, 헬스장, 사우나",부동산헤드라인공인중개사사무소,월세,207,중,142.48,109.98,0,"60,000",540,2026-08-25
1500073914,41476563,朴34 로얄층남향 판상형  장기거주가 5호선메인상가이용편리,박씨네복덕방(02-474-9939)박지언공인중개사사무소,전세,123,중,112.69,84.99,0,"155,000",0,2026-08-25
1500073914,41467007,"헤드, 43, 장기거주가, 귀한전세, 쾌적한단지, 생활권 편리",부동산헤드라인공인중개사사무소,전세,416,고,144.12,109.99,0,"180,000",0,2026-08-25
1500073914,41446889,34. 입주매물중 최상. 역세권. 판상형. 예쁜뷰,홍익포레온475-8889(단지내)공인중개사사무소,매매,123,고,112.69,84.99,"300,000",0,0,2026-08-25
1500073914,41449204,포레온18. 1퍼센트매물. 파노라마 올팍뷰. 여기가 찐. 12월말협의,대일484-7474부동산공인중개사사무소,전세,309,고,62.24,39.95,0,"90,000",0,2026-08-25
1500073914,41467038,34.남향. 판상형. 장기거주. 5호선상가 이용편리,금성484-4004(단지내30여년)포레온공인중개사사무소,전세,124,고,112.69,84.99,0,"155,000",0,2026-08-25
1500073914,41453063,,포레온안국부동산공인중개사사무소,월세,201,중,62.24,39.95,0,"50,000",140,2026-08-25
1500073914,41467021,"37 남향, 최저가, 입주가능, 뷰좋은라인, 메인상가인접",부동산헤드라인공인중개사사무소,매매,121,고,125.41,95.97,"320,000",0,0,2026-08-25
1500073914,41461400,"34F 남향, 장기. 보증금조정가능.하시입주.",포레온행운(471-3999)공인중개사사무소,월세,304,중,114.42,84.99,0,"85,000",320,2026-08-25
1500073914,41449207,,대일484-7474부동산공인중개사사무소,월세,402,중,112.69,84.99,0,"70,000",320,2026-08-25
1500073914,41446885,37. 입주협의. 확실출발. 지금이 매수기회,홍익포레온475-8889(단지내)공인중개사사무소,매매,123,중,125.41,95.97,"320,000",0,0,2026-08-25
1500073914,41449187,43A. 정원뷰. 귀한 볕잘들고 수영장 바로코앞. 저층 포레온일등매물,대일484-7474부동산공인중개사사무소,매매,107,저,142.48,109.98,"370,000",0,0,2026-08-25
1500073914,41449201,18 찐매물 빠른입주가능 뻥뷰 보증금조정가능,대일484-7474부동산공인중개사사무소,월세,318,고,62.24,39.95,0,"35,000",200,2026-08-25
1500073914,41449198,43 찐매물 뻥뷰 전세도가능 입주일협의가능,대일484-7474부동산공인중개사사무소,월세,404,고,142.48,109.98,0,"160,000",100,2026-08-25
1500073914,41480008,윤.34 세안고 l 집보기 가능l 9호선 l 위례초 l 트인전망,윤포레온공인중개사사무소,매매,421,고,112.69,84.99,"300,000",0,0,2026-08-25
1500073914,41461399,43 일자산시원한뷰 정상입주가능  식세기등 옵션굿,포레온행운(471-3999)공인중개사사무소,전세,406,중,144.12,109.99,0,"180,000",0,2026-08-25
1500073914,41450353,"입주매매,1주택매도후 매수가.초록초록한 햇빛 가득한집을누려보세요",올림픽파크포레온 나이스 단지내 공인중개사사무소,매매,122,저,125.41,95.97,"315,000",0,0,2026-08-25
1500073914,41450354,"바로입주가. 조합전세,장기거주,남향.빠른 입주도 환영, 입주일 협의가",올림픽파크포레온 나이스 단지내 공인중개사사무소,월세,320,고,62.24,39.95,0,"35,000",200,2026-08-25
1500073914,41439620,34 줄리엣테라스뷰 하이엔드 주거생활 스포츠컴플렉스 워라벨,올림픽파크포레온금탑공인중개사사무소,전세,124,고,193.22,84.99,0,"155,000",0,2026-08-25
1500073914,41449195,37 추천급매 풀옵션 정원조망권 남향 입주협의 최저가급매,대일484-7474부동산공인중개사사무소,매매,210,중,125.41,95.97,"310,000",0,0,2026-08-25
1500073914,41466804,"34p. 장기거주가능, 집보기가능, 메인상가이용편리",포레온(단지내)채움부동산공인중개사사무소,전세,124,고,112.69,84.99,0,"155,000",0,2026-08-25
1500073914,41467000,"헤드, 34, 단기, 1년, 5호선, 메인상가인접, 최고급커뮤니티인접",부동산헤드라인공인중개사사무소,월세,110,중,112.69,84.99,0,"80,000",150,2026-08-25
1500073914,41450347,"nice매물, 입주협의가,인기구조,와이드한 거실평면, 굿초이스 매물",올림픽파크포레온 나이스 단지내 공인중개사사무소,전세,203,고,112.69,84.99,0,"160,000",0,2026-08-25
1500073914,41467004,"25 남향, 귀한3단지매물, 9호선역세권, 굿뷰, 전세안고",부동산헤드라인공인중개사사무소,매매,307,고,85.41,59.96,"265,000",0,0,2026-08-25
1500073914,41449208,34A. 현재 저렴한 반전세. 내부인테리어 잘되었어요. 빠른연락요망,대일484-7474부동산공인중개사사무소,월세,403,중,112.69,84.99,0,"80,000",280,2026-08-25
1500073914,41480015,18.B 전세 l 9호선 l 장기거주 l 트인전망,윤포레온공인중개사사무소,전세,320,중,62.39,39.98,0,"83,000",0,2026-08-25
1500073914,41467012,"헤드, 43, 5호선, 메인상가, 둔촌초 인접, 커뮤니티이용편리",부동산헤드라인공인중개사사무소,매매,107,저,142.48,109.98,"370,000",0,0,2026-08-25
1500073914,41461401,귀한25.  남향. 장기거주가능.,포레온행운(471-3999)공인중개사사무소,전세,420,고,85.28,59.99,0,"123,000",0,2026-08-25
1500073914,41453685,"34,금일확인, 집보고 결정,보증금조율, 뻥뷰, 빠른입주",으뜸포레온공인중개사사무소,월세,301,고,114.42,84.99,0,"80,000",320,2026-08-25
1500073914,41434947,"34, 집보고 결정,판상형, 남향, 입주협의",으뜸포레온공인중개사사무소,전세,124,중,193.22,84.99,0,"155,000",0,2026-08-25
1500073914,41434875,"18, 바로 진행, 장기거주,롯데타워뷰, 융무",으뜸포레온공인중개사사무소,월세,308,중,100.10,39.95,0,"60,000",100,2026-08-25
1500073914,41414496,로얄22p. 9호선연결동 수영장 사우나 골프 중석식 주 최고의아파트,로얄(02-470-0113)공인중개사사무소,전세,320,고,62.24,39.95,0,"85,000",0,2026-08-24
1500073914,41398664,"25. 급매, 바로입주가능, 집보기가능, 트인뷰좋아요",포레온(단지내)채움부동산공인중개사사무소,매매,417,중,85.47,59.96,"258,000",0,0,2026-08-24
1500073914,41405286,43 남향. 보증금 조정가. 거주만족높은 단지. 최고급커뮤니티. 뻥뷰,단지내하나공인중개사사무소,월세,207,중,142.48,109.98,0,"80,000",460,2026-08-24
1500073914,41398658,"18p. 방2,화1, 추천매매, 지하철 9호선 바로앞, 편의시설접근성 굿",포레온(단지내)채움부동산공인중개사사무소,매매,320,고,62.24,39.95,"195,000",0,0,2026-08-24
1500073914,41407254,37A. 단지내 중앙 위치로 최고 로얄동 로얄층. 확트인 뷰. 더블역세권,단지내승진포레온공인중개사사무소,매매,208,고,125.41,95.97,"350,000",0,0,2026-08-24
1500073914,41396980,25 급매 최저가 입주 트인뷰  4베이 판상형  조용한 위치 위례초,THE포레온삼천사부동산중개법인(주),매매,417,중,142.28,59.96,"258,000","120,000",360,2026-08-24
1500073914,41396972,37 매매. 더블역세권. 실거주만족최고. 채광굿. 역세권. 상가이용편리.,THE포레온삼천사부동산중개법인(주),매매,121,고,216.36,95.97,"325,000",0,0,2026-08-24
1500073914,41396961,43 전세강추. 일자산뷰. 숲세권. 보증금조정가 반전세도 가능,THE포레온삼천사부동산중개법인(주),전세,406,고,249.09,109.99,"285,000","180,000",100,2026-08-24
1500073914,41396958,34 급매.입주. 판상형. 채광굿. 역세권. 상가이용편리.,THE포레온삼천사부동산중개법인(주),매매,121,중,193.22,84.99,"300,000",0,0,2026-08-24
1500073914,41398657,"25p. 방3 화2, 장기거주가능, 남향",포레온(단지내)채움부동산공인중개사사무소,전세,420,중,85.28,59.99,0,"125,000",0,2026-08-24
1500073914,41400660,18.월세 l 집보기O  입주협의O 장기거주O,윤포레온공인중개사사무소,월세,321,중,62.24,39.95,0,"57,000",120,2026-08-24
1500073914,41398750,"빠른입주, 협의가. 보증금 11억도 가능. 뻥뷰. 집보기 가능.",올림픽파크포레온 나이스 단지내 공인중개사사무소,월세,210,고,125.41,95.97,0,"100,000",280,2026-08-24
1500073914,41402999,,포레온행운(471-3999)공인중개사사무소,전세,319,고,46.21,29.97,0,"60,000",0,2026-08-24
1500073914,41417027,"18p. 상가.9호선 초근접,  채광.통풍.장기거주가능. 반전세가능",다원공인중개사사무소,전세,320,고,62.39,39.98,0,"85,000",0,2026-08-24
1500073914,41417028,22p. 커뮤니티근접 생활편리   단기거주 협의,다원공인중개사사무소,전세,309,고,75.90,49.95,0,"75,000",0,2026-08-24
1500073914,41396706,"헤드, 25, 9호선, 10월중순입주, 신혼부부, 리조트급커뮤니티",부동산헤드라인공인중개사사무소,월세,307,고,142.12,59.99,0,"80,000",180,2026-08-24
1500073914,41396702,"헤드, 37, 더블역세권, 남향, 최고급커뮤니티시설, 둔촌초",부동산헤드라인공인중개사사무소,월세,210,고,216.36,95.97,0,"110,000",240,2026-08-24
1500073914,41398571,朴34p  로얄동 남향 양창거실확트인뷰 입주협의가,박씨네복덕방(02-474-9939)박지언공인중개사사무소,매매,303,저,114.42,84.99,"320,000",0,0,2026-08-24
1500073914,41402997,귀한25.  남향. 장기거주가능.10월말입주가능,포레온행운(471-3999)공인중개사사무소,전세,420,고,85.28,59.99,0,"123,000",0,2026-08-24
1500073914,41400653,34 세안고 l 9호선 l 위례초 l 트인전망,윤포레온공인중개사사무소,매매,421,고,112.69,84.99,"300,000",0,0,2026-08-24
1500073914,41417030,18P 1년 단기거주 조망 채광 좋은 거주지 둔촌역 메인상가 초근접,다원공인중개사사무소,전세,103,고,62.24,39.95,0,"75,000",0,2026-08-24
1500073914,41396466,43 급매. 최저가. 입주협의. 5호선역세권.상가이용편리. 대단지신축.,THE포레온삼천사부동산중개법인(주),매매,120,저,247.45,109.98,"343,000","50,000",320,2026-08-24
1500073914,41396464,25 급매강추. 귀한평수. 최고급커뮤니티. 입주가. 주거만족 굿,단지내하나공인중개사사무소,매매,417,중,142.28,59.96,"260,000",0,0,2026-08-24
1500073914,41396453,34. 하나추천. 햇살가득한집. 위례초. 동북중고. 최고급커뮤니티,단지내하나공인중개사사무소,매매,421,고,193.22,84.99,"300,000",0,0,2026-08-24
1500073914,41396451,34 초급매. 입주협의. 럭셔리커뮤니티. 개방감 굿.,단지내하나공인중개사사무소,매매,405,중,193.51,84.99,"280,000",0,0,2026-08-24
1500073914,41396449,18. 1년단기. 초초역세권. 스테이션5상가이용편리.,단지내하나공인중개사사무소,월세,103,중,100.10,39.95,0,"50,000",80,2026-08-24
1500073914,41414488,로얄22p. 최고조망 장기거주가능 보증금조절가 커뮤니티좋아요,로얄(02-470-0113)공인중개사사무소,월세,309,고,75.90,49.95,0,"25,000",320,2026-08-24
1500073914,41417034,"34P 올림픽공원 영구 뷰   스카이라운지, 힐링센터, 게스트하우스 동",다원공인중개사사무소,월세,303,고,114.42,84.99,0,"90,000",320,2026-08-24
1500073914,41403001,"43A,5호선이용편리",포레온행운(471-3999)공인중개사사무소,매매,107,저,142.48,109.98,"370,000",0,0,2026-08-24
1500073914,41400656,43 l 선호단지 l 정상입주 l 집보고 결정,윤포레온공인중개사사무소,매매,307,저,142.48,109.98,"380,000",0,0,2026-08-24
1500073914,41403002,34A. 막힘없는 동향.,포레온행운(471-3999)공인중개사사무소,매매,407,고,113.45,84.98,"300,000",0,0,2026-08-24
1500073914,41400661,윤.34 l 집보고결정O 장기거주O 보증금조정O,윤포레온공인중개사사무소,월세,120,중,113.28,84.99,0,"60,000",360,2026-08-24
1500073914,41398660,"18p. 단기1년, 11월이후 입주가능, 전세로도 가능, 집보기가능",포레온(단지내)채움부동산공인중개사사무소,월세,103,고,62.24,39.95,0,"50,000",80,2026-08-24
1500073914,41398665,"25p. 최저가 급매, 입주가능, 집보기가능, 트인뷰좋은집",포레온(단지내)채움부동산공인중개사사무소,매매,417,중,85.47,59.96,"258,000",0,0,2026-08-24
1500073914,41398663,"34p. 세안고,  강추급매,  27년1월 입주가능, 남향",포레온(단지내)채움부동산공인중개사사무소,매매,405,중,112.98,84.99,"280,000",0,0,2026-08-24
1500073914,41399779,"22,단기, 일단 살아보고 결정, 집보기 예약 가능, 바로진행",으뜸포레온공인중개사사무소,월세,305,저,75.90,49.95,0,"60,000",40,2026-08-24
1500073914,41398661,"25p. 강추 찐매물, 탁트인뷰대박, 보증금 8억가능, 남향",포레온(단지내)채움부동산공인중개사사무소,월세,307,고,85.28,59.99,0,"50,000",300,2026-08-24
1500073914,41400650,윤.43 l 로얄 l 집보고 결정 l 정상입주,윤포레온공인중개사사무소,매매,307,저,142.48,109.98,"400,000",0,0,2026-08-24
1500073914,41398751,"nice매물,1주택자 매수가.판상형 조용하고 밝은 고층 채광좋은집",올림픽파크포레온 나이스 단지내 공인중개사사무소,매매,402,고,112.69,84.99,"300,000",0,0,2026-08-24
1500073914,41405287,25남향. 강추. 귀한전세. 트인뷰. 워라벨아파트.,단지내하나공인중개사사무소,전세,420,고,85.28,59.99,0,"125,000",0,2026-08-24
1500073914,41403003,34A. 뷰좋은 남향.,포레온행운(471-3999)공인중개사사무소,매매,203,중,112.69,84.99,"300,000",0,0,2026-08-24
1500073914,41403000,"22. 생활편의시설이용좋아요.  단기임대 ,",포레온행운(471-3999)공인중개사사무소,월세,308,저,75.90,49.95,0,"60,000",40,2026-08-24
1500073914,41414497,로얄18. 5호선인근동 뻥뷰 단기 신축커뮤니티 입주민 만족도최고,로얄(02-470-0113)공인중개사사무소,전세,103,고,62.24,39.95,0,"80,000",0,2026-08-24
1500073914,41399626,14. 현시세 최저가.  초역세권. 집보기 가능. 추천매물,홍익포레온475-8889(단지내)공인중개사사무소,전세,318,고,46.21,29.97,0,"60,000",0,2026-08-24
1500073914,41419148,"37 남향, 입주가능, 뷰좋은라인, 5호선역세권, 메인상가",부동산헤드라인공인중개사사무소,매매,121,고,125.41,95.97,"320,000",0,0,2026-08-24
1500073914,41398752,"nice매물,1주택자 매수가.판상형 9호선 초역세권 고층 채광좋은집",올림픽파크포레온 나이스 단지내 공인중개사사무소,매매,421,고,112.69,84.99,"300,000",0,0,2026-08-24
1500073914,41398569,朴34p 로얄층  쾌적한숲세권 중앙도서관이용편리  입주협의가,박씨네복덕방(02-474-9939)박지언공인중개사사무소,매매,403,중,114.26,84.99,"305,000",0,0,2026-08-24
1500073914,41422685,25.남향. 출입구동. 세안고. 판상형,금성484-4004(단지내30여년)포레온공인중개사사무소,매매,306,고,85.28,59.99,"265,000",0,0,2026-08-24
1500073914,41393154,"헤드, 43, 위례초, 인접커뮤니티, 옵션굿, 풀에, 더블역세권",부동산헤드라인공인중개사사무소,월세,207,중,0.00,109.98,0,"60,000",540,2026-08-24
1500073914,41398662,"34p.  완전추천 급매, 입주가능, 남향, 4베이판상형",포레온(단지내)채움부동산공인중개사사무소,매매,203,중,112.69,84.99,"300,000",0,0,2026-08-24
1500073914,41422687,25.남향.트인뷰. 5억300 가능.,금성484-4004(단지내30여년)포레온공인중개사사무소,월세,307,고,85.28,59.99,0,"80,000",180,2026-08-24
1500073914,41414484,로얄14. 고층뻥뷰 장기거주가능 주차 커뮤니티 만족도최상 9호선인접,로얄(02-470-0113)공인중개사사무소,월세,318,25,46.21,29.97,0,"40,000",80,2026-08-24
1500073914,41392958,"헤드, 34, 위례초, 9호선, 로얄동, 스카이커뮤니티인접",부동산헤드라인공인중개사사무소,월세,304,고,0.00,84.99,0,"80,000",320,2026-08-24
1500073914,41417035,18p.조합매물 채광.통풍조망굿. 9호선초근접.신혼부부추천,다원공인중개사사무소,월세,320,중,62.24,39.95,0,"57,000",120,2026-08-24
1500073914,41392651,"헤드, 25, 위례초, 귀한전세, 리조트급커뮤니티인접, 게스트하우스",부동산헤드라인공인중개사사무소,전세,420,중,0.00,59.99,0,"130,000",0,2026-08-24
1500073914,41399622,18. 장기거주. 입주협의가능. 보증금 조정가능,홍익포레온475-8889(단지내)공인중개사사무소,월세,201,고,62.24,39.95,0,"45,000",165,2026-08-24
1500073914,41392446,"헤드, 14, 원룸, 1인가구추천, 뻥뷰, 굿커뮤니티, 9호선",부동산헤드라인공인중개사사무소,월세,318,중,74.61,29.97,0,"35,000",100,2026-08-24
1500073914,41392425,"헤드, 34, 둔촌초, 옵션굿, 호텔급커뮤니티시설, 쾌적한단지",부동산헤드라인공인중개사사무소,월세,403,중,193.22,84.99,0,"80,000",280,2026-08-24
1500073914,41392407,"헤드, 22, 9호선, 초품아, 고급커뮤니티",부동산헤드라인공인중개사사무소,월세,308,고,123.23,49.95,0,"30,000",280,2026-08-24
1500073914,41398570,朴37 추천 남향  알파룸o  5호선상가이용편리  커뮤니티시설최상,박씨네복덕방(02-474-9939)박지언공인중개사사무소,매매,122,저,125.41,95.97,"345,000",0,0,2026-08-24
1500073914,41399627,18. 단기. 시원한뷰. 입주협의,홍익포레온475-8889(단지내)공인중개사사무소,월세,201,중,62.24,39.95,0,"50,000",80,2026-08-24
1500073914,41392290,"헤드, 43, 일자산뷰, 장기거주가, 최고급커뮤니티",부동산헤드라인공인중개사사무소,전세,416,중,247.45,109.98,0,"180,000",0,2026-08-24
1500073914,41414495,로얄22p. 인테리어된집 단기 뻥뷰 최신커뮤니티이용 주차좋음,로얄(02-470-0113)공인중개사사무소,전세,103,고,75.90,49.95,0,"75,000",0,2026-08-24
1500073914,41392193,"헤드, 43, 일자산뷰, 조중석식, 힐링단지, 귀한전세",부동산헤드라인공인중개사사무소,전세,416,고,249.09,109.99,0,"180,000",0,2026-08-24
1500073914,41392164,"헤드, 34, 귀한전세, 5호선, 메인상가, 둔촌초인접",부동산헤드라인공인중개사사무소,전세,124,고,193.22,84.99,0,"155,000",0,2026-08-24
1500073914,41414494,"로얄34p. 귀한판상형 정남향 주거만족도최상 커뮤니티, 단지조경 굿",로얄(02-470-0113)공인중개사사무소,전세,121,중,112.69,84.99,0,"155,000",0,2026-08-24
1500073914,41414490,,로얄(02-470-0113)공인중개사사무소,매매,303,저,112.69,84.99,"320,000",0,0,2026-08-24
1500073914,41414485,로얄14. 고층뻥뷰 장기거주가능 주차 커뮤니티 만족도최상 9호선인접,로얄(02-470-0113)공인중개사사무소,월세,318,고,46.21,29.97,0,"35,000",100,2026-08-24
1500073914,41417032,18p 귀한B타입 장기거주가능 보증금.월세조정가능,다원공인중개사사무소,전세,320,고,62.39,39.98,0,"85,000",0,2026-08-24
1500073914,41414493,로얄43p. 장기거주가 고층일자산뷰 명품조경  최고급커뮤니티 조중식,로얄(02-470-0113)공인중개사사무소,전세,406,중,144.12,109.99,0,"180,000",0,2026-08-24
1500073914,41414487,로얄34p. 일자산 뻥뷰 판상형 만족도 최상의커뮤니티 더블역세권,로얄(02-470-0113)공인중개사사무소,매매,406,고,112.69,84.99,"310,000",0,0,2026-08-24
1500073914,41398659,"18p. 단기1년, 11월입주,  트인뷰",포레온(단지내)채움부동산공인중개사사무소,전세,102,중,62.24,39.95,0,"70,000",0,2026-08-24
1500073914,41414491,"로얄34p. 귀한전세 장기거주가 둔촌초가까운동 5호선,상가이용용이",로얄(02-470-0113)공인중개사사무소,전세,203,중,112.69,84.99,0,"155,000",0,2026-08-24
1500073914,41399623,34. 입주. 급매. 9호선 보훈병원역급행,홍익포레온475-8889(단지내)공인중개사사무소,매매,407,중,112.98,84.99,"300,000",0,0,2026-08-24
1500073914,41414486,로얄43p. 세안고 인기9호선가까운동 판상형 세대창고 수영장 조중식,로얄(02-470-0113)공인중개사사무소,매매,306,고,142.48,109.98,"355,000",0,0,2026-08-24
1500073914,41412189,,성심포레온(483-0070)단지내공인중개사사무소,매매,122,저,125.41,95.97,"345,000",0,0,2026-08-24
1500073914,41402998,34A 남향에 5호선상가.둔촌시장 생활편의시설이용하기좋음.,포레온행운(471-3999)공인중개사사무소,전세,124,고,112.69,84.99,0,"155,000",0,2026-08-24
1500073914,41414492,로얄14. 고층뻥뷰 장기거주가능 주차 커뮤니티 만족도최상 9호선인접,로얄(02-470-0113)공인중개사사무소,월세,319,고,46.21,29.97,0,"35,000",100,2026-08-24
1500073914,41414489,로얄37.  귀한로얄호실 뻥트인뷰 입주가능 만족도최상커뮤니티,로얄(02-470-0113)공인중개사사무소,매매,121,중,125.41,95.97,"335,000",0,0,2026-08-24
1500073914,41417031,43p 조용하고 조망좋은 웰빙단지 장기거주 가능. 조건협의,다원공인중개사사무소,전세,416,고,144.12,109.99,0,"180,000",0,2026-08-24
1500073914,41417029,복층형 독립분리세대 34P 정원뷰 방3화2 올인테리어 입주협의,다원공인중개사사무소,전세,121,저,150.99,113.97,0,"150,000",0,2026-08-24
1500073914,41400662,18 l 장기거주 l 집보고 결정하세요,윤포레온공인중개사사무소,월세,319,저,62.24,39.95,0,"60,000",100,2026-08-24
1500073914,41417033,18P  귀한남향매물  9호선.상가 초근접 생활편리 장기거주 가능.,다원공인중개사사무소,월세,320,고,62.24,39.95,0,"30,000",240,2026-08-24
1500073914,41416107,1단지 급매 판상형 남향 위치 최상,부흥부동산공인중개사사무소,매매,123,중,112.69,84.99,"300,000",0,0,2026-08-24
1500073914,41400652,윤.34 l 집보기 가능 l 정상입주 l 공동 환영 l 트인전망,윤포레온공인중개사사무소,매매,407,고,113.45,84.98,"305,000",0,0,2026-08-24
1500073914,41390254,주인직접 웅장한 복층 개방감 특별한 조건,부흥부동산공인중개사사무소,매매,303,고,332.57,144.97,"500,000","70,000",340,2026-08-24
1500073914,41388536,"18,집보고 결정,입주 9월말, 장기거주",으뜸포레온공인중개사사무소,월세,320,중,100.10,39.95,0,"48,000",150,2026-08-24
1500073914,41388514,"25, 바로계약, 10월 말, 장기거주, 옵션 최상",으뜸포레온공인중개사사무소,전세,420,고,142.12,59.99,"258,000","123,000",0,2026-08-24
1500073914,41356405,"43 남향, 9호선초역세권, 전망좋음, 입주협의가능",부동산헤드라인공인중개사사무소,매매,317,중,0.00,109.99,"380,000",0,0,2026-08-22
1500073914,41356382,"헤드, 37, 세안고, 시원한 뻥뷰, 남향, 해 잘드는집",부동산헤드라인공인중개사사무소,매매,208,고,216.36,95.97,"340,000",0,0,2026-08-22
1500073914,41356380,"43A 남향, 입주, 완전뻥뷰, 최저가",부동산헤드라인공인중개사사무소,매매,404,고,247.45,109.98,"355,000",0,0,2026-08-22
1500073914,41356376,"25 남향, 3단지귀한매물, 전세안고, 9호선역세권, 굿뷰",부동산헤드라인공인중개사사무소,매매,307,고,142.22,59.96,"265,000",0,0,2026-08-22
1500073914,41356373,"헤드, 43, 5호선, 메인상가, 둔촌초 인접, 로얄동, 커뮤니티이용편리",부동산헤드라인공인중개사사무소,매매,107,저,247.45,109.98,"370,000",0,0,2026-08-22
1500073914,41356365,"43A 남향, 최저가, 위례초, 9호선역세권, 전세안고, 입주협의가",부동산헤드라인공인중개사사무소,매매,306,고,247.45,109.98,"355,000",0,0,2026-08-22
1500073914,41356273,34 입주매매강추. 랜드마크동. 로얄위치. 양창 탁트인뷰. 올림픽공원,THE포레온삼천사부동산중개법인(주),매매,303,저,194.95,84.99,"320,000",0,0,2026-08-22
1500073914,41356150,"25,급매, 세안고 늦은 입주, 바로진행, 판상형.로얄단지",으뜸포레온공인중개사사무소,매매,306,고,142.12,59.99,"265,000",0,0,2026-08-22
1500073914,41356139,"58,복층 펜트하우스, 집보고 결정, 파노라마 공원뷰",으뜸포레온공인중개사사무소,매매,303,고,332.57,144.97,"500,000","150,000",0,2026-08-22
1500073914,41356101,"34, 바로 진행, 집보고 결정,판상형, 남향, 입주협의",으뜸포레온공인중개사사무소,전세,124,고,193.22,84.99,0,"155,000",0,2026-08-22
1500073914,41356096,"34, 바로진행, 집보고 결정, 집상태 최상, 입주협의",으뜸포레온공인중개사사무소,전세,123,중,193.22,84.99,0,"155,000",0,2026-08-22
1500073914,41375276,"헤드, 43 남향, 입주, 로얄동, 정원뷰, 5호선, 커뮤니티 이용 편리",부동산헤드라인공인중개사사무소,매매,107,저,142.48,109.98,"370,000",0,0,2026-08-22
1500073914,41375288,"헤드, 43, 위례초, 인접커뮤니티, 옵션굿, 풀에",부동산헤드라인공인중개사사무소,월세,207,중,142.48,109.98,0,"60,000",540,2026-08-22
1500073914,41356042,34 높은세안고매매.무주택자기회. 더블역세권. 근린공원.,THE포레온삼천사부동산중개법인(주),매매,405,중,193.51,84.99,"300,000","150,000",1,2026-08-22
1500073914,41359945,"입주매매,1주택매도후 매수가.햇빛 가득한롯데타워뷰 집을누려보세요",올림픽파크포레온 나이스 단지내 공인중개사사무소,매매,122,고,112.69,84.99,"300,000",0,0,2026-08-22
1500073914,41379373,25 귀한 찐매물  남향 판상형 밝고 트인집,누리부동산공인중개사사무소 ,전세,420,고,85.28,59.99,0,"125,000",0,2026-08-22
1500073914,41380969,43. 뻥뷰. 금액조율가능. 단지 중앙위치로 커뮤니티 이용편리,단지내승진포레온공인중개사사무소,월세,205,중,142.48,109.98,0,"120,000",500,2026-08-22
1500073914,41380973,18A. 승진추천. 귀한 단기 월세. 입주협의. 상가이용편리.5호역세권,단지내승진포레온공인중개사사무소,월세,104,중,62.24,39.95,0,"50,000",100,2026-08-22
1500073914,41358882,34 커뮤니티 바로 코앞. 럭셔리 조망동. 세안고 최저가급매,대일484-7474부동산공인중개사사무소,매매,203,중,112.69,84.99,"300,000",0,0,2026-08-22
1500073914,41364456,시티 18전세 선호도높은타입 환상뷰 로얄층 장기거주가능,시티472-1117공인중개사사무소,전세,320,고,62.39,39.98,0,"85,000",0,2026-08-22
1500073914,41380972,18A. 승진추천. 귀한 단기 월세. 젊은층 선호단지. 9호선 역세권,단지내승진포레온공인중개사사무소,월세,318,고,62.24,39.95,0,"52,000",120,2026-08-22
1500073914,41375280,"34A 남향, 입주협의, 최저가, 5호선역세권, 메인상가",부동산헤드라인공인중개사사무소,매매,123,중,112.69,84.99,"300,000",0,0,2026-08-22
1500073914,41375282,"헤드, 43, 일자산뷰, 귀한전세, 조중석식, 힐링단지",부동산헤드라인공인중개사사무소,전세,416,고,144.12,109.99,0,"180,000",0,2026-08-22
1500073914,41370054,"귀한25A, 장기거주.",포레온행운(471-3999)공인중개사사무소,월세,306,고,85.28,59.99,0,"80,000",180,2026-08-22
1500073914,41375306,37.뻥뷰. 로얄동.전망최고.로얄층,금성484-4004(단지내30여년)포레온공인중개사사무소,매매,208,고,125.41,95.97,"340,000",0,0,2026-08-22
1500073914,41362780,"18,찐매물,집보고 결정,단기, 11월초, 공동환영",으뜸포레온공인중개사사무소,전세,103,고,62.24,39.95,0,"70,000",0,2026-08-22
1500073914,41380967,,단지내승진포레온공인중개사사무소,매매,303,고,194.21,144.97,"500,000",0,0,2026-08-22
1500073914,41375110,"34p. 강추급매, 트인뷰, 입주협의",포레온(단지내)채움부동산공인중개사사무소,매매,205,중,113.28,84.99,"300,000",0,0,2026-08-22
1500073914,41355659,25 하이엔드 주거시설 및 커뮤니티시설 워라벨아파트,올림픽파크포레온금탑공인중개사사무소,월세,306,고,142.12,59.99,0,"80,000",180,2026-08-22
1500073914,41355638,37 두쫀쿠판상형 카페테리아및커뮤니티시설이용 굿,올림픽파크포레온금탑공인중개사사무소,매매,209,고,216.36,95.97,"310,000",0,0,2026-08-22
1500073914,41386905,34.급매 l 최저가 l 세안고 빠른 선점,윤포레온공인중개사사무소,매매,405,중,112.98,84.99,"280,000",0,0,2026-08-22
1500073914,41359952,"초급매. 입주매매, 바로입주가판상형, 조용하고 층 좋은집, 로얄호,",올림픽파크포레온 나이스 단지내 공인중개사사무소,매매,415,고,85.47,59.96,"258,000",0,0,2026-08-22
1500073914,41370050,,포레온행운(471-3999)공인중개사사무소,매매,417,중,85.28,59.99,"258,000",0,0,2026-08-22
1500073914,41370055,43 일자산시원한뷰 정상입주가능  식세기등 옵션굿,포레온행운(471-3999)공인중개사사무소,전세,406,고,144.12,109.99,0,"180,000",0,2026-08-22
1500073914,41380971,34. 세 안고 매매. 자연친화적 단지. 근린공원인접. 숲세권. 학세권,단지내승진포레온공인중개사사무소,매매,421,중,114.26,84.99,"303,000",0,0,2026-08-22
1500073914,41358883,18A  포레온 1퍼센트 매물. 12월말협의  여기가 찐입니다 ,대일484-7474부동산공인중개사사무소,전세,319,고,62.24,39.95,0,"90,000",0,2026-08-22
1500073914,41364457,시티 22 단기전세 9호선근접 트인뷰,시티472-1117공인중개사사무소,전세,309,저,75.90,49.95,0,"75,000",0,2026-08-22
1500073914,41358877,가성비 끝판. 일자산숲뷰. 빠른연락 필수. 실물보고 결정하는집,대일484-7474부동산공인중개사사무소,매매,402,중,114.26,84.99,"290,000",0,0,2026-08-22
1500073914,41370057,,포레온행운(471-3999)공인중개사사무소,매매,123,고,112.69,84.99,"300,000",0,0,2026-08-22
1500073914,41375286,"헤드, 25, 공세권, 귀한전세, 신혼부부추천, 신축대단지, 굿커뮤니티",부동산헤드라인공인중개사사무소,전세,420,중,85.28,59.99,0,"130,000",0,2026-08-22
1500073914,41358879,"대일 37 특, 정원뷰, 입주되는 매물, 최저가입니다",대일484-7474부동산공인중개사사무소,매매,123,저,125.41,95.97,"315,000",0,0,2026-08-22
1500073914,41359948,,올림픽파크포레온 나이스 단지내 공인중개사사무소,매매,421,고,114.26,84.99,"303,000",0,0,2026-08-22
1500073914,41364455,시티 18전세 선호도높은타입 환상뷰 로얄층 장기거주가능,시티472-1117공인중개사사무소,전세,320,중,62.39,39.98,0,"83,000",0,2026-08-22
1500073914,41356679,18. 장기거주. 빠른입주 가능. 남향 초역세권,홍익포레온475-8889(단지내)공인중개사사무소,월세,320,고,62.24,39.95,0,"48,000",150,2026-08-22
1500073914,41359950,"nice 매물, 뻥뷰, 로얄호, 포레온 최고 매물, 9호선5호선 더블",올림픽파크포레온 나이스 단지내 공인중개사사무소,전세,210,고,125.41,95.97,0,"170,000",0,2026-08-22
1500073914,41358871,37 추천매물. 풀 정원조망권. 정상입주. 로얄동라인. 최저가,대일484-7474부동산공인중개사사무소,매매,210,중,125.41,95.97,"310,000",0,0,2026-08-22
1500073914,41358876,복층펜트. 올팍뷰.롯데타워뷰. 진정한 포레온최고매물. 오래오래 사세요,대일484-7474부동산공인중개사사무소,매매,303,고,194.21,144.97,"500,000",0,0,2026-08-22
1500073914,41375290,"헤드, 34, 판상형 남향, 5호선, 메인상가, 둔촌초 인접",부동산헤드라인공인중개사사무소,전세,124,고,112.69,84.99,0,"155,000",0,2026-08-22
1500073914,41370051,"18,5호선이용편리 ,장기임대 융무 ,보증금 조정가능.빠른입주가능,",포레온행운(471-3999)공인중개사사무소,월세,104,고,62.24,39.95,0,"10,000",290,2026-08-22
1500073914,41359943,"오늘 확인매물.로얄 조망, 새소리 들리는 조용하고 해 잘드는 집.",올림픽파크포레온 나이스 단지내 공인중개사사무소,전세,416,중,142.48,109.98,0,"190,000",0,2026-08-22
1500073914,41375284,"34D 남향, 입주협의가, 최저가, 굿뷰",부동산헤드라인공인중개사사무소,매매,415,고,112.98,84.99,"300,000",0,0,2026-08-22
1500073914,41375111,"25p. 귀한3단지매물, 남향, 탁트인뷰, 세안고",포레온(단지내)채움부동산공인중개사사무소,매매,307,고,85.28,59.99,"265,000",0,0,2026-08-22
1500073914,41378083,,포레온9프라임부동산중개사무소,매매,405,중,85.47,59.96,"258,000",0,0,2026-08-22
1500073914,41354088,34 하이엔드피톤치드뷰 조용하고 쾌적한단지,올림픽파크포레온금탑공인중개사사무소,매매,405,중,193.51,84.99,"280,000",0,0,2026-08-22
1500073914,41354027,18 하이엔드주거생활및커뮤니티시설이용,올림픽파크포레온금탑공인중개사사무소,월세,320,중,100.10,39.95,0,"57,000",120,2026-08-22
1500073914,41353987,18 하이엔드주거생활 및 역세권 상가동초근접 워라밸아파트,올림픽파크포레온금탑공인중개사사무소,매매,320,중,100.10,39.95,"195,000",0,0,2026-08-22
1500073914,41375277,"헤드, 34, 판상형 남향, 해잘드는집, 최고급 커뮤니티",부동산헤드라인공인중개사사무소,월세,403,중,112.69,84.99,0,"80,000",280,2026-08-22
1500073914,41380965,"34.단지 중앙위치로 커뮤니티 이용편리하고 5,9호선 모두이용가능",단지내승진포레온공인중개사사무소,매매,206,고,112.98,84.99,"320,000",0,0,2026-08-22
1500073914,41362784,"18, 단기, 추천, 집보고 결정, 바로진행 ,공동환영",으뜸포레온공인중개사사무소,월세,103,고,62.24,39.95,0,"50,000",80,2026-08-22
1500073914,41362779,"50, 집보면 반할 집, 바로진행,관리잘된 집, 공동환영",으뜸포레온공인중개사사무소,매매,414,중,165.46,134.98,"450,000",0,0,2026-08-22
1500073914,41356677,22.단기. 남향 초역세권. 신혼부부 딱좋은 매물,홍익포레온475-8889(단지내)공인중개사사무소,월세,318,중,75.90,49.95,0,"55,000",60,2026-08-22
1500073914,41358878,포레온43.커뮤니티 초접근동. 완벽정원뷰. 볕잘드는집. 풀리모델링집,대일484-7474부동산공인중개사사무소,매매,107,저,142.48,109.98,"370,000",0,0,2026-08-22
1500073914,41380974,34D.금액 조율가. 뻥뷰.자연친화적 힐링라이프.숲세권.조용한단지,단지내승진포레온공인중개사사무소,월세,415,고,112.98,84.99,0,"120,000",160,2026-08-22
1500073914,41370058,,포레온행운(471-3999)공인중개사사무소,전세,319,고,46.21,29.97,0,"60,000",0,2026-08-22
1500073914,41358784,18 초역세권  탁트인뷰 개방감굿 주상가인접 생활편리,친구(02-474-9696)공인중개사사무소,전세,103,고,62.39,39.98,0,"75,000",0,2026-08-22
1500073914,41386906,25 l 보증금조정가능 l 위례초 l 트인전망,윤포레온공인중개사사무소,월세,306,고,85.28,59.99,0,"80,000",180,2026-08-22
1500073914,41352274,주인직접 웅장한 복층 개방감 특별한 조건,부흥부동산공인중개사사무소,매매,302,고,332.57,144.97,"490,000","70,000",340,2026-08-22
1500073914,41380968,18B. 귀한 B타입 장기전세. 금액조정가능. 젊은층 선호단지. 9호선,단지내승진포레온공인중개사사무소,전세,321,중,62.39,39.98,0,"85,000",0,2026-08-22
1500073914,41370053,"22. 경제적인 보증금, 단기임대 ,",포레온행운(471-3999)공인중개사사무소,전세,308,저,75.90,49.95,0,"75,000",0,2026-08-22
1500073914,41352225,1단지 바로계약가능 빠르게 연결 34 급매,부흥부동산공인중개사사무소,매매,123,중,193.22,84.99,"300,000","70,000",340,2026-08-22
1500073914,41352076,50B 9호선역세권 강동중앙도서관 이용 및 커뮤니티시설 이용편리,올림픽파크포레온금탑공인중개사사무소,매매,313,저,294.53,134.97,"455,000",0,0,2026-08-22
1500073914,41359944,"귀한 전세,판상형, 장기거주가, 입주 협의가,초 역세권. 위례초배정",올림픽파크포레온 나이스 단지내 공인중개사사무소,전세,310,고,112.69,84.99,0,"160,000",0,2026-08-22
1500073914,41370052,"22. 생활편의시설이용좋아요.  단기임대 ,",포레온행운(471-3999)공인중개사사무소,월세,308,저,75.90,49.95,0,"60,000",40,2026-08-22
1500073914,41380970,승진추천. 복층 분리세대. 출입문 별도. 장기거주 가능. 5호선 역세권,단지내승진포레온공인중개사사무소,전세,121,저,150.99,113.97,0,"150,000",0,2026-08-22
1500073914,41375108,"34. 입주가능, 남향, 4베이판상형",포레온(단지내)채움부동산공인중개사사무소,매매,312,중,112.69,84.99,"310,000",0,0,2026-08-22
1500073914,41380966,,단지내승진포레온공인중개사사무소,매매,301,고,194.21,144.97,"696,000",0,0,2026-08-22
1500073914,41386904,18. 빠른입주 l 소액보증금 l 장기거주 l 트인뷰,윤포레온공인중개사사무소,월세,104,중,62.24,39.95,0,"10,000",290,2026-08-22
1500073914,41375275,"헤드, 22, 1년단기, 남향, 신혼부부추천, 9호선",부동산헤드라인공인중개사사무소,월세,308,저,75.90,49.95,0,"60,000",40,2026-08-22
1500073914,41358880,"34, 동향, 역세권, 시그니처라인, 귀한매매, 입주가능합니다",대일484-7474부동산공인중개사사무소,매매,303,고,113.45,84.98,"300,000",0,0,2026-08-22
1500073914,41362787,"25, 특급매, 바로진행, 입주협의, 트인뷰, 판상형",으뜸포레온공인중개사사무소,매매,417,고,85.47,59.96,"258,000",0,0,2026-08-22
1500073914,41375109,"34p. 트인뷰, 초중고인접,  입주협의",포레온(단지내)채움부동산공인중개사사무소,매매,207,고,113.28,84.99,"300,000",0,0,2026-08-22
1500073914,41313747,"34, 바로 진행, 중앙동, 장기거주, 융무, 일조량",으뜸포레온공인중개사사무소,전세,203,고,193.22,84.99,0,"160,000",0,2026-08-21
1500073914,41313712,"34, 집보고 결정,판상형, 남향,바로진행,주상가이용편리",으뜸포레온공인중개사사무소,전세,123,고,193.22,84.99,0,"155,000",0,2026-08-21
1500073914,41313697,"34, 특급매, 세안고, 늦은입주, 양창개방감 최고",으뜸포레온공인중개사사무소,매매,405,중,193.51,84.99,"280,000",0,0,2026-08-21
1500073914,41325187,59A. 로얄동.로얄층. 이보다 더좋은매물은 없습니다. 세안고협의입주,대일484-7474부동산공인중개사사무소,매매,418,고,85.28,59.99,"260,000",0,0,2026-08-21
1500073914,41313560,"34, 입주 조정 가능,집보고 결정,바로진행,빠른입주",으뜸포레온공인중개사사무소,월세,302,고,194.95,84.99,0,"80,000",320,2026-08-21
1500073914,41331332,"헤드, 43 남향, 입주가능, 5호선, 메인상가, 커뮤니티 이용편리",부동산헤드라인공인중개사사무소,매매,120,중,142.48,109.98,"380,000",0,0,2026-08-21
1500073914,41313497,"37,집보고 결정, 입주협의, 바로 진행, 집상태 굿",으뜸포레온공인중개사사무소,월세,123,중,216.36,95.97,0,"120,000",180,2026-08-21
1500073914,41325186,59A  귀한 3단지  대한.민국. 최.대.단지. 일등.매물.多,대일484-7474부동산공인중개사사무소,매매,306,고,85.28,59.99,"265,000",0,0,2026-08-21
1500073914,41349745,"50, 1순위 매물, 세안고,일자산 액자뷰, 바로진행",으뜸포레온공인중개사사무소,매매,411,저,165.46,134.98,"400,000",0,0,2026-08-21
1500073914,41346719,,포레온행운(471-3999)공인중개사사무소,전세,319,고,46.21,29.97,0,"60,000",0,2026-08-21
1500073914,41350647,"입주가능, 9호선 역세권 , 전망 좋은 밝은 집",포레온9프라임부동산중개사무소,매매,417,저,112.98,84.99,"310,000",0,0,2026-08-21
1500073914,41346715,"귀한25. 위례초,5.9호선 접근편리함.세안고가능,",포레온행운(471-3999)공인중개사사무소,매매,307,중,85.28,59.99,"265,000",0,0,2026-08-21
1500073914,41333193,"34P  조합원매물, 보증금.월세 조정가, 에풀, 비스포크, 인덕션",다원공인중개사사무소,월세,415,고,112.98,84.99,0,"110,000",200,2026-08-21
1500073914,41325192,18 찐매물 포레온 1퍼센트매물  입주물. 신혼부부 추천 ,대일484-7474부동산공인중개사사무소,매매,320,고,62.24,39.95,"195,000",0,0,2026-08-21
1500073914,41325180,34F. 올파포 시그니처동. 뷰맛집. 입주협의조건. 여기가 진심,대일484-7474부동산공인중개사사무소,매매,303,고,114.42,84.99,"320,000",0,0,2026-08-21
1500073914,41333207,43P 귀한전세  일자산뷰 탁트인조망  9호선상가 근접 역세권,다원공인중개사사무소,월세,423,고,143.00,109.99,0,"150,000",160,2026-08-21
1500073914,41333191,"50P  입주협의 도심속 웰빙거주지, 사계절 파노라마 숲 속 배경",다원공인중개사사무소,매매,410,고,165.46,134.98,"450,000",0,0,2026-08-21
1500073914,41349746,"34, 세안고 급매, 1순위, 바로진행, 양창 개방감 최고",으뜸포레온공인중개사사무소,매매,405,중,112.98,84.99,"280,000",0,0,2026-08-21
1500073914,41346712,"18, 9호선이용편리 장기임대  융무",포레온행운(471-3999)공인중개사사무소,월세,320,중,62.24,39.95,0,"57,000",120,2026-08-21
1500073914,41350884,"오늘 확인,임대인 확인.빠른입주 환영. 고층 뷰 좋고 햇살 밝은집.",올림픽파크포레온 나이스 단지내 공인중개사사무소,월세,302,고,114.42,84.99,0,"85,000",320,2026-08-21
1500073914,41325181,59A l 주인.의뢰 l 정상협의조건 l 뷰맛집 끝장올팍뷰 l 위례학,대일484-7474부동산공인중개사사무소,전세,306,고,85.28,59.99,0,"125,000",0,2026-08-21
1500073914,41346716,"귀한25A, 장기거주.",포레온행운(471-3999)공인중개사사무소,월세,306,고,85.41,59.96,0,"50,000",300,2026-08-21
1500073914,41349747,"37, 급매, 입주 협의, 남향, 판상형",으뜸포레온공인중개사사무소,매매,123,고,125.41,95.97,"315,000",0,0,2026-08-21
1500073914,41346708,18B타입 9호선이용편리 장기임대 융무 귀한전세,포레온행운(471-3999)공인중개사사무소,전세,320,고,62.39,39.98,0,"84,000",0,2026-08-21
1500073914,41312473,25.추천. 입주협의. 명품커뮤니티. 햇살가득한집. 주거만족최상,단지내하나공인중개사사무소,매매,401,고,142.12,59.99,"280,000",0,0,2026-08-21
1500073914,41325196,시원한리조트뷰.초중고.9호선역까지 도보5분권. 가족거주로 최고,대일484-7474부동산공인중개사사무소,매매,312,고,114.26,84.99,"298,000",0,0,2026-08-21
1500073914,41346711,,포레온행운(471-3999)공인중개사사무소,월세,207,중,142.48,109.98,0,"80,000",460,2026-08-21
1500073914,41328036,34.급매.세안고. 단지내최저가.,금성484-4004(단지내30여년)포레온공인중개사사무소,매매,405,중,112.98,84.99,"280,000",0,0,2026-08-21
1500073914,41333208,43P 로얄동.로얄층 조망좋은 메인상가 둔촌역근접보증금.월세 조정가능,다원공인중개사사무소,월세,120,중,142.48,109.98,0,"100,000",500,2026-08-21
1500073914,41325188,50A. 완벽한 정원조망 숲뷰. 저층이지만 너무 좋습니다,대일484-7474부동산공인중개사사무소,매매,412,저,165.46,134.98,"410,000",0,0,2026-08-21
1500073914,41333190,34P  늦은잔금. 채광.통풍. 조망굿  조용하고 아늑한 거주지,다원공인중개사사무소,매매,421,중,114.26,84.99,"303,000",0,0,2026-08-21
1500073914,41346713,,포레온행운(471-3999)공인중개사사무소,매매,417,중,85.47,59.96,"258,000",0,0,2026-08-21
1500073914,41350885,"25타입 귀한 3단지, 입주 10월 장기거주가,컨디션굿,집보기가능.",올림픽파크포레온 나이스 단지내 공인중개사사무소,월세,307,고,85.28,59.99,0,"80,000",180,2026-08-21
1500073914,41333196,"34P  남향 조용하고 아늑한웰빙거주지  조건협의,",다원공인중개사사무소,매매,403,고,112.69,84.99,"300,000",0,0,2026-08-21
1500073914,41350646,,포레온9프라임부동산중개사무소,매매,407,중,112.98,84.99,"310,000",0,0,2026-08-21
1500073914,41331325,"25 판상형남향, 입주협의, 귀한매물,",부동산헤드라인공인중개사사무소,매매,401,고,85.28,59.99,"280,000",0,0,2026-08-21
1500073914,41333192,18P 조합원매물  남한산성 올팍 영구뻥뷰  상가.9호선 초초근접,다원공인중개사사무소,월세,321,고,62.24,39.95,0,"20,000",280,2026-08-21
1500073914,41349750,"18,빠른입주, 장기, 상가 지하철 지하연결, 집보기 가능",으뜸포레온공인중개사사무소,월세,320,중,62.24,39.95,0,"48,000",150,2026-08-21
1500073914,41346717,"34F 남향, 장기. 보증금조정가능.하시입주.",포레온행운(471-3999)공인중개사사무소,월세,304,중,114.42,84.99,0,"80,000",320,2026-08-21
1500073914,41348906,18단기 l 집보기 가능 l 뻥뷰 l 5호선,윤포레온공인중개사사무소,전세,103,중,62.24,39.95,0,"73,000",0,2026-08-21
1500073914,41333209,"34P 조용하고 아늑한 숲세권 , 상가, 커뮤니티 근접 생활편리",다원공인중개사사무소,월세,415,중,112.98,84.99,0,"100,000",200,2026-08-21
1500073914,41325191,34A. 포레온 극강초품아. 커뮤니티 최근접동. 단지최상급. 입주매물,대일484-7474부동산공인중개사사무소,매매,107,중,112.69,84.99,"318,000",0,0,2026-08-21
1500073914,41350883,"오늘 확인,임대인 직접.10월중 협의가. 고층 뷰 좋고 햇살 밝은집.",올림픽파크포레온 나이스 단지내 공인중개사사무소,월세,405,고,112.98,84.99,0,"110,000",200,2026-08-21
1500073914,41325193,37 입주협의가능 정원뷰좋아요,대일484-7474부동산공인중개사사무소,매매,124,저,125.41,95.97,"315,000",0,0,2026-08-21
1500073914,41333195,"34P 입주가능 조건협의, 단지내 귀한 올팍영구조망 뻥뷰",다원공인중개사사무소,매매,303,저,114.42,84.99,"320,000",0,0,2026-08-21
1500073914,41310815,37 두쫀쿠줄리엣테라스뷰 하이엔드 카페테리아및커뮤니티시설이용,올림픽파크포레온금탑공인중개사사무소,전세,210,저,216.36,95.97,0,"180,000",0,2026-08-21
1500073914,41331338,"43 남향, 뻥뷰, 입주, 강추매물",부동산헤드라인공인중개사사무소,매매,404,고,144.12,109.99,"355,000",0,0,2026-08-21
1500073914,41333194,18P  남향 9호선 상가 초초근접 생활편리 조합원옵션 조건협의,다원공인중개사사무소,매매,320,고,62.24,39.95,"195,000",0,0,2026-08-21
1500073914,41346714,,포레온행운(471-3999)공인중개사사무소,매매,304,중,113.45,84.98,"300,000",0,0,2026-08-21
1500073914,41310643,"인기있는 판상형 매물,지하철,상가 커뮤니티 편리한 집,선순위매매.",올림픽파크포레온 나이스 단지내 공인중개사사무소,매매,120,중,247.45,109.98,"350,000",0,0,2026-08-21
1500073914,41310550,"집보기가 .즉시입주 협의가,주인댁,영구 뻥조망 굿.아침햇살 좋은 집.",올림픽파크포레온 나이스 단지내 공인중개사사무소,월세,318,고,74.61,29.97,0,"35,000",100,2026-08-21
1500073914,41333197,43P 빠른입주가능 조용하고 아늑한 웰빙 조망  채광.통풍 굿,다원공인중개사사무소,매매,404,저,142.48,109.98,"350,000",0,0,2026-08-21
1500073914,41325189,34 확실한매물 집보기가능 조용하고 아늑한집. 귀한매물입니다,대일484-7474부동산공인중개사사무소,전세,124,고,112.69,84.99,0,"155,000",0,2026-08-21
1500073914,41325182,37 최상급. 보면 바로계약될집. 위치.뷰.층 최상급,대일484-7474부동산공인중개사사무소,매매,427,고,125.41,95.97,"325,000",0,0,2026-08-21
1500073914,41310319,18 단기임대 두쫀쿠역세권 5호선이용 카페테리아및스포츠컴플렉스,올림픽파크포레온금탑공인중개사사무소,전세,103,고,100.10,39.95,0,"70,000",0,2026-08-21
1500073914,41325194,34A. 입주물. 대한.민국. 최대.단지. 일등.업소. 매물.多.보유,대일484-7474부동산공인중개사사무소,매매,108,중,112.69,84.99,"315,000",0,0,2026-08-21
1500073914,41349751,"34,높은 세안고, 입주 내년 7월, 트인뷰, 갭투 추천물건",으뜸포레온공인중개사사무소,매매,207,고,113.28,84.99,"300,000",0,0,2026-08-21
1500073914,41325190,59C. 귀한 최저가. 4bay. 위례학군라인. 입주협의입니다.,대일484-7474부동산공인중개사사무소,매매,415,고,85.47,59.96,"258,000",0,0,2026-08-21
1500073914,41325195,"37,컨디션 최상,풀옵션,역세권 라이프,입주가능 매물입니다",대일484-7474부동산공인중개사사무소,매매,122,고,125.41,95.97,"325,000",0,0,2026-08-21
1500073914,41346709,43 일자산시원한뷰 정상입주가능  식세기등 옵션굿,포레온행운(471-3999)공인중개사사무소,전세,406,고,144.12,109.99,0,"180,000",0,2026-08-21
1500073914,41326999,18초역세권 탁트인뷰 개방감 굿 신혼추천 주상가 인접 생활편리,친구(02-474-9696)공인중개사사무소,전세,102,고,62.39,39.98,0,"80,000",0,2026-08-21
1500073914,41309400,"입주매매,1주택매도후 매수가.햇빛 가득한롯데타워뷰 집을누려보세요",올림픽파크포레온 나이스 단지내 공인중개사사무소,매매,122,고,193.22,84.99,"300,000",0,0,2026-08-21
1500073914,41346718,,포레온행운(471-3999)공인중개사사무소,매매,123,고,112.69,84.99,"300,000",0,0,2026-08-21
1500073914,41333202,"34P 입주협의 조건협의 위례초배정, 9호선 상가 근접 생활편리",다원공인중개사사무소,월세,314,중,112.98,84.99,0,"120,000",160,2026-08-21
1500073914,41331348,"18 남향, 9호선초역세권, 굿뷰, 신혼부부추천, 입주",부동산헤드라인공인중개사사무소,매매,320,중,62.24,39.95,"195,000",0,0,2026-08-21
1500073914,41342777,25. 승진추천. 귀한 평수. 자연친화적 단지.힐링라이프. 더블역세권,단지내승진포레온공인중개사사무소,월세,307,고,85.28,59.99,0,"80,000",180,2026-08-21
1500073914,41346707,"34H,급매.일자산뷰 짧은세안고",포레온행운(471-3999)공인중개사사무소,매매,402,중,114.26,84.99,"290,000",0,0,2026-08-21
1500073914,41270161,"43p. 방4 화2, 장기거주가능, 일자산뷰굿",포레온(단지내)채움부동산공인중개사사무소,전세,416,고,144.12,109.99,0,"180,000",0,2026-08-20
1500073914,41272753,"18,보증금 조절가,바로진행, 장기거주,8월말부터 가능",으뜸포레온공인중개사사무소,월세,102,고,100.10,39.95,0,"10,000",290,2026-08-20
1500073914,41274094,"입주 가능, 9호선 역세권, 전망 좋은 밝은 집",포레온9프라임부동산중개사무소,매매,424,저,112.98,84.99,"310,000",0,0,2026-08-20
1500073914,41270043,"nice.오늘확인,입주가능 1단지 입주하면 일이 술술 풀리는복 많은집",올림픽파크포레온 나이스 단지내 공인중개사사무소,매매,120,중,142.48,109.98,"380,000",0,0,2026-08-20
1500073914,41273922,"12월 입주 협의가능, 보증금 10억도 가능. 뻥뷰. 집보기 가능.",올림픽파크포레온 나이스 단지내 공인중개사사무소,월세,210,고,125.41,95.97,0,"110,000",240,2026-08-20
1500073914,41274510,"34,바로진행 집보고결정,입주협의,바로진행, 융무",으뜸포레온공인중개사사무소,전세,124,고,112.69,84.99,0,"155,000",0,2026-08-20
1500073914,41274384,34. 장기거주. 남향.햇살좋은집,홍익포레온475-8889(단지내)공인중개사사무소,전세,123,고,112.69,84.99,0,"155,000",0,2026-08-20
1500073914,41269886,"입주가능, 숲전망, 어린이집 초중고 도보5분, 9호선 역세권",포레온9프라임부동산중개사무소,매매,424,중,112.98,84.99,"310,000",0,0,2026-08-20
1500073914,41266639,"34F 남향, 장기. 보증금조정가능.하시입주.",포레온행운(471-3999)공인중개사사무소,월세,304,고,114.42,84.99,0,"85,000",320,2026-08-20
1500073914,41272246,18.단기 초역세권. 저렴한 추천매물,홍익포레온475-8889(단지내)공인중개사사무소,전세,103,중,0.00,39.95,0,"70,000",0,2026-08-20
1500073914,41266634,"43A,가장선호하는동 뻥뷰  9호선이용편리 위례초학군",포레온행운(471-3999)공인중개사사무소,매매,317,고,142.48,109.98,"430,000",0,0,2026-08-20
1500073914,41266636,43 일자산시원한뷰 정상입주가능,포레온행운(471-3999)공인중개사사무소,전세,416,고,144.12,109.99,0,"180,000",0,2026-08-20
1500073914,41274096,,포레온9프라임부동산중개사무소,전세,122,중,112.69,84.99,0,"155,000",0,2026-08-20
1500073914,41274955,윤.43 전세 l 귀하디 귀한 전세 선점하세요,윤포레온공인중개사사무소,전세,406,중,144.12,109.99,0,"180,000",0,2026-08-20
1500073914,41276447,포레온37 남향  채광좋은 집 역세권 고급 커뮤니티시설,잠실황금리치공인중개사사무소,매매,122,저,125.41,95.97,"345,000",0,0,2026-08-20
1500073914,41273920,"집보기가 .즉시입주 협의가,주인댁,영구 뻥조망 굿.아침햇살 좋은 집.",올림픽파크포레온 나이스 단지내 공인중개사사무소,월세,318,고,46.21,29.97,0,"35,000",100,2026-08-20
1500073914,41266638,34A 남향에 5호선상가.둔천시장 생활편의시설이용하기좋음.,포레온행운(471-3999)공인중개사사무소,전세,124,고,112.69,84.99,0,"155,000",0,2026-08-20
1500073914,41269143,"34,계약1순위, 바로진행 ,입주협의,융무",으뜸포레온공인중개사사무소,전세,124,고,112.69,84.99,0,"155,000",0,2026-08-20
1500073914,41274963,25 귀한 전세 l 위례초 l 남향 l 트인전망,윤포레온공인중개사사무소,전세,418,고,85.28,59.99,0,"130,000",0,2026-08-20
1500073914,41278187,34추천. 보증금높은 반전세. 뻥뷰. 최고급커뮤니티. 주거만족 최상,단지내하나공인중개사사무소,월세,415,고,112.98,84.99,0,"110,000",200,2026-08-20
1500073914,41274097,,포레온9프라임부동산중개사무소,매매,402,중,114.26,84.99,"310,000",0,0,2026-08-20
1500073914,41278185,50 햇살가득한 집. 예쁜산책길. 최고급커뮤니티. 명품주거단지.,단지내하나공인중개사사무소,매매,410,고,165.46,134.98,"450,000",0,0,2026-08-20
1500073914,41270868,37 두쫀쿠전망 리조트 피톤치드힐링뷰 고급전원주택거주느낌,올림픽파크포레온금탑공인중개사사무소,매매,427,고,216.36,95.97,"330,000",0,0,2026-08-20
1500073914,41266635,"43A, 커뮤니티시설 이용편리.",포레온행운(471-3999)공인중개사사무소,매매,306,저,142.48,109.98,"430,000",0,0,2026-08-20
1500073914,41274095,"입주가능, 밝고 전망 좋은 집, 근거리 커뮤니티 시설",포레온9프라임부동산중개사무소,매매,405,중,112.98,84.99,"310,000",0,0,2026-08-20
1500073914,41266641,귀한25.  남향. 장기거주가능.,포레온행운(471-3999)공인중개사사무소,전세,418,중,85.28,59.99,0,"125,000",0,2026-08-20
1500073914,41267689,25 두쫀쿠피톤치드 하이엔드 주거시설 및 커뮤니티시설,올림픽파크포레온금탑공인중개사사무소,매매,401,고,142.12,59.99,"280,000",0,0,2026-08-20
1500073914,41278219,43. 귀한 전세 남향 트인 힐링뷰 조용한 장기거주,누리부동산공인중개사사무소 ,전세,404,고,144.12,109.99,0,"183,000",0,2026-08-20
1500073914,41270160,"50p. 방4 화2, 남향, 일자산뷰굿, 반전세가능, 보증금조율가능",포레온(단지내)채움부동산공인중개사사무소,전세,411,고,165.46,134.98,0,"220,000",0,2026-08-20
1500073914,41269136,"18, 단기, 바로진행 ,공동환영,트인뷰",으뜸포레온공인중개사사무소,월세,103,고,62.24,39.95,0,"50,000",80,2026-08-20
1500073914,41265328,주인직접.입주협의가능.정원뷰 로얄동,성심포레온(483-0070)단지내공인중개사사무소,매매,122,저,216.36,95.97,"345,000",0,0,2026-08-20
1500073914,41293325,34.전망좋은집. 세안고.  5호선9호선더블역세권,금성484-4004(단지내30여년)포레온공인중개사사무소,매매,207,고,113.28,84.99,"310,000",0,0,2026-08-20
1500073914,41278186,34 하나추천. 명품주거단지. 트인뷰. 5.9호선더블역세권,단지내하나공인중개사사무소,매매,207,고,113.28,84.99,"310,000",0,0,2026-08-20
1500073914,41266642,,포레온행운(471-3999)공인중개사사무소,매매,417,중,85.47,59.96,"258,000",0,0,2026-08-20
1500073914,41293321,37.입주. 남향. 풀옵션.그린벨트숲세권. 전망좋음,금성484-4004(단지내30여년)포레온공인중개사사무소,매매,427,고,125.41,95.97,"340,000",0,0,2026-08-20
1500073914,41278188,18. 1년단기전세. 초역세권. 최고급커뮤니티. 상가이용편리,단지내하나공인중개사사무소,전세,103,중,62.24,39.95,0,"70,000",0,2026-08-20
1500073914,41241346,"22,단기, 집상태 굿, 바로진행, 융무",으뜸포레온공인중개사사무소,월세,309,중,123.23,49.95,0,"50,000",80,2026-08-20
1500073914,41256592,"18 남향, 입주, 9호선역세권, 좋은뷰연출, 위례초",부동산헤드라인공인중개사사무소,매매,320,중,62.24,39.95,"195,000",0,0,2026-08-19
1500073914,41251111,복층펜트. 롯데타워뷰. 시그니처라인. 더이상 말이필요없는집,대일484-7474부동산공인중개사사무소,매매,302,고,194.21,144.97,"500,000",0,0,2026-08-19
1500073914,41251119,43 찐매물 남한산성 뻥뷰 일조권굿 조용쾌적  조망권굿,대일484-7474부동산공인중개사사무소,매매,118,저,142.48,109.98,"340,000",0,0,2026-08-19
1500073914,41251123,완벽숲조망. 추천급매. 별장동. 정상입주. 사계절뷰맛집,대일484-7474부동산공인중개사사무소,매매,427,고,125.41,95.97,"323,000",0,0,2026-08-19
1500073914,41226495,시티 14월세 뷰맛집 로얄층 9호선초역세권 대규모커뮤니티이용,시티472-1117공인중개사사무소,월세,318,고,46.21,29.97,0,"35,000",100,2026-08-19
1500073914,41251130,37A. 사계절을 만끽하는집. 풀 리조트뷰. 정원뷰를 꿈꾸신다면,대일484-7474부동산공인중개사사무소,매매,121,저,125.41,95.97,"310,000",0,0,2026-08-19
1500073914,41233353,37 남향. 찐로얄동. 5호선. 9호선. 커뮤니티이용편리. 주거만족 최상,단지내하나공인중개사사무소,매매,210,중,0.00,95.97,"340,000",0,0,2026-08-19
1500073914,41226497,시티 34매매 초급매 11월협의입주 개방감좋음 탁월한선택,시티472-1117공인중개사사무소,매매,403,중,114.26,84.99,"290,000",0,0,2026-08-19
1500073914,41231037,18B타입 9호선이용편리 장기임대 융무 귀한전세,포레온행운(471-3999)공인중개사사무소,전세,321,중,62.39,39.98,0,"90,000",0,2026-08-19
1500073914,41256584,"34D 남향, 세안고, 최저가, 해잘드는집, 최저가",부동산헤드라인공인중개사사무소,매매,415,중,112.98,84.99,"300,000",0,0,2026-08-19
1500073914,41231035,"귀한25. 위례초,5.9호선 접근편리함.세안고가능,",포레온행운(471-3999)공인중개사사무소,매매,307,중,85.28,59.99,"265,000",0,0,2026-08-19
1500073914,41251128,34동향 완전특수리. 조식 먹고 수영장 직행. 초중고 도보 코앞,대일484-7474부동산공인중개사사무소,매매,421,고,114.26,84.99,"300,000",0,0,2026-08-19
1500073914,41251125,대일 25 추천급매 역세권 최고급 커뮤니티 협의입주됩니다,대일484-7474부동산공인중개사사무소,매매,420,고,85.28,59.99,"260,000",0,0,2026-08-19
1500073914,41261649,,성심포레온(483-0070)단지내공인중개사사무소,월세,201,중,62.24,39.95,0,"30,000",240,2026-08-19
1500073914,41239259,"2단지 귀한 매매 , 초등 도보 5분, 도서관 부근",포레온9프라임부동산중개사무소,매매,205,고,113.28,84.99,"310,000",0,0,2026-08-19
1500073914,41235560,18단기 l 저렴한 월세 l 단기1년 살아보기,윤포레온공인중개사사무소,월세,201,중,62.24,39.95,0,"50,000",70,2026-08-19
1500073914,41251116,"43,추천매물,채광좋아요,풀옵션,최고급커뮤니티,조용쾌적 동간격 굿",대일484-7474부동산공인중개사사무소,매매,107,저,142.48,109.98,"370,000",0,0,2026-08-19
1500073914,41231032,"18, 9호선이용편리 장기임대  융무",포레온행운(471-3999)공인중개사사무소,월세,320,중,62.24,39.95,0,"57,000",120,2026-08-19
1500073914,41258856,,포레온안국부동산공인중개사사무소,월세,318,고,46.21,29.97,0,"35,000",100,2026-08-19
1500073914,41251122,59C. 포레온 현재 최저가. 탁트인 뷰. 전망굿. 입주됩니다.,대일484-7474부동산공인중개사사무소,매매,417,중,85.47,59.96,"258,000",0,0,2026-08-19
1500073914,41256587,"헤드, 37, 높은세안고, 로얄동, 시원한 뻥뷰, 남향, 해 잘드는집",부동산헤드라인공인중개사사무소,매매,208,고,125.41,95.97,"340,000",0,0,2026-08-19
1500073914,41251131,초품아 끝판왕 도보 1분. 수영장 도보 1분. 포레온일등매물,대일484-7474부동산공인중개사사무소,매매,108,중,112.69,84.99,"310,000",0,0,2026-08-19
1500073914,41239744,"입주가능,입주가, 1주택자도 사실수 있는 센터동에 뻥뷰.마지막 찬스",올림픽파크포레온 나이스 단지내 공인중개사사무소,매매,303,고,113.45,84.98,"300,000",0,0,2026-08-19
1500073914,41251117,"43,채광굿,풀옵션,최고급커뮤니티,사계절 아름다운 단지조망권,일자산뷰",대일484-7474부동산공인중개사사무소,매매,425,저,142.48,109.98,"358,000",0,0,2026-08-19
1500073914,41220638,34 추천. 뻥뷰. 위례초. 동북중고. 최고급프리미엄대단지,단지내하나공인중개사사무소,매매,421,중,194.80,84.99,"303,000",0,0,2026-08-19
1500073914,41251118,43남.리조트급전망.어차피 비교하다 다시 돌아올 매물. 보시면계약,대일484-7474부동산공인중개사사무소,매매,416,중,144.12,109.99,"350,000",0,0,2026-08-19
1500073914,41256577,"헤드, 43, 귀한전세, 일자산뷰, 조중석식, 장기거주가, 굿커뮤니티",부동산헤드라인공인중개사사무소,전세,416,중,142.48,109.98,0,"180,000",0,2026-08-19
1500073914,41253558,43.남향. 보증금5억6억7억도 가능.햇살가득.,금성484-4004(단지내30여년)포레온공인중개사사무소,월세,207,중,142.48,109.98,0,"80,000",460,2026-08-19
1500073914,41231036,"귀한25A, 장기거주.보증금 조정가능5억300,집보기는예약필수.",포레온행운(471-3999)공인중개사사무소,월세,306,고,85.28,59.99,0,"80,000",180,2026-08-19
1500073914,41239260,"숲세권, 전망 좋고 조용한 집 커뮤니티 근거리",포레온9프라임부동산중개사무소,전세,416,고,144.12,109.99,0,"183,000",0,2026-08-19
1500073914,41231040,"43B, 커뮤니티시설 이용편리. 입주협의가능해요, 세 안고 매매.",포레온행운(471-3999)공인중개사사무소,매매,317,저,144.12,109.99,"380,000",0,0,2026-08-19
1500073914,41215180,25 두쫀쿠 워라벨 피톤치드향품은 힐링단지,올림픽파크포레온금탑공인중개사사무소,전세,420,고,142.12,59.99,0,"125,000",0,2026-08-19
1500073914,41235558,윤.18 l 소액보증금 l 장기거주 l 트인뷰,윤포레온공인중개사사무소,월세,103,중,62.24,39.95,0,"15,000",300,2026-08-19
1500073914,41251110,84A. 불 안 켜도 밝은 집. 남향 로얄층 끝판왕. 포레온 1등매물,대일484-7474부동산공인중개사사무소,매매,123,고,112.69,84.99,"300,000",0,0,2026-08-19
1500073914,41251129,37. 포레온 일퍼센트. 원하신다면 빠른연락요망. 세안고. 입주도가능,대일484-7474부동산공인중개사사무소,매매,208,중,125.41,95.97,"335,000",0,0,2026-08-19
1500073914,41226496,시티 34매매 초급매 11월협의입주 개방감좋음 탁월한선택,시티472-1117공인중개사사무소,매매,402,중,114.26,84.99,"290,000",0,0,2026-08-19
1500073914,41237743,18. 장기거주. 초역세권.늦은입주. 시원한뷰,홍익포레온475-8889(단지내)공인중개사사무소,월세,318,중,62.24,39.95,0,"57,000",120,2026-08-19
1500073914,41251115,50. 리조트 풀소유전망. 입주가능매물. 사계절만끽하는 이매물,대일484-7474부동산공인중개사사무소,매매,412,고,165.46,134.98,"435,000",0,0,2026-08-19
1500073914,41251127,저층이지만 완벽숲뷰. 동선채광 로얄동. 진정한 포레온매물,대일484-7474부동산공인중개사사무소,매매,413,저,165.46,134.98,"410,000",0,0,2026-08-19
1500073914,41237748,"34. 세안고. 급매, 포레온 입성기회. 9호선역세권",홍익포레온475-8889(단지내)공인중개사사무소,매매,403,고,114.26,84.99,"290,000",0,0,2026-08-19
1500073914,41208053,장기거주 호텔보다 아름다운 포레온 43 뻥뷰,부흥부동산공인중개사사무소,전세,404,고,249.09,109.99,"320,000","180,000",340,2026-08-19
1500073914,41226437,34남향  하나추천. 뷰짱. 주거만족 최상. 위례초. 동북중고.,단지내하나공인중개사사무소,매매,311,중,112.69,84.99,"320,000",0,0,2026-08-19
1500073914,41206329,1단지 전세 편리한 생활권 5호선 고층 남향 판상형,부흥부동산공인중개사사무소,전세,124,고,332.57,84.99,"500,000","155,000",340,2026-08-19
1500073914,41251124,43A. 뷰맛집. 남향.로얄층. 협의입주가능한집,대일484-7474부동산공인중개사사무소,전세,425,중,142.48,109.98,0,"180,000",0,2026-08-19
1500073914,41237746,25. 귀한 월세 역세권. 귀한 매물 찾아드려요,홍익포레온475-8889(단지내)공인중개사사무소,월세,306,중,85.28,59.99,0,"80,000",180,2026-08-19
1500073914,41237274,"34,집보고 결정,10월 입주, 보증금조절가능,양창 개방감",으뜸포레온공인중개사사무소,월세,415,고,112.98,84.99,0,"120,000",160,2026-08-19
1500073914,41251126,말만 로얄동에 속지 마세요. 동선뷰채광 진짜 1등. 입주가능매물,대일484-7474부동산공인중개사사무소,매매,421,중,112.69,84.99,"300,000",0,0,2026-08-19
1500073914,41179353,"34, 집보고 결정,판상형, 남향,바로진행,10월 중순협의",으뜸포레온공인중개사사무소,전세,311,중,193.22,84.99,0,"160,000",0,2026-08-18
1500073914,41179310,남향.빠른입주도가능.장기거주.공동커뮤니티 가까운 로얄동.로얄층,올림픽파크포레온 나이스 단지내 공인중개사사무소,월세,201,고,100.10,39.95,0,"45,000",165,2026-08-18
1500073914,41193633,"50,초록초록 쾌적한단지,완벽숲라인,저층이지만 좋아요",대일484-7474부동산공인중개사사무소,매매,411,저,165.46,134.98,"410,000",0,0,2026-08-18
1500073914,41193638,84A. 입주매물중 최저가급 학군우수 채광좋음 조용하고출퇴근이 빠른집,대일484-7474부동산공인중개사사무소,매매,121,고,112.69,84.99,"300,000",0,0,2026-08-18
1500073914,41204098,34p.조용하고 채광좋은 거주지. 조건협의,다원공인중개사사무소,전세,424,중,112.98,84.99,0,"150,000",0,2026-08-18
1500073914,41235575,43 l 장기거주 l 반전세가능 l 트인 남향,윤포레온공인중개사사무소,전세,406,중,142.48,109.98,0,"185,000",0,2026-08-18
1500073914,41226500,시티50매매 세안고 개방감좋은동 커뮤니티이용굿 럭셔리하우스,시티472-1117공인중개사사무소,매매,313,중,165.71,134.97,"460,000",0,0,2026-08-18
1500073914,41193639,84A. 입주됩니다. 판상4bay. 일조권 최고 매물입니다,대일484-7474부동산공인중개사사무소,매매,210,고,112.69,84.99,"300,000",0,0,2026-08-18
1500073914,41193641,37. 입주협의됩니다. 인테리어굿.풀옵션더블역세권.쾌적하고 예쁜집,대일484-7474부동산공인중개사사무소,매매,121,고,125.41,95.97,"310,000",0,0,2026-08-18
1500073914,41193630,43남향. 리조트 뷰. 이보다 저렴한 매물은 없어요. 입주협의,대일484-7474부동산공인중개사사무소,매매,118,저,142.48,109.98,"343,000",0,0,2026-08-18
1500073914,41204093,"37P  조건협의 위례초배정  서하남IC,남한산성뷰 더블역세권",다원공인중개사사무소,매매,208,고,125.41,95.97,"340,000",0,0,2026-08-18
1500073914,41178448,50 최저급매. 주인전담. 더블역세권. 조용한숲세권. 집보기가능.,THE포레온삼천사부동산중개법인(주),매매,412,중,294.29,134.98,"400,000",0,0,2026-08-18
1500073914,41193632,34남향. 11월말12월초이사.뷰맛집. 학생자녀 키우기 딱인집입니다,대일484-7474부동산공인중개사사무소,월세,403,중,112.69,84.99,0,"90,000",260,2026-08-18
1500073914,41207404,37 찐매물 12월입주가능 예쁜정원뷰 집보시면 맘에드실꺼예요,마음공인중개사사무소,매매,122,저,125.41,95.97,"345,000",0,0,2026-08-18
1500073914,41207984,로얄37.  귀한로얄호실 뻥트인뷰 입주가능 만족도최상커뮤니티,로얄(02-470-0113)공인중개사사무소,매매,122,저,125.41,95.97,"345,000",0,0,2026-08-18
1500073914,41201469,"헤드, 50 남향 뻥뷰, 그림같은 숲뷰, 입주가능, 강추매물",부동산헤드라인공인중개사사무소,매매,414,중,165.46,134.98,"450,000",0,0,2026-08-18
1500073914,41231048,"34A 남향,5호선상가.둔촌시장 생활편의시설이용하기좋음.",포레온행운(471-3999)공인중개사사무소,전세,123,중,112.69,84.99,0,"150,000",0,2026-08-18
1500073914,41197186,37.시원한 뻥뷰. 로얄동.남향. 세안고.,금성484-4004(단지내30여년)포레온공인중개사사무소,매매,208,고,125.41,95.97,"340,000",0,0,2026-08-18
1500073914,41239950,"25p. 탁트인뷰대박, 깨끗한집, 10월입주, 집보기가능",포레온(단지내)채움부동산공인중개사사무소,월세,307,고,85.28,59.99,0,"80,000",180,2026-08-18
1500073914,41231049,"귀한25A, 장기거주.보증금 조정가능8억180,집보기예약",포레온행운(471-3999)공인중개사사무소,월세,306,고,85.28,59.99,0,"50,000",300,2026-08-18
1500073914,41207405,마음추천 높은전세안고 찐매물 잔금여유 시원하게 트인뷰 위레초,마음공인중개사사무소,매매,207,고,113.28,84.99,"310,000",0,0,2026-08-18
1500073914,41207985,로얄25p. 세안고 너무귀한3단지 주거만족도최고 더블역세권 커뮤니최고,로얄(02-470-0113)공인중개사사무소,매매,306,고,85.28,59.99,"265,000",0,0,2026-08-18
1500073914,41207402,34H 찐매물 12월입주가능 일자산뷰 9호선역세권 풀옵션,마음공인중개사사무소,매매,421,중,114.26,84.99,"303,000",0,0,2026-08-18
1500073914,41231059,,포레온행운(471-3999)공인중개사사무소,매매,402,중,112.98,84.99,"280,000",0,0,2026-08-18
1500073914,41226438,37 햇살가득한집. 주인거주. 역세권. 주거만족 굿. 시그니처커뮤니티,단지내하나공인중개사사무소,매매,122,저,125.41,95.97,"318,000",0,0,2026-08-18
1500073914,41222538,34. 자연친화적 단지. 근린공원인접. 숲세권. 학세권. 더블역세권,단지내승진포레온공인중개사사무소,매매,421,고,112.69,84.99,"300,000",0,0,2026-08-18
1500073914,41239750,"급매 기다리신분은 이집입니다.대출가.로얄층,오늘바로진행.최저 급매,",올림픽파크포레온 나이스 단지내 공인중개사사무소,매매,407,중,112.98,84.99,"280,000",0,0,2026-08-18
1500073914,41231047,"귀한25. 위례초,5.9호선 접근편리함.세안고가능,",포레온행운(471-3999)공인중개사사무소,매매,307,중,85.28,59.99,"265,000",0,0,2026-08-18
1500073914,41204090,"43P 급매물 조건협의 바로입주가능  채광,조망 좋은 거주지.",다원공인중개사사무소,매매,306,중,142.48,109.98,"380,000",0,0,2026-08-18
1500073914,41231043,18B타입 9호선이용편리 장기임대 융무 귀한전세,포레온행운(471-3999)공인중개사사무소,전세,320,고,62.39,39.98,0,"84,000",0,2026-08-18
1500073914,41207403,마음추천 34 입주 펜트리있는타입 개방감최상위 9호선이용편리,마음공인중개사사무소,매매,311,고,114.26,84.99,"320,000",0,0,2026-08-18
1500073914,41239754,"nice  공기좋고 아늑한 정원조망 집, 편안하게 오래 거주가.",올림픽파크포레온 나이스 단지내 공인중개사사무소,전세,122,저,150.99,113.97,0,"150,000",0,2026-08-18
1500073914,41235581,43 반전세 l 집보고 결정 l 장기거주 l 트인전망,윤포레온공인중개사사무소,월세,406,고,144.12,109.99,0,"150,000",150,2026-08-18
1500073914,41231057,"22. 9호선이용편리 장기임대 , 융무",포레온행운(471-3999)공인중개사사무소,월세,318,중,75.90,49.95,0,"30,000",260,2026-08-18
1500073914,41231055,"34H,급매.일자산뷰 짧은세안고",포레온행운(471-3999)공인중개사사무소,매매,402,중,114.26,84.99,"290,000",0,0,2026-08-18
1500073914,41193625,37. 일조권 굿. 복들어오는집. 세안고 급매. 여기가 찐입니다.,대일484-7474부동산공인중개사사무소,매매,209,고,125.41,95.97,"310,000",0,0,2026-08-18
1500073914,41237283,"22, 바로 진행, 장기거주,늦은 입주 , 융무,깔끔한집",으뜸포레온공인중개사사무소,월세,319,고,75.90,49.95,0,"30,000",280,2026-08-18
1500073914,41237280,"18, 집보고 결정, 빠른입주, 장기, 바로진행",으뜸포레온공인중개사사무소,월세,103,고,62.24,39.95,0,"10,000",300,2026-08-18
1500073914,41193624,"34F,올공뷰짱,롯데타워뷰짱, 사정상저렴합니다. 입주매물",대일484-7474부동산공인중개사사무소,매매,302,중,114.42,84.99,"310,000",0,0,2026-08-18
1500073914,41231054,"22. 9호선이용편리 장기임대 , 융무",포레온행운(471-3999)공인중개사사무소,월세,318,중,75.90,49.95,0,"30,000",260,2026-08-18
1500073914,41235576,43.전세 반전세가능 l 쾌적한 녹색뷰에 살아요,윤포레온공인중개사사무소,전세,404,중,142.48,109.98,0,"185,000",0,2026-08-18
1500073914,41201465,"64펜트, 귀한매물, 파노라마뷰 연출, 입주조건협의가능",부동산헤드라인공인중개사사무소,매매,416,고,211.95,156.97,"520,000",0,0,2026-08-18
1500073914,41175691,18 하이엔드워라벨 주거생활 및 커뮤니티이용,올림픽파크포레온금탑공인중개사사무소,전세,318,저,100.10,39.95,0,"85,000",80,2026-08-18
1500073914,41231046,43 일자산시원한뷰 정상입주가능  9호선이용편리,포레온행운(471-3999)공인중개사사무소,전세,416,중,142.48,109.98,0,"180,000",0,2026-08-18
1500073914,41231044,,포레온행운(471-3999)공인중개사사무소,월세,207,중,142.48,109.98,0,"60,000",540,2026-08-18
1500073914,41222539,34D 자연친화적 단지.근린공원.리조트급 커뮤니티.학세권.더블역세권,단지내승진포레온공인중개사사무소,매매,407,중,112.98,84.99,"280,000",0,0,2026-08-18
1500073914,41231058,귀한25.  남향. 장기거주가능.,포레온행운(471-3999)공인중개사사무소,전세,418,중,85.28,59.99,0,"125,000",0,2026-08-18
1500073914,41231051,"18, 9호선이용편리 장기임대  융무",포레온행운(471-3999)공인중개사사무소,월세,320,중,62.24,39.95,0,"57,000",120,2026-08-18
1500073914,41237284,"18, 바로 진행, 집보고 결정,집상태 최상,11월 협의",으뜸포레온공인중개사사무소,월세,102,고,62.24,39.95,0,"50,000",80,2026-08-18
1500073914,41231041,"34A, 9호선지하철이용 편리 안정감있는 단지정원뷰 전세도가능",포레온행운(471-3999)공인중개사사무소,월세,310,중,112.69,84.99,0,"95,000",240,2026-08-18
1500073914,41201467,"50 남향 정원뷰, 입주가능, 숲세권",부동산헤드라인공인중개사사무소,매매,411,저,165.46,134.98,"410,000",0,0,2026-08-18
1500073914,41174071,"찐매물,장기거주,남향 뻥뷰.조합매물,로얄층임. 로얄층.",올림픽파크포레온 나이스 단지내 공인중개사사무소,월세,320,중,100.10,39.95,0,"57,000",120,2026-08-18
1500073914,41174010,43 급매. 입주. 독립된구조.위례초. 채광굿. 더블역세권,THE포레온삼천사부동산중개법인(주),매매,416,중,249.09,109.99,"360,000","183,000",200,2026-08-18
1500073914,41239749,"10월 입주 협의가능, 보증금 5억 6억 가능. 뻥뷰. 집보기 가능.",올림픽파크포레온 나이스 단지내 공인중개사사무소,월세,118,중,113.28,84.99,0,"50,000",360,2026-08-18
1500073914,41239954,"37p.  급매, 강추, 남향, 정원뷰, 입주일협의",포레온(단지내)채움부동산공인중개사사무소,매매,121,중,125.41,95.97,"315,000",0,0,2026-08-18
1500073914,41239951,"18p. 단기1년, 11월이후 입주가능, 전세로도 가능, 집보기가능",포레온(단지내)채움부동산공인중개사사무소,월세,103,고,62.24,39.95,0,"50,000",80,2026-08-18
1500073914,41173675,18 귀한B전세 강추. 장기거주. 방넓음. 남향. 9호선.상가 이용편리,THE포레온삼천사부동산중개법인(주),전세,321,중,100.29,39.98,0,"90,000",140,2026-08-18
1500073914,41204091,"37P 빠른입주,  웰빙 조망, 채광, 통풍 굿, 조건협의",다원공인중개사사무소,매매,427,고,125.41,95.97,"330,000",0,0,2026-08-18
1500073914,41193642,37A. 여기가 최저가. 입주가능매물. 일조권좋습니다.,대일484-7474부동산공인중개사사무소,매매,209,고,125.41,95.97,"310,000",0,0,2026-08-18
1500073914,41204089,"34P 올팍영구조망, 5호선메인상가 생활편리, 주인거주 중",다원공인중개사사무소,매매,108,고,112.69,84.99,"325,000",0,0,2026-08-18
1500073914,41197188,45.귀한복층.출입구2. 1층 다양한용도사용가능,금성484-4004(단지내30여년)포레온공인중개사사무소,월세,122,저,150.99,113.97,0,"140,000",200,2026-08-18
1500073914,41239751,"인기있는 판상형 매물,지하철,상가 커뮤니티 편리한 집,선순위매매.",올림픽파크포레온 나이스 단지내 공인중개사사무소,매매,120,중,247.45,109.98,"340,000",0,0,2026-08-18
1500073914,41172912,34 매매1순위. 주인전담 판상형. 선호동. 위례초. 커뮤니티이용편리,THE포레온삼천사부동산중개법인(주),매매,312,중,193.22,84.99,"310,000",0,0,2026-08-18
1500073914,41172901,"집보기가 .즉시입주 협의가,주인댁,영구 뻥조망 굿.아침햇살 좋은 집.",올림픽파크포레온 나이스 단지내 공인중개사사무소,월세,318,중,74.61,29.97,0,"35,000",100,2026-08-18
1500073914,41172854,34  판상형. 급매. 입주.  더블역세권 커뮤니티,THE포레온삼천사부동산중개법인(주),매매,123,고,193.22,84.99,"300,000","50,000",250,2026-08-18
1500073914,41204084,"34P  검단산, 일자산 웰빙숲속 조망, 늦은잔금 조건협의 저렴한 급매물",다원공인중개사사무소,매매,403,중,114.26,84.99,"305,000",0,0,2026-08-18
1500073914,41193627,43 확실한매물 입주일협의 전망굿 일조권굿,대일484-7474부동산공인중개사사무소,전세,416,고,144.12,109.99,0,"180,000",0,2026-08-18
1500073914,41204083,"34P 위례초배정, 조망굿  더블역세권.상가.커뮤니티 근접 생활편리",다원공인중개사사무소,매매,207,고,113.28,84.99,"310,000",0,0,2026-08-18
1500073914,41235578,18.단기 l 빠른입주 l 사이다뷰 l 집보고 결정하세요,윤포레온공인중개사사무소,월세,103,중,62.24,39.95,0,"70,000",20,2026-08-18
1500073914,41204095,"37P 입주가능 조건협의, 더블역세권, 채광.통풍. 조망 굿",다원공인중개사사무소,매매,210,저,125.41,95.97,"349,000",0,0,2026-08-18
1500073914,41235577,18.단기 l 입주협의 l 트인전망 햇살가득한 집,윤포레온공인중개사사무소,전세,103,중,62.24,39.95,0,"70,000",0,2026-08-18
1500073914,41201470,"34A 남향, 뷰가 완전좋은집, 세안고, 커뮤니티인접, 최고의매물",부동산헤드라인공인중개사사무소,매매,108,중,112.69,84.99,"315,000",0,0,2026-08-18
1500073914,41207986,로얄43p. 귀한3단지 방4개 아름다운뻥뷰 더블역세권 올공생활권,로얄(02-470-0113)공인중개사사무소,매매,307,저,142.48,109.98,"400,000",0,0,2026-08-18
1500073914,41155202,"입주매매,1주택매도후 매수 가능, 입주일 협의가,정원뷰, 꽃나무 앞집",올림픽파크포레온 나이스 단지내 공인중개사사무소,매매,122,저,216.36,95.97,"320,000",0,0,2026-08-17
1500073914,41157194,"37 주인의뢰 l 창밖이 공원, 판상형, 따뜻한 정남향",잠래아진주공인중개사사무소,매매,122,저,125.41,95.97,"345,000",0,0,2026-08-17
1500073914,41130579,,윤포레온공인중개사사무소,전세,418,저,85.28,59.99,0,"125,000",0,2026-08-14
1500073914,41110996,로얄34p. 일자산뻥뷰 입주협의 위례초 커뮤니티최상 9호선이용용이,로얄(02-470-0113)공인중개사사무소,매매,419,중,112.69,84.99,"285,000",0,0,2026-08-14
1500073914,41122569,34. 세끼고 매매. 젊은층 선호동. 햇살 가득 남향. 막힘없는 뷰,단지내승진포레온공인중개사사무소,매매,303,중,113.45,84.98,"320,000",0,0,2026-08-14
1500073914,41094259,84 동향. 세안고가능. 커뮤니티조식 서비스. 숲뷰 감성 뻥뷰,대일484-7474부동산공인중개사사무소,매매,421,고,114.26,84.99,"293,000",0,0,2026-08-14
1500073914,41089939,"입주매매, 27년 3월 입주 가능 합니다. 초역세권 추천 득템 매물",올림픽파크포레온 나이스 단지내 공인중개사사무소,매매,421,고,194.80,84.99,"300,000",0,0,2026-08-14
1500073914,41108875,귀한25.  남향. 장기거주가능.,포레온행운(471-3999)공인중개사사무소,전세,420,중,85.28,59.99,0,"125,000",0,2026-08-14
1500073914,41094255,37A. 리조트 풀조망. 더이상 말이 필요없습니다. 초중고품아.9호선,대일484-7474부동산공인중개사사무소,매매,427,고,125.41,95.97,"323,000",0,0,2026-08-14
1500073914,41091500,34. 역세권. 시원한뷰. 최고 커뮤니티. 신축 편리함을 즐기세요,홍익포레온475-8889(단지내)공인중개사사무소,월세,120,중,113.28,84.99,0,"60,000",320,2026-08-14
1500073914,41112362,34p 조합매물 조용하고 상가.역세권근접 생활편리. 아늑한 조망.,다원공인중개사사무소,전세,422,중,113.60,84.98,0,"155,000",0,2026-08-14
1500073914,41112366,43p 검단산.일자산조망 웰빙단지 장기거주 가능. 조건협의,다원공인중개사사무소,전세,416,고,144.12,109.99,0,"180,000",0,2026-08-14
1500073914,41112353,50p 조용하고 조망좋은 웰빙 거주지 보증금 월세 조정가능 입주협의,다원공인중개사사무소,전세,411,고,165.46,134.98,0,"220,000",0,2026-08-14
1500073914,41118981,,포레온9프라임부동산중개사무소,월세,120,고,113.28,84.99,0,"50,000",400,2026-08-14
1500073914,41094267,34 로얄동 로얄층 위례학군 보증금조정가능,대일484-7474부동산공인중개사사무소,월세,316,고,112.98,84.99,0,"120,000",140,2026-08-14
1500073914,41112370,18p. 단기거주조건. 입주협의.  조용하고 아늑한  조망좋은 거주지,다원공인중개사사무소,월세,201,중,62.24,39.95,0,"40,000",160,2026-08-14
1500073914,41094253,84남. 포레온 일등매매. 이집이 진짜 찾는집. 세안고 미리사두세요,대일484-7474부동산공인중개사사무소,매매,108,중,112.69,84.99,"315,000",0,0,2026-08-14
1500073914,41094257,18 찐매물 9호선역세권 시원한뷰,대일484-7474부동산공인중개사사무소,월세,319,고,62.24,39.95,0,"35,000",200,2026-08-14
1500073914,41094250,"37A, 12월초이사협의. 편익시설굿. 편안한 정원조망. 융자무",대일484-7474부동산공인중개사사무소,전세,122,중,125.41,95.97,0,"170,000",0,2026-08-14
1500073914,41112355,50p 장기거주가능. 아늑한 숲속 웰빙 거주지 보증금.월세 조정,다원공인중개사사무소,월세,411,고,165.46,134.98,0,"100,000",480,2026-08-14
1500073914,41101959,시티 34매매 추천매물 남향 입주가 선호하는단지 로얄층 더블역세권,시티472-1117공인중개사사무소,매매,123,고,112.69,84.99,"300,000",0,0,2026-08-14
1500073914,41094256,대일 37 추천매물 입주일정상협의 급매 정원뷰입니다,대일484-7474부동산공인중개사사무소,매매,121,중,125.41,95.97,"315,000",0,0,2026-08-14
1500073914,41099632,"43, 강추 월세, 장기 거주,집보고 결정, 트인뷰",으뜸포레온공인중개사사무소,월세,406,중,144.12,109.99,0,"150,000",120,2026-08-14
1500073914,41094251,34D. 세안고가능. 극 가성 추천. 리조트뷰. 지금바로하세요.,대일484-7474부동산공인중개사사무소,매매,405,중,112.98,84.99,"280,000",0,0,2026-08-14
1500073914,41088517,50  세안고매매강추. 숲세권. 힐링아파트.고급커뮤니티. 예쁜 산책길,THE포레온삼천사부동산중개법인(주),매매,410,고,294.29,134.98,"420,000",0,0,2026-08-14
1500073914,41088474,34  매매추천. 판상형. 더블역세권. 조용한 숲세권,THE포레온삼천사부동산중개법인(주),매매,403,고,193.22,84.99,"290,000",0,0,2026-08-14
1500073914,41091513,18. 장기거주. 초역세권. 보증금6억 가능. 늦은입주,홍익포레온475-8889(단지내)공인중개사사무소,월세,318,중,62.24,39.95,0,"50,000",100,2026-08-14
1500073914,41099639,"43, 제일 저렴한 전세, 장기 거주, 집보고 결정,바로진행",으뜸포레온공인중개사사무소,전세,406,중,144.12,109.99,0,"180,000",0,2026-08-14
1500073914,41091507,18. 장기거주. 초역세권. 신축커뮤니티의 결정판. 살기 진짜 편한동,홍익포레온475-8889(단지내)공인중개사사무소,전세,320,고,62.24,39.95,0,"85,000",0,2026-08-14
1500073914,41088006,18 귀한반전세. 롯데타워뷰. 채광굿. 도서관.수영장. 신혼.1인 강추,THE포레온삼천사부동산중개법인(주),월세,201,중,100.10,39.95,0,"45,000",165,2026-08-14
1500073914,41108878,"34F,입주날짜협의가능,다양한 생활편의시설이용가능",포레온행운(471-3999)공인중개사사무소,월세,302,고,114.42,84.99,0,"85,000",320,2026-08-14
1500073914,41087859,50 매매강추. 주인전담. 입주협의. 숲세권.,THE포레온삼천사부동산중개법인(주),매매,411,고,294.29,134.98,"420,000","220,000",0,2026-08-14
1500073914,41094258,43남향. 마운틴뷰. 조용한라인. 시세대비 저렴. 빠른협의 입주원해요,대일484-7474부동산공인중개사사무소,전세,406,중,144.12,109.99,0,"180,000",0,2026-08-14
1500073914,41112365,43P 입주협의 보증금.월세 조정가 9호선 상가 근접 웰빙거주지 생활편리,다원공인중개사사무소,전세,423,고,143.00,109.99,0,"180,000",0,2026-08-14
1500073914,41091501,43. 세안고. 급매. 바로출발 가능,홍익포레온475-8889(단지내)공인중개사사무소,매매,416,중,144.12,109.99,"350,000",0,0,2026-08-14
1500073914,41099641,"43, 집보고 결정, 바로 진행, 입주, 일자산뷰",으뜸포레온공인중개사사무소,매매,416,중,144.12,109.99,"360,000",0,0,2026-08-14
1500073914,41115570,"헤드, 34, 로얄동, 9호선, 위례초, 밝고깨끗한집, 호텔급커뮤니티",부동산헤드라인공인중개사사무소,월세,304,고,114.42,84.99,0,"80,000",320,2026-08-14
1500073914,41099627,"18,집보고 결정, 신혼부부, 장기거주,입주협의,조합옵션",으뜸포레온공인중개사사무소,전세,320,고,62.39,39.98,0,"85,000",0,2026-08-14
1500073914,41115588,34.입주. 뻥뷰. 급매. 빠른계약가능.,금성484-4004(단지내30여년)포레온공인중개사사무소,매매,403,중,114.26,84.99,"300,000",0,0,2026-08-14
1500073914,41115376,"43p. 방4 화2, 장기거주, 남향, 입주협의",포레온(단지내)채움부동산공인중개사사무소,월세,416,고,142.48,109.98,0,"150,000",120,2026-08-14
1500073914,41085795,34 추천. 집보기가능. 주거만족 최상.  뻥뷰. 채광 굿..,단지내하나공인중개사사무소,월세,118,고,193.81,84.99,0,"50,000",400,2026-08-14
1500073914,41085771,50. 하나추천. 조망굿. 최고급커뮤니티. 주거만족최상. 반전세가능,단지내하나공인중개사사무소,전세,411,고,294.29,134.98,0,"220,000",400,2026-08-14
1500073914,41099635,"34,즉시 입주 가능, 장기거주, 집보고 결정. 바로진행",으뜸포레온공인중개사사무소,월세,303,중,114.42,84.99,0,"80,000",320,2026-08-14
1500073914,41094249,37. 남향. 편안한 정원조망. 11월말이후협의. 보시면 바로 계약,대일484-7474부동산공인중개사사무소,전세,209,중,125.41,95.97,0,"170,000",0,2026-08-14
1500073914,41099640,"18,장기, 바로진행,집보고 결정, 입주협의, 고급커뮤니티",으뜸포레온공인중개사사무소,전세,320,고,62.39,39.98,0,"85,000",0,2026-08-14
1500073914,41094246,귀한입주매매.로얄동로얄층.컨디션에이급.집보기가능해요,성심포레온(483-0070)단지내공인중개사사무소,매매,123,고,112.69,84.99,"300,000",0,0,2026-08-14
1500073914,41091503,34. 위례초. 9호선역세권. 남향. 동간 넓고 시원한뷰,홍익포레온475-8889(단지내)공인중개사사무소,월세,415,고,112.98,84.99,0,"100,000",240,2026-08-14
1500073914,41115579,"34F 남향, 입주, 굿뷰, 9호선역세권, 위례초",부동산헤드라인공인중개사사무소,매매,304,중,114.42,84.99,"315,000",0,0,2026-08-14
1500073914,41099625,"18, 바로 진행, 장기거주,늦은 입주 , 융무",으뜸포레온공인중개사사무소,월세,319,중,62.24,39.95,0,"20,000",260,2026-08-14
1500073914,41119133,둔촌초 동북중고 편리 귀한전세,부흥부동산공인중개사사무소,전세,203,중,112.69,84.99,0,"160,000",0,2026-08-14
1500073914,41051596,18매매 l 늦은잔금 l 집보기 l 위례초 l 9호선,윤포레온공인중개사사무소,매매,320,중,100.10,39.95,"195,000",0,0,2026-08-13
1500073914,41065245,시티 50월세 로얄층 피톤치드나오는일자산뷰 힐링산책로,시티472-1117공인중개사사무소,월세,411,고,165.46,134.98,0,"120,000",400,2026-08-13
1500073914,41034154,25. 조용한동.리조트급 커뮤니티.자연친화적 단지.초더블역세권,단지내승진포레온공인중개사사무소,전세,420,중,85.28,59.99,0,"130,000",0,2026-08-13
1500073914,41034155,25. 장기거주가능. 조용한동.리조트급 커뮤니티.자연친화적 단지,단지내승진포레온공인중개사사무소,전세,401,저,85.28,59.99,0,"125,000",0,2026-08-13
1500073914,41067205,"18, 집보고 결정, 장기거주, 옵션 최상, 입주협의",으뜸포레온공인중개사사무소,전세,320,중,62.24,39.95,0,"85,000",0,2026-08-13
1500073914,41075404,복층 l 분리세대 l 완전독립 l 장기거주,윤포레온공인중개사사무소,전세,122,저,150.99,113.97,0,"150,000",0,2026-08-13
1500073914,41067207,"18, 집보고 결정, 집상태 최상, 5호선 상가, 단기",으뜸포레온공인중개사사무소,월세,102,고,62.24,39.95,0,"50,000",80,2026-08-13
1500073914,41065244,시티34매매 남향 9호선 위례초근접 트인뷰,시티472-1117공인중개사사무소,매매,419,고,112.69,84.99,"285,000",0,0,2026-08-13
1500073914,41044513,34  급매.  최저가. 입주협의. 판상형. 더블역세권. 조용한 숲세권,THE포레온삼천사부동산중개법인(주),매매,403,중,194.80,84.99,"290,000",0,0,2026-08-13
1500073914,41053030,로얄18p. 9호선연결동 수영장 사우나 골프 중석식 주거만족도최상,로얄(02-470-0113)공인중개사사무소,월세,321,고,62.24,39.95,0,"40,000",200,2026-08-13
1500073914,41053029,"로얄34p. 방4 일자산조망 귀한월세 조중식 사우나 5호선,상가용이",로얄(02-470-0113)공인중개사사무소,월세,120,고,113.28,84.99,0,"70,000",320,2026-08-13
1500073914,41028263,朴45P 귀한복층 출입문2개 세대분리형 에어컨6,박씨네복덕방(02-474-9939)박지언공인중개사사무소,월세,122,저,150.99,113.97,0,"140,000",200,2026-08-13
1500073914,41074762,34. 입주. 확실매물. 조용하고 아늑한 기분좋은집,홍익포레온475-8889(단지내)공인중개사사무소,매매,123,고,112.69,84.99,"300,000",0,0,2026-08-13
1500073914,41065243,시티34매매 실입주 남향 9호선역세권 위례초 로얄층,시티472-1117공인중개사사무소,매매,312,중,112.69,84.99,"320,000",0,0,2026-08-13
1500073914,41038204,37 주인전담.최고로얄동층 탁트인 뷰 밝고 따뜻한집. 만족도최상,THE포레온삼천사부동산중개법인(주),매매,208,고,216.36,95.97,"340,000","60,000",260,2026-08-13
1500073914,41065242,시티 34매매 남향 5호선역세권 커뮤니티이용편리,시티472-1117공인중개사사무소,매매,122,고,112.69,84.99,"320,000",0,0,2026-08-13
1500073914,41075029,"34p. 장기거주, 보증금 월세 조정가능, 10월입주협의",포레온(단지내)채움부동산공인중개사사무소,월세,415,고,112.98,84.99,0,"110,000",200,2026-08-13
1500073914,41075027,"50p. 방4 화2, 보증금조율가능, 입주협의, 일자산뷰굿",포레온(단지내)채움부동산공인중개사사무소,월세,411,고,165.46,134.98,0,"120,000",400,2026-08-13
1500073914,41034152,25. 승진추천. 귀한 평수. 자연친화적 단지.힐링라이프. 더블역세권,단지내승진포레온공인중개사사무소,매매,415,중,85.47,59.96,"260,000",0,0,2026-08-13
1500073914,41056862,"귀한25A, 장기거주.",포레온행운(471-3999)공인중개사사무소,월세,306,고,85.28,59.99,0,"80,000",180,2026-08-13
1500073914,41045167,"18p. 방2,화1, 장기거주가능, 융자무, 11월입주",포레온(단지내)채움부동산공인중개사사무소,월세,320,중,62.24,39.95,0,"57,000",120,2026-08-13
1500073914,41034153,43.9호선 역세권.초중고 근접. 자연친화적 힐링라이프.커뮤니티 편리,단지내승진포레온공인중개사사무소,전세,423,고,142.48,109.98,0,"200,000",0,2026-08-13
1500073914,41075410,34급매 l 집보고 결정 l 늦은잔금 l 편안한 녹색뷰,윤포레온공인중개사사무소,매매,403,중,114.26,84.99,"305,000",0,0,2026-08-13
1500073914,41075408,,윤포레온공인중개사사무소,매매,208,고,125.41,95.97,"340,000",0,0,2026-08-13
1500073914,41074767,22. 단기. 9월초부터 바로입주가능  더블역세권,홍익포레온475-8889(단지내)공인중개사사무소,전세,309,저,75.90,49.95,0,"70,000",0,2026-08-13
1500073914,41053031,로얄37p. 9호선이용용이 남향 선호하는판상형 넓은거실 일자산뻥뷰,로얄(02-470-0113)공인중개사사무소,매매,426,고,125.41,95.97,"330,000",0,0,2026-08-13
1500073914,41028264,朴58p 복층 탁트인 개방감  세안고  희소성있는세대,박씨네복덕방(02-474-9939)박지언공인중개사사무소,매매,303,고,194.21,144.97,"500,000",0,0,2026-08-13
1500073914,41045165,"34p. 방3 화2, 탁트인뷰, 10월입주협의",포레온(단지내)채움부동산공인중개사사무소,월세,118,중,112.98,84.99,0,"50,000",360,2026-08-13
1500073914,41056863,"34F,입주날짜협의가능,다양한 생활편의시설이용가능",포레온행운(471-3999)공인중개사사무소,월세,302,고,114.42,84.99,0,"85,000",320,2026-08-13
1500073914,41053028,로얄25p. 입주 너무귀한c타입 4베이 더큰평수 골프 사우나 피트니스,로얄(02-470-0113)공인중개사사무소,매매,415,중,85.47,59.96,"260,000",0,0,2026-08-13
1500073914,41070929,"급매 기다리신분은 이집입니다.대출가.로얄층,오늘바로진행.최저 급매,",올림픽파크포레온 나이스 단지내 공인중개사사무소,매매,405,중,112.98,84.99,"280,000",0,0,2026-08-13
1500073914,41045168,"18p. 장기거주, 입주협의, 에어컨풀",포레온(단지내)채움부동산공인중개사사무소,월세,201,중,62.24,39.95,0,"30,000",240,2026-08-13
1500073914,41022583,"34, 최저가 매수 기회, 세안고,  입주협의, 힐링단지",으뜸포레온공인중개사사무소,매매,417,중,193.51,84.99,"280,000",0,0,2026-08-13
1500073914,41070915,"nice 매물, 뻥뷰, 로얄호, 포레온 최고 매물, 9호선5호선 더블",올림픽파크포레온 나이스 단지내 공인중개사사무소,매매,208,고,125.41,95.97,"340,000",0,0,2026-08-13
1500073914,41034151,45p. 복층 세대. 공간 활용도 높음. 장기거주 가능. 5호선 역세권,단지내승진포레온공인중개사사무소,월세,122,저,150.99,113.97,0,"140,000",200,2026-08-13
1500073914,41050565,"25P 조용하고 채광, 조망 좋은 거주지, 입주협의.",다원공인중개사사무소,매매,401,고,85.28,59.99,"280,000",0,0,2026-08-12
1500073914,41050579,"43p  위례초 조용하고  아늑한 채광 통풍 굿 중문, 옵션굿 조건협의",다원공인중개사사무소,전세,306,중,142.48,109.98,0,"190,000",0,2026-08-12
1500073914,41053036,로얄50p. 귀한대형평수 일자산뻥뷰  장기거주 최신커뮤니티 조중식,로얄(02-470-0113)공인중개사사무소,전세,410,고,165.46,134.98,0,"218,000",0,2026-08-12
1500073914,41044860,"43A 남향, 최저가급매, 입주가능, 해잘드는집. 뷰도 좋음",부동산헤드라인공인중개사사무소,매매,404,중,142.48,109.98,"350,000",0,0,2026-08-12
1500073914,41053044,로얄34p. 9호선이용용이  귀한전세 입주협의 커뮤니티 만족도 최상,로얄(02-470-0113)공인중개사사무소,전세,417,중,112.98,84.99,0,"150,000",0,2026-08-12
1500073914,41050581,"50P 상가.역세권 초초근접 생활편리 조용하고 아늑한  귀한뻥뷰, 조망",다원공인중개사사무소,매매,313,저,165.71,134.97,"455,000",0,0,2026-08-12
1500073914,41044849,"헤드, 50, 무주택 세안고, 숲세권, 해잘드는집",부동산헤드라인공인중개사사무소,매매,410,고,165.46,134.98,"430,000",0,0,2026-08-12
1500073914,41056874,"귀한25. 위례초,동북중고 접근편리함.즉시입주가능, 집보기예약필수.",포레온행운(471-3999)공인중개사사무소,매매,417,중,85.47,59.96,"260,000",0,0,2026-08-12
1500073914,41053038,로얄50p. 귀한대형평수 일자산뻥뷰  장기거주 최신커뮤니티 조중식,로얄(02-470-0113)공인중개사사무소,월세,410,고,165.46,134.98,0,"120,000",400,2026-08-12
1500073914,41056868,"22. 9호선이용편리 장기임대 , 융무",포레온행운(471-3999)공인중개사사무소,월세,318,중,75.90,49.95,0,"30,000",260,2026-08-12
1500073914,41053045,로얄45. 정원뷰아름다운복층 미술학원피아노교습소등 직주근접 만족도최상,로얄(02-470-0113)공인중개사사무소,월세,122,저,150.99,113.97,0,"140,000",200,2026-08-12
1500073914,41014136,입주매매. 1주택도 살수 있는 입주가능매매. 판상형.잔금일 조율가능,올림픽파크포레온 나이스 단지내 공인중개사사무소,매매,312,고,112.69,84.99,"320,000",0,0,2026-08-12
1500073914,41022876,34 l 전세안고 매매 l 트인전망 l 옵션가득 l 트인전망,윤포레온공인중개사사무소,매매,207,고,113.28,84.99,"310,000",0,0,2026-08-12
1500073914,41014146,"장기거주,뻥뷰.조합매물,12월입주가.현재 최적의 매물임.오늘 확인.",올림픽파크포레온 나이스 단지내 공인중개사사무소,월세,318,고,62.24,39.95,0,"60,000",100,2026-08-12
1500073914,41050562,50P 도심속 숲속조망으로 사계절 파노라마 뷰,다원공인중개사사무소,매매,414,중,165.46,134.98,"470,000",0,0,2026-08-12
1500073914,41022883,34 급매 l 세안고 l 둔촌초 l 9호선 l 일자산,윤포레온공인중개사사무소,매매,421,중,114.26,84.99,"303,000",0,0,2026-08-12
1500073914,41017422,"22, 단기, 10월협의 , 집보고 결정, 채광굿",으뜸포레온공인중개사사무소,전세,305,중,75.90,49.95,0,"70,000",0,2026-08-12
1500073914,41053047,로얄50. 대형평수 일자산뷰 고급스러운타운하우스단지 조중식 커뮤니티,로얄(02-470-0113)공인중개사사무소,전세,411,고,165.46,134.98,0,"215,000",0,2026-08-12
1500073914,41053035,"로얄34p. 귀한전세 장기거주가 둔촌초가까운동 5호선,상가이용용이",로얄(02-470-0113)공인중개사사무소,전세,123,고,112.69,84.99,0,"155,000",0,2026-08-12
1500073914,41005443,"오늘확인매물,조합 전세,10월입주일 협의,판상형 굿 뷰",올림픽파크포레온 나이스 단지내 공인중개사사무소,전세,310,고,193.22,84.99,0,"160,000",0,2026-08-12
1500073914,41056871,"귀한25A, 장기거주.",포레온행운(471-3999)공인중개사사무소,월세,306,고,85.41,59.96,0,"50,000",300,2026-08-12
1500073914,41014141,"오늘확인, 입주매물, 천천잔금 가능. 앞에 건물없어 뻥 뚫린것임.",올림픽파크포레온 나이스 단지내 공인중개사사무소,매매,207,중,113.28,84.99,"310,000",0,0,2026-08-12
1500073914,41056872,"34F,입주날짜협의가능,다양한 생활편의시설이용가능",포레온행운(471-3999)공인중개사사무소,월세,302,중,114.42,84.99,0,"85,000",320,2026-08-12
1500073914,40978725,34 강추. 입주가. 채광. 조망. 주거만족 최상. 프리미엄 커뮤니티,단지내하나공인중개사사무소,매매,303,고,113.45,84.98,"300,000",0,0,2026-08-11
1500073914,40987834,43P  위례초배정 주인거주 입주협의 조망. 채광.통풍 굿 9호선상가,다원공인중개사사무소,매매,307,저,142.48,109.98,"400,000",0,0,2026-08-11
1500073914,40986026,18 장기거주 9호선초역세권 뻥뷰 신혼부부강추,마음공인중개사사무소,전세,320,고,62.39,39.98,0,"90,000",0,2026-08-11
1500073914,40989190,"43A 남향, 최저가, 위례초, 9호선역세권, 세안고",부동산헤드라인공인중개사사무소,매매,306,고,142.48,109.98,"355,000",0,0,2026-08-11
1500073914,40975503,윤.25 l 귀하다 전세 l 위례초 l 장기거주,윤포레온공인중개사사무소,전세,418,고,85.28,59.99,0,"125,000",0,2026-08-11
1500073914,40978656,시티 43전세 완전좋은힐링뷰 일자산뷰 산책거리 전원주택같은동,시티472-1117공인중개사사무소,전세,423,중,143.00,109.99,0,"190,000",0,2026-08-11
1500073914,40971659,34 강추. 보증금 높은 반전세. 햇살가득한 남향. 뻥뷰. 주거만족 최상,단지내하나공인중개사사무소,월세,415,고,193.51,84.99,0,"110,000",200,2026-08-11
1500073914,40974056,"18p. 단기1년, 11월입주,  트인뷰, 전세7.5억 가능",포레온(단지내)채움부동산공인중개사사무소,월세,102,중,62.24,39.95,0,"50,000",100,2026-08-11
1500073914,40978727,34 보증금높은 월세추천. 채광. 조망 굿. 최고급 커뮤니티.,단지내하나공인중개사사무소,월세,415,중,112.98,84.99,0,"120,000",160,2026-08-11
1500073914,40974786,25. 트인뷰. 위례초학군. 조용하고 시원한동,홍익포레온475-8889(단지내)공인중개사사무소,매매,415,중,85.47,59.96,"270,000",0,0,2026-08-11
1500073914,40989187,"헤드, 22, 남향, 뻥뷰, 해잘드는집, 장기거주가능, 9호선",부동산헤드라인공인중개사사무소,월세,308,고,75.90,49.95,0,"30,000",280,2026-08-11
1500073914,40974941,"34,집보고 결정,10월 입주, 보증금조절가능,양창 개방감",으뜸포레온공인중개사사무소,월세,415,고,112.98,84.99,0,"110,000",200,2026-08-11
1500073914,40974785,37. 남향. 햇살좋은집. 포레온 입성기회,홍익포레온475-8889(단지내)공인중개사사무소,매매,210,중,125.41,95.97,"325,000",0,0,2026-08-11
1500073914,40970461,43 하나추천. 장기거주. 주거만족최상. 프리미엄대단지. 전세도가능,단지내하나공인중개사사무소,월세,416,고,249.09,109.99,0,"150,000",120,2026-08-11
1500073914,40969252,34 급매추천. 탁트인 개방감 쾌적한 조망. 더블역세권. 우수한조경,단지내하나공인중개사사무소,매매,303,고,193.97,84.98,"300,000",0,0,2026-08-11
1500073914,40986025,마음43 정원조망 판상형 남향 입주가능,마음공인중개사사무소,매매,307,저,142.48,109.98,"400,000",0,0,2026-08-11
1500073914,40989191,"50 남향뻥뷰, 그림같은숲뷰, 입주가, 강추매물",부동산헤드라인공인중개사사무소,매매,414,중,165.46,134.98,"450,000",0,0,2026-08-11
1500073914,40989197,"50 남향, 일자산뻥뷰, 입주, 최상의매물",부동산헤드라인공인중개사사무소,매매,411,중,165.46,134.98,"420,000",0,0,2026-08-11
1500073914,40976998,,포레온행운(471-3999)공인중개사사무소,매매,304,고,113.45,84.98,"300,000",0,0,2026-08-11
1500073914,40927262,"18, 9호선이용편리 장기임대  융무",포레온행운(471-3999)공인중개사사무소,월세,320,중,62.24,39.95,0,"57,000",120,2026-08-10
1500073914,40927265,"34A, 9호선지하철이용 편리 안정감있는 단지정원뷰",포레온행운(471-3999)공인중개사사무소,전세,311,중,112.69,84.99,0,"160,000",0,2026-08-10
1500073914,40929767,시티 34전세 장기거주가능 5호선역근접동 입주민만족도굿,시티472-1117공인중개사사무소,전세,124,고,112.69,84.99,0,"155,000",0,2026-08-10
1500073914,40931805,34매매.9호선급행역세권.일자산뷰.공원바로옆.커뮤니티바로아래.늦은 잔금가,단지내승진포레온공인중개사사무소,매매,403,중,114.26,84.99,"305,000",0,0,2026-08-10
1500073914,40921353,로얄18. 9호선인근동 장기거주 신축커뮤니티 입주민 만족도최상,로얄(02-470-0113)공인중개사사무소,전세,319,중,100.10,39.95,0,"84,000",0,2026-08-10
1500073914,40924073,25. 귀한 월세 역세권. 귀한 매물 찾아드려요,홍익포레온475-8889(단지내)공인중개사사무소,월세,306,중,85.28,59.99,0,"50,000",300,2026-08-10
1500073914,40922871,"34.급매 세안고, 지하철가까운동, 남향",포레온(단지내)채움부동산공인중개사사무소,매매,421,고,112.69,84.99,"300,000",0,0,2026-08-10
1500073914,40929769,시티 18월세 환상뷰 로얄층 스포츠컴플렉스근접동 더블역세권,시티472-1117공인중개사사무소,월세,201,중,62.24,39.95,0,"30,000",240,2026-08-10
1500073914,40922872,"34. 급매, 고층 동향, 세안고, 맞통풍되는 판상형구조",포레온(단지내)채움부동산공인중개사사무소,매매,403,고,114.26,84.99,"290,000",0,0,2026-08-10
1500073914,40925039,43 l 집보고 결정 l 입주협의 l 위례초 l 녹색영구뷰,윤포레온공인중개사사무소,전세,423,중,142.48,109.98,0,"200,000",0,2026-08-10
1500073914,40927260,"34.시원한전망에동향,위례초배정, 9호선.커뮤니티이용편리.세안고매매",포레온행운(471-3999)공인중개사사무소,매매,207,고,113.28,84.99,"310,000",0,0,2026-08-10
1500073914,40929768,시티 22월세 감탄뷰 햇살좋은집 장기거주가능 입주민커뮤니티이용굿,시티472-1117공인중개사사무소,월세,308,중,75.90,49.95,0,"30,000",280,2026-08-10
1500073914,40931806,37.포레스트웨이길.5호선상가이용편리.버스정류장 바로옆,단지내승진포레온공인중개사사무소,매매,122,저,125.41,95.97,"345,000",0,0,2026-08-10
1500073914,40920181,강력추천. 명품단지 고급커뮤니티. 주거만족도 최상. 트인뷰,단지내하나공인중개사사무소,매매,207,중,193.81,84.99,"310,000",0,0,2026-08-10
1500073914,40922870,"34. 최저가 급매, 세안고, 남향",포레온(단지내)채움부동산공인중개사사무소,매매,405,중,112.98,84.99,"285,000",0,0,2026-08-10
1500073914,40929772,37 햇살가득한 남향집. 최고급커뮤니티. 주거만족 최상. 장기거주,단지내하나공인중개사사무소,월세,122,중,125.41,95.97,0,"100,000",280,2026-08-10
1500073914,40933981,"전망좋은 로얄층,시스템에어컨,확장",신동아공인중개사사무소,매매,204,고,112.98,84.99,"320,000",0,0,2026-08-10
1500073914,40925040,18 월세 l 소액보증금조정O 장기거주O 입주협의O,윤포레온공인중개사사무소,월세,319,중,62.24,39.95,0,"20,000",280,2026-08-10
1500073914,40927263,"귀한25A, 장기거주.보증금 조정가능5억300,집보기예약",포레온행운(471-3999)공인중개사사무소,월세,306,고,85.28,59.99,0,"80,000",180,2026-08-10
1500073914,40922868,"34. 강추 입주매물, 조합옵션, 남향, 통풍좋은 판상형",포레온(단지내)채움부동산공인중개사사무소,매매,312,중,112.69,84.99,"310,000",0,0,2026-08-10
1500073914,40918487,34 전세 강추. 최저가.양창구조로 개방감굿. 더블역세권. 근린공원.,THE포레온삼천사부동산중개법인(주),전세,405,중,193.51,84.99,0,"150,000",1,2026-08-10
1500073914,40927259,43 일자산시원한뷰 정상입주가능 식세기.에풀.옵션최고,포레온행운(471-3999)공인중개사사무소,전세,416,고,144.12,109.99,0,"180,000",0,2026-08-10
1500073914,40917402,34 입주강추. 판상형. 선호동. 위례초. 올림픽공원. 커뮤니티이용편리,THE포레온삼천사부동산중개법인(주),매매,312,고,193.22,84.99,"310,000",0,0,2026-08-10
1500073914,40922866,"18p. 투룸전세,  장기거주가능",포레온(단지내)채움부동산공인중개사사무소,전세,320,고,62.24,39.95,0,"85,000",0,2026-08-10
1500073914,40924070,34. 세안고 급매. 마지막 가격좋은 매물. 놓치면 후회되는 매물,홍익포레온475-8889(단지내)공인중개사사무소,매매,205,중,113.28,84.99,"300,000",0,0,2026-08-10
1500073914,40924075,25. 남향. 판상형. 9호선 역세권. 바로출발,홍익포레온475-8889(단지내)공인중개사사무소,매매,418,중,85.28,59.99,"265,000",0,0,2026-08-10
1500073914,40927264,34 시원한전망 5호선지하철 상가 이용편리한동 입주날짜협의가능,포레온행운(471-3999)공인중개사사무소,월세,118,중,113.28,84.99,0,"50,000",360,2026-08-10
1500073914,40916907,"헤드, 25 판상형 남향, 세안고",부동산헤드라인공인중개사사무소,매매,401,고,142.12,59.99,"280,000",0,0,2026-08-10
1500073914,40916485,37 주인전담.최고로얄동층 탁트인 뷰 밝고 따뜻한집. 만족도최상,THE포레온삼천사부동산중개법인(주),매매,208,중,216.36,95.97,"340,000","60,000",260,2026-08-10
1500073914,40922865,"18p. 투룸, 넓은방, 트인뷰, 풀옵션, 장기거주가능",포레온(단지내)채움부동산공인중개사사무소,전세,321,고,62.39,39.98,0,"90,000",0,2026-08-10
1500073914,40923027,"이사오시면 공기좋고,바람 좋고, 해 좋은집, 주인집보기 가능.",올림픽파크포레온 나이스 단지내 공인중개사사무소,전세,416,중,144.12,109.99,0,"180,000",0,2026-08-10
1500073914,40922869,"25. 풀옵션, 남향, 짧은세안고, 만기후입주가능",포레온(단지내)채움부동산공인중개사사무소,매매,401,고,85.28,59.99,"280,000",0,0,2026-08-10
1500073914,40924081,"22. 10월30일 단기1년, 남향",홍익포레온475-8889(단지내)공인중개사사무소,전세,102,중,75.90,49.95,0,"70,000",0,2026-08-10
1500073914,40885805,"귀한25A, 장기거주.보증금조정가능.",포레온행운(471-3999)공인중개사사무소,월세,306,고,85.28,59.99,0,"80,000",180,2026-08-08
1500073914,40887482,시티 34매매 가치투자최고 동간거리 넓고 조용한 정원뷰,시티472-1117공인중개사사무소,매매,415,중,112.98,84.99,"280,000",0,0,2026-08-08
1500073914,40884283,34.입주정상 l 위례초 l 트인전망 l 풀옵션,윤포레온공인중개사사무소,매매,314,고,113.45,84.98,"310,000",0,0,2026-08-08
1500073914,40885812,18B타입 9호선이용편리 장기임대 융무 귀한전세,포레온행운(471-3999)공인중개사사무소,전세,320,중,62.39,39.98,0,"84,000",0,2026-08-08
1500073914,40881744,"세낀매매, 입주협의가능. 초록이 보이는 정원뷰. 꽃뷰 가득한집",올림픽파크포레온 나이스 단지내 공인중개사사무소,매매,209,저,216.36,95.97,"325,000",0,0,2026-08-08
1500073914,40885804,"18, 9호선이용편리 장기임대  융무",포레온행운(471-3999)공인중개사사무소,월세,320,중,62.24,39.95,0,"57,000",120,2026-08-08
1500073914,40885806,"34.시원한전망에동향,위례초배정, 9호선.커뮤니티이용편리.세안고매매",포레온행운(471-3999)공인중개사사무소,매매,207,고,113.28,84.99,"310,000",0,0,2026-08-08
1500073914,40883552,"43.남향 하루종일 햇살가득, 살아보면 반하는집",홍익포레온475-8889(단지내)공인중개사사무소,매매,416,중,144.12,109.99,"360,000",0,0,2026-08-08
1500073914,40884281,43 l 햇살가득 l 집보기 가능 l 장기거주 l 풀옵션,윤포레온공인중개사사무소,전세,406,고,144.12,109.99,0,"180,000",0,2026-08-08
1500073914,40884276,34.입주 l 역세권 l 숲세권 l 학세권 l 트인뷰,윤포레온공인중개사사무소,매매,311,고,114.26,84.99,"320,000",0,0,2026-08-08
1500073914,40880658,"장기거주가능, 2년 계약가능. 남향 올림픽 공원뷰. 햇빛 가능한집.",올림픽파크포레온 나이스 단지내 공인중개사사무소,월세,308,고,123.23,49.95,0,"30,000",280,2026-08-08
1500073914,40887479,시티 25매매 초급매 입주가능 로얄층 동간거리넓음 양창구조,시티472-1117공인중개사사무소,매매,417,중,85.47,59.96,"258,000",0,0,2026-08-08
1500073914,40887480,시티 25매매 초급매 입주가능 로얄층 동간거리넓음 양창구조,시티472-1117공인중개사사무소,매매,417,중,85.47,59.96,"258,000",0,0,2026-08-08
1500073914,40884285,윤.25 l 귀하다 10월입주 l 바로계약 l 트인전망,윤포레온공인중개사사무소,월세,306,고,85.28,59.99,0,"80,000",180,2026-08-08
1500073914,40887481,시티 34매매 가치투자최고 동간거리 넓음 입주민 만족도 최고,시티472-1117공인중개사사무소,매매,417,중,112.98,84.99,"280,000",0,0,2026-08-08
1500073914,40887478,시티 18월세 완전뻥뷰 대단지 커뮤니티 입주민 거주만족아파트,시티472-1117공인중개사사무소,월세,201,저,62.24,39.95,0,"30,000",240,2026-08-08
1500073914,40879343,포레온37 남향  채광좋은 집 역세권 고급 커뮤니티시설,잠실황금리치공인중개사사무소,매매,122,저,216.36,95.97,"345,000",0,0,2026-08-08
1500073914,40885807,귀한25.  남향. 장기거주가능.,포레온행운(471-3999)공인중개사사무소,전세,420,중,85.28,59.99,0,"125,000",0,2026-08-08
1500073914,40885803,"귀한25. 위례초,동북중고 9호선접근편리함.편한입주가능",포레온행운(471-3999)공인중개사사무소,매매,417,중,85.47,59.96,"260,000",0,0,2026-08-08
1500073914,40885811,"22,  5호선이용편리 ,재래시장이용편리.단기임대,",포레온행운(471-3999)공인중개사사무소,전세,102,고,75.90,49.95,0,"70,000",0,2026-08-08
1500073914,40858586,귀한25.  남향. 장기거주가능.,포레온행운(471-3999)공인중개사사무소,전세,420,중,85.28,59.99,0,"125,000",0,2026-08-07
1500073914,40867620,"숲전망, 어린이집 초중고 도보5분, 9호선 역세권 입주가능",포레온9프라임부동산중개사무소,매매,417,중,112.98,84.99,"325,000",0,0,2026-08-07
1500073914,40840481,43 반전세강추. 일자산뷰. 숲세권. 보증금조정가 전세도 가능,THE포레온삼천사부동산중개법인(주),월세,406,고,249.09,109.99,"285,000","150,000",120,2026-08-07
1500073914,40840464,34 전세 강추. 최저가.양창구조로 개방감굿. 더블역세권. 근린공원.,THE포레온삼천사부동산중개법인(주),전세,405,중,193.51,84.99,0,"150,000",1,2026-08-07
1500073914,40840331,"25타입 귀한 3단지, 입주 10월 장기거주가,컨디션굿,집보기가능.",올림픽파크포레온 나이스 단지내 공인중개사사무소,월세,307,고,142.12,59.99,0,"80,000",180,2026-08-07
1500073914,40840322,"25타입 귀한 3단지, 입주 10월 장기거주가,컨디션굿,집보기가능.",올림픽파크포레온 나이스 단지내 공인중개사사무소,월세,307,고,142.12,59.99,0,"80,000",180,2026-08-07
1500073914,40840300,"집보기가 .즉시입주 협의가, 아침햇살 좋은 집. 장기거주가.",올림픽파크포레온 나이스 단지내 공인중개사사무소,월세,320,고,74.61,29.97,0,"30,000",220,2026-08-07
1500073914,40840299,34 매매.입주. 남향. 판상형 로얄. 9호선 및 상가이용편리.,THE포레온삼천사부동산중개법인(주),매매,311,고,193.22,84.99,"310,000",0,0,2026-08-07
1500073914,40858584,18B타입 9호선이용편리 장기임대 융무 귀한전세,포레온행운(471-3999)공인중개사사무소,전세,320,중,62.39,39.98,0,"85,000",0,2026-08-07
1500073914,40858585,"귀한25A, 장기거주.집보기예약",포레온행운(471-3999)공인중개사사무소,월세,306,고,85.28,59.99,0,"50,000",300,2026-08-07
1500073914,40864854,25.남향. 세안고. 판상형.귀한매물,금성484-4004(단지내30여년)포레온공인중개사사무소,매매,401,고,85.28,59.99,"280,000",0,0,2026-08-07
1500073914,40877580,37 알파룸 l 집보고 결정 l 판상형 l 입주협의,윤포레온공인중개사사무소,월세,122,중,125.41,95.97,0,"130,000",160,2026-08-07
1500073914,40858583,"18,5호선이용편리 ,장기임대 융무 ,보증금 조정가능.",포레온행운(471-3999)공인중개사사무소,월세,104,고,62.24,39.95,0,"20,000",260,2026-08-07
1500073914,40858580,"34.시원한전망에동향,위례초배정, 9호선.커뮤니티이용편리.세안고매매",포레온행운(471-3999)공인중개사사무소,매매,207,고,113.28,84.99,"310,000",0,0,2026-08-07
1500073914,40829690,50.대형평형 귀한 매물.뻥뷰.자연친화적 힐링라이프.숲세권.조용한단지,단지내승진포레온공인중개사사무소,매매,414,중,165.46,134.98,"450,000",0,0,2026-08-06
1500073914,40836795,34 l 급전세 l 실매물보기 l 장기거주 l 양창,윤포레온공인중개사사무소,전세,424,고,112.98,84.99,0,"150,000",0,2026-08-06
1500073914,40810974,시티 37전세 남향 대단지커뮤니티 트인뷰,시티472-1117공인중개사사무소,전세,122,중,125.41,95.97,0,"170,000",0,2026-08-06
1500073914,40810972,시티 43전세 로얄층 피톤치드나오는일자산뷰 힐링산책로,시티472-1117공인중개사사무소,전세,416,고,144.12,109.99,0,"183,000",0,2026-08-06
1500073914,40815913,주거만족 최상. 커뮤니티 이용편리. 트인뷰 위례초,단지내하나공인중개사사무소,매매,207,중,113.28,84.99,"315,000",0,0,2026-08-06
1500073914,40823218,"34. 집보기가능, 입주가능, 탁트인뷰, 좋은층",포레온(단지내)채움부동산공인중개사사무소,매매,303,저,114.42,84.99,"323,000",0,0,2026-08-06
1500073914,40820313,34P 주인거주로 귀한 올팍뻥뷰 동.간격 넓고 조용하고 아늑한 뷰 맛집,다원공인중개사사무소,전세,310,고,112.69,84.99,0,"165,000",0,2026-08-06
1500073914,40810971,시티 34매매 위례초 9호선근접 남향 쾌적하고 조용한 트인뷰,시티472-1117공인중개사사무소,매매,419,중,112.69,84.99,"285,000",0,0,2026-08-06
1500073914,40836797,윤. 34. 10월초 l 집보고 결정 l 장기거주 l 트인양창,윤포레온공인중개사사무소,월세,314,고,112.98,84.99,0,"120,000",140,2026-08-06
1500073914,40799315,37 남향. 12월입주. 커뮤니티이용편리. 최고급프리미엄단지.,단지내하나공인중개사사무소,매매,122,저,0.00,95.97,"345,000",0,0,2026-08-06
1500073914,40802052,31. 세안고 트인뷰. 위치좋은집,홍익포레온475-8889(단지내)공인중개사사무소,매매,207,고,113.28,84.99,"310,000",0,0,2026-08-06
1500073914,40820299,"34P 주인거주, 위례초 배정, 조망좋고 조용한 거주지",다원공인중개사사무소,매매,311,고,114.26,84.99,"320,000",0,0,2026-08-06
1500073914,40817065,"22. 9호선이용편리 장기임대 , 융무",포레온행운(471-3999)공인중개사사무소,월세,318,중,75.90,49.95,0,"30,000",260,2026-08-06
1500073914,40797377,34 입주매매.판상형. 선호위치. 위례초. 올림픽공원. 9호선역세권,THE포레온삼천사부동산중개법인(주),매매,312,중,193.22,84.99,"320,000",0,0,2026-08-06
1500073914,40810973,시티 43전세 로얄층 피톤치드나오는일자산뷰 힐링산책로,시티472-1117공인중개사사무소,전세,404,고,144.12,109.99,0,"183,000",0,2026-08-06
1500073914,40805596,"오늘확인,입주가능 3단지 입주하면 일이 술술 풀리는 복 많은 집",올림픽파크포레온 나이스 단지내 공인중개사사무소,매매,310,고,112.69,84.99,"310,000",0,0,2026-08-06
1500073914,40805595,"세낀매매, 무주택자 득템 매물,집보기 가능, 주인바로, 남향 고층",올림픽파크포레온 나이스 단지내 공인중개사사무소,매매,413,고,165.46,134.98,"420,000",0,0,2026-08-06
1500073914,40768900,25 급매 최저가 입주 트인뷰  4베이 판상형  조용한 위치 위례초,THE포레온삼천사부동산중개법인(주),매매,417,중,193.51,59.96,"265,000","120,000",360,2026-08-05
1500073914,40789855,"43, 바로진행, 집보고 결정, 입주협의, 오래거주",으뜸포레온공인중개사사무소,전세,416,고,144.12,109.99,0,"180,000",0,2026-08-05
1500073914,40768073,"세낀매매입주날짜 협의가, 채광 굿,바람 굿,건강하게 만족하며 사는집",올림픽파크포레온 나이스 단지내 공인중개사사무소,매매,418,고,142.12,59.99,"275,000",0,0,2026-08-05
1500073914,40779316,50.전망최고. 숲세권. 입주.풀옵션,금성484-4004(단지내30여년)포레온공인중개사사무소,매매,414,중,165.46,134.98,"470,000",0,0,2026-08-05
1500073914,40767962,34 입주매매강추. 남향. 판상형. 선호위치. 위례초. 올림픽공원.,THE포레온삼천사부동산중개법인(주),매매,311,고,193.22,84.99,"310,000",0,0,2026-08-05
1500073914,40767943,37 만족도최고 트인뷰 채광굿  판상형 남향  더블역세권 커뮤니티,THE포레온삼천사부동산중개법인(주),전세,123,중,216.36,95.97,"280,000","170,000",200,2026-08-05
1500073914,40767805,37 남향. 프리미엄대단지. 최고급 커뮤니티. 채광굿. 주거만족 최상,단지내하나공인중개사사무소,매매,210,저,216.36,95.97,"360,000",0,0,2026-08-05
1500073914,40789853,"34, 집보고 결정,입주, 관리잘 된 집, 수납공간 굿,공동가능",으뜸포레온공인중개사사무소,매매,311,고,114.26,84.99,"320,000",0,0,2026-08-05
1500073914,40767730,34 두쫀쿠뷰 로얄동 하이엔드 스포츠컴플렉스이용,올림픽파크포레온금탑공인중개사사무소,매매,312,중,193.22,84.99,"315,000","80,000",200,2026-08-05
1500073914,40784779,37. 하나추천. 햇살가득한집. 최고급프리미엄단지. 주거만족 최상,단지내하나공인중개사사무소,매매,122,저,125.41,95.97,"345,000",0,0,2026-08-05
1500073914,40767107,43 귀한전세. 위례초.일자산뻥뷰.채광굿.장기거주. 반전세도 가능,THE포레온삼천사부동산중개법인(주),전세,416,중,249.09,109.99,0,"183,000",200,2026-08-05
1500073914,40767073,37매매  편안한 정원뷰.  판상형  더블역세권 상가이용편리,THE포레온삼천사부동산중개법인(주),매매,122,저,259.76,95.97,"345,000","150,000",0,2026-08-05
1500073914,40767023,43 반전세 . 탁트인 일자산뷰. 9호선역세권. 조용한숲세권.전세도가능,THE포레온삼천사부동산중개법인(주),월세,423,중,247.97,109.99,"370,000","150,000",200,2026-08-05
1500073914,40766978,34P 매매추천  세안고 판상형 로얄동 로얄층. 중앙위치. 트인뷰,THE포레온삼천사부동산중개법인(주),매매,207,고,193.81,84.99,"310,000",0,0,2026-08-05
1500073914,40783846,"34F,입주날짜협의가능,다양한 생활편의시설이용가능",포레온행운(471-3999)공인중개사사무소,월세,303,중,114.42,84.99,0,"85,000",320,2026-08-05
1500073914,40766878,귀한전세. 분리형복층. 편안한 정원뷰. 인테리어.  판상형  더블역세권,THE포레온삼천사부동산중개법인(주),전세,122,저,259.76,113.97,"340,000","150,000",0,2026-08-05
1500073914,40766859,43 급매. 최저가. 판상형. 인기3단지. 9호선.올림픽공원,THE포레온삼천사부동산중개법인(주),매매,306,고,247.45,109.98,"355,000",0,0,2026-08-05
1500073914,40766818,37 만족도최고 트인뷰 채광굿  판상형 남향  더블역세권 커뮤니티,THE포레온삼천사부동산중개법인(주),월세,123,중,216.36,95.97,"280,000","120,000",180,2026-08-05
1500073914,40781411,58P 귀한 복층 매물 올팍.한강 영구조망  세대분리 거주 좋아요,다원공인중개사사무소,매매,302,고,194.21,144.97,"490,000",0,0,2026-08-05
1500073914,40766035,"18 조합. 장기거주. 남향. 9호선,상가이용편리. 늦은입주",THE포레온삼천사부동산중개법인(주),월세,320,고,100.10,39.95,"190,000","57,000",120,2026-08-05
1500073914,40766022,18전세강추.투룸.장기거주.남향.풀옵션. 9호선상가.,THE포레온삼천사부동산중개법인(주),전세,320,고,100.29,39.98,"175,000","85,000",80,2026-08-05
1500073914,40769321,34. 전세 l 실매물 보고 결정 l 장기거주,윤포레온공인중개사사무소,전세,312,중,112.69,84.99,0,"165,000",0,2026-08-05
1500073914,40765977,"18 투룸급전세강추.장기거주.9호선.올림픽공원 채광굿. 신혼,1인 추천.",THE포레온삼천사부동산중개법인(주),전세,309,고,100.10,39.95,0,"85,000",0,2026-08-05
1500073914,40765898,최저가 최고 조건으로 빠르게 연결 34,부흥부동산공인중개사사무소,전세,405,중,193.51,84.99,"300,000","150,000",340,2026-08-05
1500073914,40774698,"18.중앙도서관 바로옆.수영장,커뮤니티 바로 앞.단기1년",단지내승진포레온공인중개사사무소,월세,201,중,62.24,39.95,0,"40,000",130,2026-08-05
1500073914,40765357,"찐매물,장기거주,남향 뻥뷰.조합매물,로얄층임. 로얄층.",올림픽파크포레온 나이스 단지내 공인중개사사무소,월세,318,중,100.10,39.95,0,"50,000",140,2026-08-05
1500073914,40783844,귀한25.  남향. 장기거주가능.,포레온행운(471-3999)공인중개사사무소,전세,420,중,85.28,59.99,0,"125,000",0,2026-08-05
1500073914,40774697,"18.5호선초역세권.카페테리아,커뮤니티 바로 앞.단기1년",단지내승진포레온공인중개사사무소,월세,103,고,62.24,39.95,0,"50,000",80,2026-08-05
1500073914,40779322,37.입주.남향.채광좋은집. 5호선역상가 이용편리,금성484-4004(단지내30여년)포레온공인중개사사무소,매매,122,저,125.41,95.97,"345,000",0,0,2026-08-05
1500073914,40735747,"오늘확인,입주가능 3단지 입주하면 일이 술술 풀리는 복 많은 집",올림픽파크포레온 나이스 단지내 공인중개사사무소,매매,303,중,194.95,84.99,"323,000",0,0,2026-08-04
1500073914,40735744,"오늘 확인,임대인 확인.10월중 협의가. 고층 뷰 좋고 햇살 밝은집.",올림픽파크포레온 나이스 단지내 공인중개사사무소,월세,415,고,193.51,84.99,0,"110,000",200,2026-08-04
1500073914,40740462,34 하나추천. 햇살가득 기분좋은 집. 프리미엄대단지. 집보기가능,단지내하나공인중개사사무소,전세,312,중,112.69,84.99,0,"165,000",0,2026-08-04
1500073914,40736843,37. 귀한월세. 생활편리동. 다양한커뮤니티 아름다운조경,홍익포레온475-8889(단지내)공인중개사사무소,월세,123,중,125.41,95.97,0,"120,000",200,2026-08-04
1500073914,40740466,34 추천. 프리미엄대단지. 최고급커뮤니티. 주거만족 최상. 트인뷰,단지내하나공인중개사사무소,매매,403,중,114.26,84.99,"303,000",0,0,2026-08-04
1500073914,40742915,"전망좋은로얄층,뻥뷰,5호선둔촌동역 5분",신동아공인중개사사무소,매매,204,고,112.98,84.99,"320,000",0,0,2026-08-04
1500073914,40736960,"34,집보고결정,장기거주, 파노라마뷰,양창 개방감",으뜸포레온공인중개사사무소,월세,303,중,114.42,84.99,0,"90,000",300,2026-08-04
1500073914,40736959,"34, 바로진행, 집보고결정, 입주 협의,양창 개방감 최고",으뜸포레온공인중개사사무소,전세,424,고,112.98,84.99,0,"150,000",0,2026-08-04
1500073914,40740463,34 하나추천. 뷰짱. 귀한 전세.  최고급커뮤니티. 위례초.,단지내하나공인중개사사무소,전세,303,고,113.45,84.98,0,"160,000",0,2026-08-04
1500073914,40737487,43 l 집보기 가능 l 쾌적한 녹섹뷰 에 살아요,윤포레온공인중개사사무소,매매,416,중,144.12,109.99,"360,000",0,0,2026-08-04
1500073914,40736241,"오늘 확인매물.sky 복층구조.2세대 거주가,전망 좋은 작업실주거가",올림픽파크포레온 나이스 단지내 공인중개사사무소,매매,302,고,194.21,144.97,"480,000",0,0,2026-08-04
1500073914,40736832,34. 시원한뷰. 로얄동. 더블역세권.,홍익포레온475-8889(단지내)공인중개사사무소,매매,311,고,114.26,84.99,"320,000",0,0,2026-08-04
1500073914,40740464,34 남향 1순위매물. 뷰짱. 위례초. 동북중고. 주거만족 최상.,단지내하나공인중개사사무소,전세,424,고,112.98,84.99,0,"150,000",0,2026-08-04
1500073914,40732586,34 추천. 위례초. 동북중고. 주거만족 굿. 최고급커뮤니티.,단지내하나공인중개사사무소,전세,312,중,193.22,84.99,0,"165,000",0,2026-08-04
1500073914,40740335,시티 43매매 세안고매매 하이앤드아파트 더블역세권 대규모커뮤니티,시티472-1117공인중개사사무소,매매,306,고,142.48,109.98,"355,000",0,0,2026-08-04
1500073914,40740336,시티 43매매 세안고 더블역세권 커뮤니티이용굿 조경잘된 시그니쳐동,시티472-1117공인중개사사무소,매매,306,고,142.48,109.98,"355,000",0,0,2026-08-04
1500073914,40736841,34. 장기거주. 9호선역세권.확트인뷰,홍익포레온475-8889(단지내)공인중개사사무소,전세,424,고,112.98,84.99,0,"150,000",0,2026-08-04
1500073914,40698595,18 주인직접 확실진행. 귀한 반전세 판상형 선호구조. 5호선 지하철 인,명성공인중개사사무소,월세,201,중,0.00,39.95,0,"30,000",240,2026-08-03
1500073914,40729654,34전세O 집보기O 입주협의O 장기거주O,윤포레온공인중개사사무소,전세,303,중,113.45,84.98,0,"160,000",0,2026-08-03
1500073914,40685829,"50, 바로진행, 수납공간 풍부, 힐링단지, 남향,일자산 뷰",으뜸포레온공인중개사사무소,매매,410,고,165.46,134.98,"450,000",0,0,2026-08-01
1500073914,40657881,귀한25.  남향. 장기거주가능.,포레온행운(471-3999)공인중개사사무소,전세,420,중,85.28,59.99,0,"125,000",0,2026-07-31
1500073914,40657883,"18, 9호선이용편리 장기임대  융무",포레온행운(471-3999)공인중개사사무소,월세,320,중,62.24,39.95,0,"57,000",120,2026-07-31
1500073914,40660557,"34,  높은 세안고,  입주 협의, 역세권, 학세권",으뜸포레온공인중개사사무소,매매,421,중,114.26,84.99,"303,000",0,0,2026-07-31
1500073914,40734185,34C. 자연친화적 단지. 근린공원인접. 숲세권. 학세권. 더블역세권,단지내승진포레온공인중개사사무소,매매,404,고,113.28,84.99,"310,000",0,0,2026-07-31
1500073914,40659905,34전세 l 최저가O 집보기가능 O 장기거주 O,윤포레온공인중개사사무소,전세,424,고,112.98,84.99,0,"150,000",0,2026-07-31
1500073914,40590663,최저가 최고 조건으로 빠르게 연결 34,부흥부동산공인중개사사무소,전세,424,중,194.95,84.99,"300,000","150,000",340,2026-07-30
1500073914,40590592,25 귀한매매. 세안고.남향. 판상형.  채광굿. 트인뷰.,THE포레온삼천사부동산중개법인(주),매매,401,고,142.12,59.99,"280,000","105,000",0,2026-07-30
1500073914,40590587,"18 조합. 장기거주. 남향. 9호선,상가이용편리. 늦은입주",THE포레온삼천사부동산중개법인(주),월세,320,중,100.10,39.95,"190,000","57,000",120,2026-07-30
1500073914,40590578,43 전세 . 탁트인 일자산뷰. 9호선역세권. 조용한숲세권,THE포레온삼천사부동산중개법인(주),전세,423,중,247.97,109.99,"370,000","200,000",0,2026-07-30
1500073914,40590370,"34 매매.입주협의.일자산뷰. 9호선역세권. 뻥뷰. 도서관,라운지커뮤니티",THE포레온삼천사부동산중개법인(주),매매,421,고,194.80,84.99,"303,000","135,000",0,2026-07-30
1500073914,40590354,25 최고 조건으로 빠르게 연결,부흥부동산공인중개사사무소,매매,415,저,142.28,59.96,"258,000","70,000",340,2026-07-30
1500073914,40590300,37  매매. 입주협의. 더블역세권.만족도 최고,THE포레온삼천사부동산중개법인(주),매매,122,중,216.36,95.97,"325,000",0,0,2026-07-30
1500073914,40590255,25 최고 조건으로 빠르게 연결,부흥부동산공인중개사사무소,매매,417,중,142.28,59.96,"265,000","70,000",340,2026-07-30
1500073914,40590211,34 두쫀쿠뷰 일자산 피톤치드 카페테리아 굿 커뮤니티시설굿,올림픽파크포레온금탑공인중개사사무소,전세,424,고,193.51,84.99,"290,000","150,000",0,2026-07-30
1500073914,40590168,25 남향 전세 최고 조건으로 빠르게 연결,부흥부동산공인중개사사무소,전세,420,중,142.12,59.99,"300,000","125,000",340,2026-07-30
1500073914,40590162,50 최고명당 일자산최고뷰 힐링스팟,올림픽파크포레온금탑공인중개사사무소,매매,414,중,294.29,134.98,"470,000",0,0,2026-07-30
1500073914,40597873,34H. 승진 추천.입주협의가능.선호도 높은 단지.위례초앞.9호선 편리,단지내승진포레온공인중개사사무소,매매,311,고,114.26,84.99,"320,000",0,0,2026-07-30
1500073914,40596160,시티 14월세 완전뻥뷰 9호선역세권 대단지커뮤니티 입주민거주만족아파트,시티472-1117공인중개사사무소,월세,318,고,46.21,29.97,0,"35,000",100,2026-07-30
1500073914,40589719,최고 조건으로 빠르게 연결 34 급매,부흥부동산공인중개사사무소,매매,402,중,194.80,84.99,"290,000","70,000",340,2026-07-30
1500073914,40589488,자연조망 아름다운 포레온 34 일자산뷰,부흥부동산공인중개사사무소,매매,421,중,193.22,84.99,"300,000","70,000",340,2026-07-30
1500073914,40596196,"34.추천 남향판상 장기 되는 위례초, 커뮤니티, 9호선 근접로얄동",누리부동산공인중개사사무소 ,전세,311,중,112.69,84.99,0,"165,000",0,2026-07-30
1500073914,40589183,43 귀한반전세. 위례초.일자산뻥뷰.채광굿.장기거주. 전세도 가능,THE포레온삼천사부동산중개법인(주),월세,416,고,249.09,109.99,0,"150,000",120,2026-07-30
1500073914,40589139,18 1단지 착한전세. 신혼강추. 뻥뷰. 채광굿. 1년단기,THE포레온삼천사부동산중개법인(주),전세,102,중,100.10,39.95,0,"75,000",0,2026-07-30
1500073914,40589114,18 귀한반전세. 롯데타워뷰. 채광굿. 장기거주.수영장. 신혼.1인 강추,THE포레온삼천사부동산중개법인(주),월세,201,중,100.10,39.95,0,"45,000",165,2026-07-30
1500073914,40596159,시티18전세 장기거주 신혼부부추천 9호선초역세권 프리미엄아파트,시티472-1117공인중개사사무소,전세,320,고,62.24,39.95,0,"85,000",0,2026-07-30
1500073914,40589102,18 귀한 전세강추. 장기거주 .풀옵션. 9호선초역세권. 상가이용편리,THE포레온삼천사부동산중개법인(주),전세,320,고,100.29,39.98,0,"85,000",20,2026-07-30
1500073914,40589086,43 전세 . 탁트인 일자산뷰. 9호선역세권. 조용한숲세권,THE포레온삼천사부동산중개법인(주),전세,423,중,247.97,109.99,"370,000","200,000",0,2026-07-30
1500073914,40597871,,단지내승진포레온공인중개사사무소,전세,411,고,165.46,134.98,0,"220,000",0,2026-07-30
1500073914,40597870,,단지내승진포레온공인중개사사무소,월세,411,고,165.46,134.98,0,"120,000",400,2026-07-30
1500073914,40597872,"37.주인거주 입주가능. 시원한 뷰. 5,9호선 더블역세권.",단지내승진포레온공인중개사사무소,매매,210,저,125.41,95.97,"360,000",0,0,2026-07-30
1500073914,40607673,"34 동향, 일자산뻥뷰, 위례초, 동북중고교, 9호선역세권, 세안고",부동산헤드라인공인중개사사무소,매매,421,고,114.26,84.99,"303,000",0,0,2026-07-30
1500073914,40592722,34 l 추천 l 조건협의 l 입주가능 l 인기단지,윤포레온공인중개사사무소,매매,303,저,114.42,84.99,"320,000",0,0,2026-07-30
1500073914,40592728,43 l 빠른입주  l 녹색뷰 l 옵션가득 l 햇살가득,윤포레온공인중개사사무소,전세,423,중,143.00,109.99,0,"190,000",0,2026-07-30
1500073914,40596195,"18. 장기. 9지하철,위례초, 상가 초근접 모두 이용편리",누리부동산공인중개사사무소 ,전세,320,중,62.24,39.95,0,"88,000",0,2026-07-30
1500073914,40596194,"34 양창밝은집 장기. 9호선,위례초등,상가,커뮤니티 모두 인접굿",누리부동산공인중개사사무소 ,전세,424,고,112.98,84.99,0,"150,000",0,2026-07-30
1500073914,40597869,43A. 승진추천. 귀한 입주 매물. 로얄동 트인뷰. 리조트급 커뮤니티,단지내승진포레온공인중개사사무소,매매,307,저,142.48,109.98,"400,000",0,0,2026-07-30
1500073914,40596197,"37남향판상 밝은집, 상가및 커뮤니티이용 편리,  5호선과 버스편리",누리부동산공인중개사사무소 ,매매,122,저,125.41,95.97,"345,000",0,0,2026-07-30
1500073914,40555425,34 추천. 귀한전세. 위례초. 동북중고. 최고급커뮤니티. 주거만족 짱,단지내하나공인중개사사무소,전세,303,고,0.00,84.98,0,"160,000",0,2026-07-29
1500073914,40579504,34.잠실타워뷰.9호선상가이용편리.커뮤니티 바로 아래.,단지내승진포레온공인중개사사무소,전세,311,중,112.69,84.99,0,"165,000",0,2026-07-29
1500073914,40579507,18A. 귀한 소형 평수로 단기 월세. 단지 중앙으로 더블역세권. 공원옆,단지내승진포레온공인중개사사무소,월세,201,중,62.39,39.98,0,"40,000",130,2026-07-29
1500073914,40585347,18전세 l 장기거주O 집보기O 입주협의O,윤포레온공인중개사사무소,전세,320,고,62.24,39.95,0,"88,000",0,2026-07-29
1500073914,40574155,"헤드, 50, 남향 입주, 9호선, 위례초 인접, 커뮤니티 이용편리",부동산헤드라인공인중개사사무소,매매,313,중,165.71,134.97,"450,000",0,0,2026-07-29
1500073914,40554893,34.하나추천. 선호타입. 프리미엄대단지. 굿뷰. 주거만족 최상.,단지내하나공인중개사사무소,매매,403,중,0.00,84.99,"305,000",0,0,2026-07-29
1500073914,40554776,"장기 반전세, 초역세권.상권 좋고 공기 좋은 고층 채광좋은집.",올림픽파크포레온 나이스 단지내 공인중개사사무소,월세,318,고,100.10,39.95,0,"57,000",120,2026-07-29
1500073914,40554769,"22, 단기 전세, 남향,방2,넓은거실,18타입보다 더 큰집 입주일협의",올림픽파크포레온 나이스 단지내 공인중개사사무소,전세,305,중,123.23,49.95,0,"70,000",0,2026-07-29
1500073914,40585345,윤.37 l 남향 l 알파룸 l 판상형 l 진출입 우수,윤포레온공인중개사사무소,매매,122,저,125.41,95.97,"345,000",0,0,2026-07-29
1500073914,40559425,"조합전세, 입주일 하시 가능.오래 살수 있어요. 집보기 편해요",올림픽파크포레온 나이스 단지내 공인중개사사무소,전세,320,중,62.24,39.95,0,"85,000",0,2026-07-29
1500073914,40559424,"nice  파노라마뷰, 환상적인 뷰를 품은 집,포레온의 뷰 맛집.",올림픽파크포레온 나이스 단지내 공인중개사사무소,매매,416,중,144.12,109.99,"360,000",0,0,2026-07-29
1500073914,40554410,18 반전세. 단기. 전세도가능.초역세권. 전망굿.채광굿.  입주협의,THE포레온삼천사부동산중개법인(주),월세,103,고,100.10,39.95,0,"50,000",120,2026-07-29
1500073914,40554404,18전세. 단기. 반전세도가능.초역세권. 전망굿.채광굿.  입주협의,THE포레온삼천사부동산중개법인(주),전세,103,중,100.10,39.95,0,"75,000",120,2026-07-29
1500073914,40579503,18.조합물건.장기거주가능.9호선초역세권.뻥뷰.,단지내승진포레온공인중개사사무소,월세,321,고,62.24,39.95,0,"20,000",280,2026-07-29
1500073914,40570746,로얄43p. 인기9호선가까운동 판상형 세대창고 수영장 조중식,로얄(02-470-0113)공인중개사사무소,매매,307,저,142.48,109.98,"395,000",0,0,2026-07-29
1500073914,40579505,37. 햇살 좋은 남향.5호선상가 이용편리.근린공원인근.커뮤니티편리,단지내승진포레온공인중개사사무소,매매,122,저,125.41,95.97,"345,000",0,0,2026-07-29
1500073914,40563916,시티 37매매 12월이후입주가 대단지커뮤니티 럭셔리아파트 초품아,시티472-1117공인중개사사무소,매매,123,저,125.41,95.97,"345,000",0,0,2026-07-29
1500073914,40576689,,포레온9프라임부동산중개사무소,전세,417,고,112.98,84.99,0,"150,000",0,2026-07-29
1500073914,40552922,"25 전세, 남향,방2,넓은거실,9호선 인접동, 커뮤니티동,생활편의 좋은",올림픽파크포레온 나이스 단지내 공인중개사사무소,전세,418,고,142.12,59.99,0,"125,000",0,2026-07-29
1500073914,40552905,"오늘 확인,임대인 확인.10월중 협의가. 고층 뷰 좋고 햇살 밝은집.",올림픽파크포레온 나이스 단지내 공인중개사사무소,월세,415,고,193.51,84.99,0,"110,000",200,2026-07-29
1500073914,40574152,"50 남향, 숲뷰, 조용하고해잘드는집, 세안고",부동산헤드라인공인중개사사무소,매매,410,중,165.46,134.98,"427,000",0,0,2026-07-29
1500073914,40576688,,포레온9프라임부동산중개사무소,전세,415,고,112.98,84.99,0,"150,000",0,2026-07-29
1500073914,40551352,34 급전세강추.최저가. 양창구조로 밝은집 9호선역세권,THE포레온삼천사부동산중개법인(주),전세,424,고,193.51,84.99,"300,000","150,000",300,2026-07-29
1500073914,40559423,"nice.세낀매매 권합니다. 조합매물, 옵션 굿, 전망좋은구조.",올림픽파크포레온 나이스 단지내 공인중개사사무소,매매,405,고,112.98,84.99,"290,000",0,0,2026-07-29
1500073914,40579506,,단지내승진포레온공인중개사사무소,전세,311,중,112.69,84.99,0,"165,000",0,2026-07-29
1500073914,40569155,"43A, 커뮤니티시설 이용편리. 입주협의가능해요",포레온행운(471-3999)공인중개사사무소,매매,205,중,142.48,109.98,"380,000",0,0,2026-07-29
1500073914,40515499,34 반전세. 풀에.  양창 개방감굿. 채광굿. 더블역세권.숲세권,THE포레온삼천사부동산중개법인(주),월세,417,고,193.51,84.99,"310,000","110,000",200,2026-07-28
1500073914,40515497,34 보증금높은 반전세 양창구조 알파룸 채광굿 중석식 도서관 동간간격넓음,THE포레온삼천사부동산중개법인(주),월세,415,고,193.51,84.99,0,"110,000",200,2026-07-28
1500073914,40515395,34 매매. 남향.입주협의.채광굿.판상형. 선호위치. 위례초.올림픽공원.,THE포레온삼천사부동산중개법인(주),매매,311,중,193.22,84.99,"320,000",0,0,2026-07-28
1500073914,40514707,34급매.최저가. 판상형. 팬트리.조용한 위치. 더블역세권. 숲세권,THE포레온삼천사부동산중개법인(주),매매,402,중,194.80,84.99,"290,000",0,0,2026-07-28
1500073914,40514672,"18 조합. 장기거주. 남향. 9호선,상가이용편리.",THE포레온삼천사부동산중개법인(주),월세,320,고,100.10,39.95,"190,000","57,000",120,2026-07-28
1500073914,40514656,"34 매매.탁트인 일자산뷰. 9호선역세권.도서관,라운지커뮤니티",THE포레온삼천사부동산중개법인(주),매매,421,중,194.80,84.99,"303,000","135,000",0,2026-07-28
1500073914,40522582,시티 34전세 로얄층 뻥뷰 9호선 근접동,시티472-1117공인중개사사무소,전세,424,고,112.98,84.99,0,"150,000",0,2026-07-28
1500073914,40514597,"34전세.탁트인일자산뷰. 9호선역세권.도서관,라운지커뮤니티",THE포레온삼천사부동산중개법인(주),전세,421,중,194.80,84.99,"303,000","155,000",0,2026-07-28
1500073914,40514585,"34 전세강추. 일자산뷰. 9호선역세권. 11월협의 도서관,라운지커뮤니티",THE포레온삼천사부동산중개법인(주),전세,421,고,194.80,84.99,"303,000","155,000",0,2026-07-28
1500073914,40514165,37매매강추. 남향. 입주  채광굿.  조용한위치. 더블역세권,THE포레온삼천사부동산중개법인(주),매매,122,고,216.36,95.97,"325,000",0,0,2026-07-28
1500073914,40522579,시티43매매 동간거리 넓음 쾌적하고 조용한 숲뷰,시티472-1117공인중개사사무소,매매,416,중,144.12,109.99,"350,000",0,0,2026-07-28
1500073914,40518761,43. 귀한전세. 입주협의. 9호선 역세권.,홍익포레온475-8889(단지내)공인중개사사무소,전세,307,고,142.48,109.98,0,"180,000",0,2026-07-28
1500073914,40513374,18 l A특급뷰 l 집보기 l 입주협의 l 역세권,윤포레온공인중개사사무소,전세,320,중,100.10,39.95,0,"88,000",0,2026-07-28
1500073914,40512975,34 매매강추. 세안고. 로얄동. 판상형. 5호선역세권.메인상가.,THE포레온삼천사부동산중개법인(주),매매,108,고,193.22,84.99,"315,000",0,0,2026-07-28
1500073914,40522581,시티34매매 위례초 9호선 초근접 숲뷰,시티472-1117공인중개사사무소,매매,421,중,114.26,84.99,"303,000",0,0,2026-07-28
1500073914,40470823,34 1순위추천. 트인뷰. 장기거주. 최고급커뮤니티. 주거만족 최상,단지내하나공인중개사사무소,전세,424,고,193.51,84.99,0,"150,000",0,2026-07-27
1500073914,40508626,43. 급전세 l 집보기 l 쾌적한 녹색뷰에 살아요,윤포레온공인중개사사무소,월세,404,중,144.12,109.99,0,"150,000",120,2026-07-27
1500073914,40470103,34 보증금높은 반전세 양창구조 알파룸 채광굿 중석식 도서관 동간간격넓음,THE포레온삼천사부동산중개법인(주),월세,415,고,249.09,84.99,0,"110,000",200,2026-07-27
1500073914,40469871,"귀한전세,37구조, 방3,화2,넓은 거실, 아늑한 정원 조망,단독주택느낌",올림픽파크포레온 나이스 단지내 공인중개사사무소,전세,122,저,0.00,113.97,0,"150,000",0,2026-07-27
1500073914,40501831,14.5호선초역세권.풀옵션. 수납공간짱짱. 분리형. 여성1인거주추천,단지내승진포레온공인중개사사무소,월세,102,저,46.21,29.97,0,"20,000",120,2026-07-27
1500073914,40469655,34 급전세강추.최저가. 양창구조로 채광굿 9호선역세권,THE포레온삼천사부동산중개법인(주),전세,424,고,193.51,84.99,"300,000","150,000",300,2026-07-27
1500073914,40469364,34 입주매매. 동향. 선호위치. 트인뷰. 팬트리.위례초. 올림픽공원.,THE포레온삼천사부동산중개법인(주),매매,311,고,194.80,84.99,"320,000",0,0,2026-07-27
1500073914,40469304,"18 전세강추. 트인뷰. 단기. 채광굿. 5호선,상가 이용편리.",THE포레온삼천사부동산중개법인(주),전세,103,중,100.10,39.95,0,"75,000",100,2026-07-27
1500073914,40469279,34  매매추천. 판상형. 더블역세권. 조용한 숲세권,THE포레온삼천사부동산중개법인(주),매매,403,중,193.22,84.99,"305,000",0,0,2026-07-27
1500073914,40469246,귀한전세. 분리형복층. 편안한 정원뷰. 인테리어.  판상형  더블역세권,THE포레온삼천사부동산중개법인(주),전세,122,저,259.76,113.97,"340,000","150,000",0,2026-07-27
1500073914,40510832,"nice,9호선앞에 앞트인 집.반듯하고 좋은집, 앞에 건물이 없어요.",올림픽파크포레온 나이스 단지내 공인중개사사무소,매매,421,고,114.26,84.99,"300,000",0,0,2026-07-27
1500073914,40467768,"25 귀한매매.입주협의, 판상형. 더블역세권. 조용한위치",THE포레온삼천사부동산중개법인(주),매매,401,고,142.12,59.99,"280,000",0,0,2026-07-27
1500073914,40467724,37 매매강추. 입주. 판상형 남향 넓은내부 센터입지 더블역세권,THE포레온삼천사부동산중개법인(주),매매,210,고,216.36,95.97,"325,000","125,000",230,2026-07-27
1500073914,40467678,"34 매매강추.탁트인일자산뷰. 9호선역세권.도서관,라운지커뮤니티",THE포레온삼천사부동산중개법인(주),매매,421,중,194.80,84.99,"303,000","135,000",0,2026-07-27
1500073914,40467611,34 입주매매강추. 랜드마크동. 로얄위치. 양창 탁트인뷰. 올림픽공원,THE포레온삼천사부동산중개법인(주),매매,303,중,194.95,84.99,"323,000",0,0,2026-07-27
1500073914,40501825,34.스트림웨이길.9호선상가이용편리.커뮤니티 바로 아래.,단지내승진포레온공인중개사사무소,매매,311,고,114.26,84.99,"320,000",0,0,2026-07-27
1500073914,40221602,43쾌적하고 여유로운 4단지 위례초 동북고,부흥부동산공인중개사사무소,전세,416,중,249.09,109.99,"500,000","180,000",340,2026-07-20
1589,41483773,컨디션굿 재건축추진중 실거주및투자가치 9호선생태공원역,마음공인중개사사무소,매매,2,12,103.88,83.40,"154,000",0,0,2026-08-26
1589,41449066,마음강추 올수리 재건축추진중 주인거주9호선 생태공원역예정,마음공인중개사사무소,매매,2,12,101.28,83.40,"154,000",0,0,2026-08-25
1589,41422677,,금성484-4004(단지내30여년)포레온공인중개사사무소,매매,2,고,101.28,83.40,"154,000",0,0,2026-08-24
1589,41413339,입주가능 l 확트인 남향 l 주인거주 l 9호선 보훈병원 급행 l,강동하나공인중개사사무소,매매,4,중,129.31,109.07,"175,000",0,0,2026-08-24
1589,41325795,"내부상태 최상, 9호선 보훈병원역 ,재건축임박",둔촌푸르지오공인중개사사무소,매매,2,고,101.28,83.40,"154,000",0,0,2026-08-21
1589,41296918,"  남향  재건축추진중 수리 입주 교통, 학군, 편의시설 좋음",반도부동산,매매,4,저,129.31,109.07,"168,000",0,0,2026-08-20
1589,41296919,재건축 추진중  탁트인전망 뷰  옛전수리  입주,반도부동산,매매,3,고,129.31,109.07,"170,000",0,0,2026-08-20
1589,41194571,"올수리,9호선보훈병원역,재건축호재",서울부동산중개사무소,매매,2,고,101.28,83.40,"154,000",0,0,2026-08-18
1589,41234810,탁 트인전망 뷰 최상 입주 9호선 공사중 초역세권,반석공인중개사사무소,매매,3,고,129.31,109.07,"170,000",0,0,2026-08-18
1589,41194572,"남향,  9호선보훈생태계역개통,재건축,세안고",서울부동산중개사무소,매매,1,저,101.28,83.40,"156,000",0,0,2026-08-18
1589,41194449,"9호선 보훈병원급행생태계역역세권,남향,재거축호제,세안고매수",둔촌푸르지오공인중개사사무소,매매,1,저,101.28,83.40,"156,000",0,0,2026-08-18
1589,41143758,"남향, 정원뷰, 9호선보훈병원역급행, 재건축호재",둔촌푸르지오공인중개사사무소,매매,4,저,129.31,109.07,"168,000",0,0,2026-08-15
1589,40884511,재건축 추진중 남향 수리 정원뷰 입주 9호선 역세권,반석공인중개사사무소,매매,4,저,129.31,109.07,"167,500",0,0,2026-08-08
1612,41467025,"사준집,저평가,리모델링진행,5.9호선역세권",금성484-4004(단지내30여년)포레온공인중개사사무소,매매,101,5,107.14,79.79,"128,000",0,0,2026-08-25
1612,41422660,"사준집,저평가,둔촌역5분거리,한산초중인접,남향",금성484-4004(단지내30여년)포레온공인중개사사무소,매매,101,5,107.14,79.79,"128,000",0,0,2026-08-24
20066937,40683528,방3화2 84타입 4인가족 둔촌고앞 보훈병원 역세권 주차원활,둔촌스타공인중개사사무소,매매,1,고,110.01,84.39,"98,000",0,0,2026-08-01
20412014,41495231,금터.25A  눈에 띄는 미래가치 누구나 선호하는 로얄동  초중고 인접,고덕그라시움금터부동산공인중개사사무소,매매,406,11,87.85,59.99,"127,000",0,0,2026-08-26
20412014,41472482,추천  고층의 트인뷰   관리 잘된집   남향   채광  통풍 굿,푸르지오플러스(031-795-9933)공인중개사사무소,매매,406,11,87.85,59.99,"127,000",0,0,2026-08-26
20412014,41469793,STAR추천 남향 로얄동층 학세권 역세권 깔끔관리굿,스타공인중개사사무소,매매,406,11,87.85,59.99,"127,000",0,0,2026-08-25
20412014,41470641,공동ok 가격조정가능 1층 10.1억 입주가능.협의가능.,명성(단지안02-812-8500)공인중개사사무소,매매,403,1,73.46,49.82,"101,000",0,0,2026-08-25
20412014,41449176,"9호선호재. 뻥뚫린사이다뷰 ,초품아,밝고환한예쁜집,관리상태최상",고덕강남부동산 공인중개사 사무소,매매,404,고,73.46,49.82,"110,000",0,0,2026-08-25
20412014,41435460,추천  고층의 트인뷰   관리 잘된집   남향   채광  통풍 굿,푸르지오플러스(031-795-9933)공인중개사사무소,매매,406,11,87.85,59.99,"127,000",0,0,2026-08-25
20412014,41408346,금터.25A  눈에 띄는 미래가치 누구나 선호하는 로얄동  초중고 인접,고덕그라시움금터부동산공인중개사사무소,매매,406,11,87.85,59.99,"127,000",0,0,2026-08-24
20412014,41320021,"신축4년차, 입주협의, 밝고 환한 남향 , 주인거주로 집상태 좋음",푸르지오(031-794-4950)공인중개사사무소,매매,406,11,87.85,59.99,"127,000",0,0,2026-08-21
20412014,41327150,9호선 호재 I 확 틔인 뷰 I 입주강추 I 조건협의가,미사풍경채명인(795-3220)공인중개사사무소,매매,407,고,87.85,59.99,"130,000",0,0,2026-08-21
20412014,41193318,즉시입주 주인거주로 관리잘된 집  탁 트인뷰 2 in 1에어컨 붙작,루나리움미사오(031-793-4499)공인중개사사무소,월세,402,고,73.46,49.82,0,"20,000",160,2026-08-18
20412014,41197791,채광좋은 로얄동층.9호선호재.초품아.상가이용편리,키움공인중개사사무소,매매,406,고,87.85,59.99,"127,000",0,0,2026-08-18
20412014,41166761,입주협의.막힘없는뷰.에유.9호선호재,루나리움미사오(031-793-4499)공인중개사사무소,매매,406,11,87.85,59.99,"127,000",0,0,2026-08-17
20412014,41094227,"입주정상,로얄동층,상태굿,남향,채광굿,학교근접",고덕현대공인중개사사무소,매매,406,고,87.85,59.99,"127,000",0,0,2026-08-14
20412014,41025609,"초,중,고 학세권 상가접근최고 고층 뻥뷰",9호선.미사8단지서희공인중개사사무소,월세,404,고,73.46,49.82,0,"20,000",160,2026-08-13
20412014,41014582,"신축 4년차,주인거주 컨디션굿,초,중교,상가 가까운 인기단지,25p",자이부자공인중개사사무소,매매,406,고,87.85,59.99,"127,000",0,0,2026-08-12
20412014,40982389,트인뷰 I 빠른입주가능 I 단지내헬스장 I  상가이용편리,리버파크공인중개사사무소,매매,401,중,87.85,59.99,"125,000",0,0,2026-08-11
20412014,40982388,빠른입주가능 I 초.중학교 도보5분컷 I 상가이용편리 I 단지내헬스장,리버파크공인중개사사무소,전세,401,중,87.85,59.99,0,"67,000",0,2026-08-11
20412014,40868042,층간소음걱정없는 초고층 관리 잘 된 좋은 집 입주협의 가능,위례우미린공인중개사사무소,매매,404,고,73.46,49.82,"110,000",0,0,2026-08-07
20412014,40834842,"초,중,고 학세권 상가접근최고 고층 뻥뷰",9호선.미사8단지서희공인중개사사무소,월세,404,고,73.46,49.82,0,"20,000",160,2026-08-06
20412014,40828080,남향 로얄동층 신축단지 학세권 입주물건,고덕거성공인중개사사무소,매매,406,11,87.85,59.99,"127,000",0,0,2026-08-06
20412014,40749738,,미사리슈빌공인중개사사무소,매매,406,고,87.85,59.99,"127,000",0,0,2026-08-04
20412014,40720961,신축 I 트인 뷰 I 상권이용편리 I 관리 잘된 세대,리버파크공인중개사사무소,매매,406,고,87.85,59.99,"127,000",0,0,2026-08-03
20417175,41325384,탁트인 로얄뷰 o 내부컨디션최상 o 9호선호재,롯데공인중개사사무소,매매,803,고,86.91,59.97,"130,000",0,0,2026-08-21
20116563,41012623,입주가능 I 강일역세권 I 올수리 I 초품아,리버파크공인중개사사무소,매매,1002,고,109.49,84.83,"150,000",0,0,2026-08-12
20116563,40982390,세안고 I 강일역초역세권 I 방4개 대형평수 I 올확장 인테리어우수 I,리버파크공인중개사사무소,매매,1009,고,142.14,114.81,"175,000",0,0,2026-08-11
20116563,40829192,전망트임  집깨끗함  강일역 인접,푸르지오플러스(031-795-9933)공인중개사사무소,매매,1006,고,110.09,84.74,"170,000",0,0,2026-08-06
20116563,40720964,5호선역세권 I 채광우수 I  입주협의가능 I  초품아단지,리버파크공인중개사사무소,매매,1006,저,110.37,84.53,"130,000",0,0,2026-08-03
20116298,41448822,"빠른입주가능 I 대지지분29.5 I 체육센타,상가이용편리 I 채광우수",리버파크공인중개사사무소,매매,101,중,110.45,84.53,"133,000",0,0,2026-08-25
20116298,41262544,"상가,체육센타이용편리 I 확장 I 단지앞 망월천",리버파크공인중개사사무소,전세,102,중,110.45,84.53,0,"67,000",0,2026-08-19
20116299,41361520,금터 34C 눈에 띄는 미래 가치 9호선 호재 단지 선호동 선호 타입,고덕그라시움금터부동산공인중개사사무소,매매,206,고,110.74,84.74,"145,000",0,0,2026-08-22
20116299,41012621,올확장 인테리어 I 트인뷰 I 녹지조성 우수 I 대지지분20.8,리버파크공인중개사사무소,매매,205,중,111.05,84.53,"145,000",0,0,2026-08-12
20116299,40844616,입주가능 I 판상형 I 단지내 망월천 수변공원 I 체육센터 이용편리,리버파크공인중개사사무소,매매,206,고,110.74,84.74,"145,000",0,0,2026-08-07
20116301,40803897,"정남향 I 트인뷰 I 빠른입주가능 I 통학로안전 I 상가,체육센타이용편리",리버파크공인중개사사무소,매매,301,고,82.04,59.87,"125,000",0,0,2026-08-06
20116300,41470291,주인거주 . 확장 인테리어.,강남(롯데캐슬)단지내(02-441-2000)공인중개사사무소,매매,401,저,109.92,84.83,"145,000",0,0,2026-08-25
20116300,41294790,최근 화이트톤 특인테리어  풀확장 9호선호재 특수단지,THE 행복공인중개사사무소,매매,401,저,109.92,84.83,"145,000",0,0,2026-08-21
20116300,41339795,9호선 호재 I 남향의 판상형 I 최상급 인테리어 I 확장,리버파크공인중개사사무소,매매,401,저,109.92,84.83,"145,000",0,0,2026-08-21
20116300,41081124,최근 화이트톤 특인테리어  풀확장 9호선호재 특수단지,THE 행복공인중개사사무소,매매,401,저,109.92,84.83,"145,000",0,0,2026-08-14
20116300,40844928,급매 채광좋은정남향 올수리  화이트인테리어 확장,고덕스카이공인중개사,매매,401,저,109.92,84.83,"145,000",0,0,2026-08-07
20116300,40863847,주인거주.올 인테리어.입주 협의.9호선 예정.,태양공인중개사사무소,매매,401,저,109.92,84.83,"145,000",0,0,2026-08-07
20116300,40720962,판상형 I 트인뷰 I 9호선예정지 초역세권 I 통학로안전 I 빠른입주가능,리버파크공인중개사사무소,매매,409,고,109.92,84.83,"145,000",0,0,2026-08-03
20121562,41472503,전망트임    집깨끗함    관리 잘된집     9호선  호재,푸르지오플러스(031-795-9933)공인중개사사무소,매매,501,중,82.07,59.87,"135,000",0,0,2026-08-26
20121562,41472475,추천   사방트인 뷰  관리 잘된집 생활권 편리  애완동물X,푸르지오플러스(031-795-9933)공인중개사사무소,전세,506,5,110.87,84.53,0,"75,000",0,2026-08-26
20121562,41452390,금터. 34B 강추 컨디션 굿 초중고 인접 넓은 동간거리 채광한도 초과,고덕그라시움금터부동산공인중개사사무소,전세,506,5,110.87,84.53,0,"75,000",0,2026-08-25
20121562,41435457,사방트인 뷰  관리 잘된집 생활권 편리  애완동물X,푸르지오플러스(031-795-9933)공인중개사사무소,전세,506,5,110.87,84.53,0,"75,000",0,2026-08-25
20121562,41427252,융무 도배깔끔 밝고 좋은집 하시입주가 입니다,대일공인중개사사무소,전세,509,고,109.99,84.83,0,"73,000",0,2026-08-24
20121562,41417927,"융무, 넓은동간거리, 햇빛잘드는집, 상가이용편리",고덕굿모닝(437-6009)공인중개사사무소,전세,506,5,110.87,84.53,0,"75,000",0,2026-08-24
20121562,41435507,전망트임    집깨끗함    관리 잘된집     9호선  호재,푸르지오플러스(031-795-9933)공인중개사사무소,매매,501,중,82.07,59.87,"135,000",0,0,2026-08-24
20121562,41363027,융자무  4bay  9월말입주  트인뷰  애완동물X  초중고인접,보배(031-791-6600)미사센텀팰리스공인중개사사무소,전세,506,5,110.87,84.53,0,"75,000",0,2026-08-22
20121562,41339796,"정남향, 확장형, 빠른입주가능, 9호선호재",리버파크공인중개사사무소,매매,501,중,82.07,59.87,"135,000",0,0,2026-08-21
20121562,41341706,금터. 34B 강추 컨디션 굿 초중고 인접 넓은 동간거리 채광한도 초과,고덕그라시움금터부동산공인중개사사무소,전세,506,5,110.87,84.53,0,"75,000",0,2026-08-21
20121562,41321689,뛰어라. 학교 인접한동. 무융자. 포베이. 관리굿.,뛰어라공인중개사사무소,전세,506,저,110.87,84.53,0,"75,000",0,2026-08-21
20121562,41339794,정남향 I 판상형 I 올리모델링 I 9호선최대수혜지 I,리버파크공인중개사사무소,매매,509,저,109.99,84.83,"145,000",0,0,2026-08-21
20121562,41249973,깔끔하고 밝은집 대출무 입주일 조정가 입니다,대일공인중개사사무소,전세,509,고,109.99,84.83,0,"73,000",0,2026-08-19
20121562,40906212,26.9월말협의 융자무 트인뷰 인기학세권 애완동물노,미사센텀팰리스공인중개사사무소,전세,506,5,110.87,84.53,0,"75,000",0,2026-08-08
20121562,40804178,추천전세 융자없는로얄동 주거환경좋음 입주협의,고덕스카이공인중개사,전세,506,5,110.87,84.53,0,"75,000",0,2026-08-06
20121562,40691637,무융자 대중교통 편리 트인뷰 내부상태깨끗 애완동물X,파밀리에공인중개사사무소,전세,506,5,110.87,84.53,0,"75,000",0,2026-08-02
20121562,40671832,9월말협의 융자무 트여밝은집 초중고학세권 깔끔해요,미사센텀팰리스공인중개사사무소,전세,506,저,110.87,84.53,0,"75,000",0,2026-08-01
20121562,40585323,무융자 대중교통 편리 트인뷰 내부상태깨끗 애완동물X,파밀리에공인중개사사무소,전세,506,5,110.87,84.53,0,"75,000",0,2026-07-30
20121562,40524726,"세안고,  27년8월, 정남향, 선호타입, 9호선호재, 깔끔하게관리잘된집",고덕강남부동산 공인중개사 사무소,매매,501,중,82.07,59.87,"135,000",0,0,2026-07-28
20116302,41012622,입주가 I 올확장 I 초품아 I 9호선예정지 초역세권 I 상가이용편리,리버파크공인중개사사무소,매매,602,중,110.77,84.53,"143,000",0,0,2026-08-12
20116302,40803896,9호선예정지 초역세권 I 초품아 I 환상적인트인뷰 I 5호선도보권,리버파크공인중개사사무소,매매,603,고,110.77,84.53,"143,000",0,0,2026-08-06
20116302,40702433,전망트임  집깨끗함 9호선호재,푸르지오플러스(031-795-9933)공인중개사사무소,매매,603,고,110.77,84.53,"143,000",0,0,2026-08-03
20120625,41262543,세안고 I 9호선 초역세권예정 I 올확장 인테리어 I 판상형,리버파크공인중개사사무소,매매,711,저,109.94,84.83,"140,000",0,0,2026-08-19
20120625,41262542,9호선 수혜단지 I 초중고 근접 I 상가이용편리 I 5호선 도보권,리버파크공인중개사사무소,매매,709,저,110.82,84.53,"140,000",0,0,2026-08-19
20120625,40689740,9호선 초역세권예정 I 트인뷰 I 판상형 I 모던한 인테리어 I 관리최상,리버파크공인중개사사무소,매매,711,고,109.94,84.83,"145,000",0,0,2026-08-01
20116303,40600359,벌말근린 공원뷰 I 5호선 도보 가능 I 중문 I 최근인테리어,리버파크공인중개사사무소,매매,804,고,111.70,84.53,"140,000",0,0,2026-07-30
20135047,41417928,"46p, 입주일조정가,  방4 , 탁트인뷰, 거실확장, 착한임대인",고덕굿모닝(437-6009)공인중개사사무소,전세,104,13,152.01,114.97,0,"95,000",0,2026-08-24
20135047,41358844,추천입주매매 올수리 풀시스템에어컨 집상태최상 방4,고덕스카이공인중개사,매매,104,고,152.60,114.98,"180,000",0,0,2026-08-22
20135047,41332359,"입주매매, 꺠꿋하게 관리된 집, 9호선개통호재, 비즈밸리상권이용, 한강권",고덕굿모닝(437-6009)공인중개사사무소,매매,102,중,113.83,84.83,"155,000",0,0,2026-08-21
20135047,41216697,"무융자 I 5호선 도보역세권 I 도배,LED 등 교체 I  컨디션최상",리버파크공인중개사사무소,전세,102,저,113.83,84.83,0,"70,000",0,2026-08-18
20135047,41185029,급전세 뷰좋은집 채광좋은로얄동층 거실확장 베란다충분,고덕스카이공인중개사,전세,104,고,152.01,114.97,0,"95,000",0,2026-08-18
20135047,41093884,무융자 세대컨디션최고 도배및  LED등교체,리버파크공인중개사사무소,전세,102,저,113.83,84.83,0,"70,000",0,2026-08-14
20135047,40668439,강추 입주매매 풀에어컨 고덕천뷰 채광 집상태 완전깔끔 너무조아요,조은동네부동산426-9800공인중개사사무소,매매,104,고,152.60,114.98,"180,000",0,0,2026-08-01
20135043,41472487,추천  컨디션  좋음  강일역 초역세권 고덕천 산책로,푸르지오플러스(031-795-9933)공인중개사사무소,매매,211,10,110.82,84.98,"150,000",0,0,2026-08-26
20135043,41435463,추천  컨디션  좋음  강일역 초역세권 고덕천 산책로,푸르지오플러스(031-795-9933)공인중개사사무소,매매,211,10,110.82,84.98,"150,000",0,0,2026-08-25
20135043,41463228,강일역 상일동역 도보10분 고덕천뷰 햇살 밝고 관리잘된집 주인거주,고덕씨앗부동산공인중개사사무소,매매,211,10,110.82,84.98,"150,000",0,0,2026-08-25
20135043,41418479,정상입주 강일역5분 제일앞동이라채광완전좋음 주인거주중,나이스공인중개사사무소,매매,211,10,110.82,84.98,"150,000",0,0,2026-08-24
20135043,41431594,입주매매 강일역역세권 고덕천 전망 로열동로열층 쾌적한집,조은동네부동산426-9800공인중개사사무소,매매,211,10,110.82,84.98,"150,000",0,0,2026-08-24
20135043,41358810,34 추천탁트인뷰 집상태최상 강일역세권 로얄동층 채광좋은집,고덕스카이공인중개사,매매,211,10,110.82,84.98,"150,000",0,0,2026-08-22
20135043,41290619,입주가능. 깔끔하게 관리된 예쁜 집. 강일역 도보권. 고덕천뷰,일등그라시움 부동산중개,매매,211,10,110.82,84.98,"150,000",0,0,2026-08-20
20135043,41487228,"강일역 5분거리, 고덕천 뷰전망, 채광좋고 깔끔, 주인거주 입주가능",고덕리더스공인중개사사무소,매매,211,중,110.82,84.98,"150,000",0,0,2026-08-15
20135043,41047719,입주가능. 깔끔하게 관리된 예쁜 집. 강일역 도보권. 고덕천뷰,일등그라시움 부동산중개,매매,211,10,110.82,84.98,"150,000",0,0,2026-08-13
20135043,40908866,"고덕천 뷰, 강일역 최근접동,주인거주로 깔끔합니다.",금강솔베뉴공인중개사,매매,211,10,110.82,84.98,"150,000",0,0,2026-08-08
20448617,41424214,"입주 3년차 민영APT,복층형,에어컨풀,단지내 사우나,초중인접",자이부자공인중개사사무소,전세,506,5,111.73,84.91,0,"89,000",0,2026-08-24
20448617,41339792,신축 민영 I 시스템 에어컨5대 I 중문 I 예쁜 정원 뷰,리버파크공인중개사사무소,매매,506,3,131.38,101.70,"180,000",0,0,2026-08-21
20448617,41339793,세안고 I 복층구조 I 에어컨5대 I 신축3년차 I 단지내커뮤니티 우수,리버파크공인중개사사무소,매매,506,5,111.73,84.91,"155,000",0,0,2026-08-21
20448617,41252285,"세끼고,28년1월 입주,입주3년차 민영,거실양창구조 개방감 짱,에어컨풀",자이부자공인중개사사무소,매매,502,16,110.20,84.89,"160,000",0,0,2026-08-19
20448617,41216696,신축 3년차 민영A I 40형 I 풀옵션 I 27년 12월 입주가,리버파크공인중개사사무소,매매,504,고,131.38,101.70,"170,000",0,0,2026-08-18
20448617,41195510,"입주 3년차 민영APT,복층형,에어컨풀,단지내 사우나,9호선 연장수혜",자이부자공인중개사사무소,매매,506,5,111.73,84.91,"160,000",0,0,2026-08-18
20448617,41093885,"최고의한강뷰 I 시에5대 I 선호타입 I 단지내사우나,헬스장 커뮤니티최고",리버파크공인중개사사무소,전세,505,고,110.20,84.89,0,"95,000",0,2026-08-14
20448617,41105800,복층구조 신축3년차 풀에어컨 9호선호재 입주협의,강동위드공인중개사사무소,매매,506,5,111.73,84.91,"160,000",0,0,2026-08-14
20448617,41093883,신축3년차 I 복층 I 시에5대 I 단지내사우나 등 커뮤니티최상,리버파크공인중개사사무소,전세,506,저,111.73,84.91,0,"83,000",0,2026-08-14
20448617,41070503,"단지 정원뷰,40형,시스템에어컨풀,중문,고강상권 앞,9호선 연장수혜단지",자이부자공인중개사사무소,매매,506,저,131.38,101.70,"180,000",0,0,2026-08-13
20448617,41070502,"입주 3년차 민영APT,복층형,에어컨풀,단지내 사우나,9호선 연장수혜",자이부자공인중개사사무소,매매,501,저,112.11,84.65,"150,000",0,0,2026-08-13
20448617,41012624,신축3년차 민영A I 복층형 I 시에4개 I 관리 잘된 세대,리버파크공인중개사사무소,매매,506,저,111.73,84.91,"160,000",0,0,2026-08-12
20448617,40720963,신축40형 I 풀옵션 I 선호타입 I 입주가능  I 단지내커뮤니티 우수,리버파크공인중개사사무소,매매,504,중,131.80,101.39,"170,000",0,0,2026-08-03
20448617,40583608,"40형,시스템에어컨5대,수납과 채광 좋아요",미사풍경채명인(795-3220)공인중개사사무소,매매,506,3,131.38,101.70,"180,000",0,0,2026-07-29
20448617,40526573,세안고 I 양창구조 I 인기타입 I 풀옵션 I 신축3년차 I 9호선호재,리버파크공인중개사사무소,매매,502,고,110.20,84.89,"170,000",0,0,2026-07-28
20448617,40526572,"에어컨5대 I 화이트리모델링 I 입주협의 I 단지내헬스장,사우나",리버파크공인중개사사무소,매매,501,중,109.23,84.73,"175,000",0,0,2026-07-28
20100761,41486350,확장 수리 편안한 조망 채광좋은 남향집 생활편리 조용한 로얄동중저층,THE 행복공인중개사사무소,매매,117,저,207.87,112.11,"220,000",0,0,2026-08-26
20100761,41490934,"로얄층,상태 깨끗합니다.",강남(롯데캐슬)단지내(02-441-2000)공인중개사사무소,매매,107,중,112.47,84.98,"195,000",0,0,2026-08-26
20100761,41492919,정남향  8호선  역세권  생활편리한  위치가 강점  주인거주 한강뷰,캐슬우리공인중개사사무소,매매,140,고,145.76,112.11,"230,000",0,0,2026-08-26
20100761,41484826,"남향에 로얄동층, 전망굿, 8호선 초역세권",캐슬현대428-0006공인중개사사무소,매매,140,고,207.87,112.11,"230,000",0,0,2026-08-26
20100761,41484629,최근 올특수리 확장  시스템에4  남향에 확터진 전망,캐슬현대428-0006공인중개사사무소,매매,115,중,0.00,102.34,"215,000",0,0,2026-08-26
20100761,41492918,입주 중앙 공원이  바로 앞  올확장    채광 좋은 집  주인거주,캐슬우리공인중개사사무소,매매,122,중,145.47,111.22,"220,000",0,0,2026-08-26
20100761,41484008,40 올확장 수리 뻥뷰 채광좋은 남향집 정상입주,THE 행복공인중개사사무소,매매,111,중,0.00,102.34,"217,000",0,0,2026-08-26
20100761,41492917,입주  명덕초 인접동   고층으로  채광과  개방감  아주  좋은 집,캐슬우리공인중개사사무소,매매,103,고,145.47,111.22,"220,000",0,0,2026-08-26
20100761,41469301,입주 실매물 .시원한 한강뷰. 층간소음 걱정없어요. 올수리,송파사랑공인중개사사무소,매매,129,31,87.41,59.99,"180,000",0,0,2026-08-25
20100761,41461731,"조망 좋은 로얄층 , 채광 풍부 , 정상입주",캐슬현대428-0006공인중개사사무소,매매,107,14,112.47,84.98,"195,000",0,0,2026-08-25
20100761,41449723,입주  최근 특인테리어  풀시스템에어컨  뻥쀼로  개방감 최고,캐슬우리공인중개사사무소,매매,115,중,132.81,102.34,"215,000",0,0,2026-08-25
20100761,41445120,확장형 조망권 개방감좋은집 입니다.,캐슬연세(441-8822)공인중개사사무소,월세,105,중,0.00,111.22,0,"88,000",80,2026-08-25
20100761,41449724,입주  정남향  확장 수리  탁 트인  뻥뷰  주인거주로  관리상태 우수,캐슬우리공인중개사사무소,매매,111,중,132.81,102.34,"217,000",0,0,2026-08-25
20100761,41458678,"주인의뢰,입주,확장된 8호선 역세권동입니다.",롯데캐슬가교공인중개사사무소,매매,123,중,87.41,59.99,"180,000",0,0,2026-08-25
20100761,41444401,44정상입주 올확장 선호동층 중앙공원동 주인거주 전망굿,롯데캐슬아침공인중개사사무소,매매,122,중,0.00,111.22,"220,000",0,0,2026-08-25
20100761,41470295,올확장.올수리.시스템에어컨,강남(롯데캐슬)단지내(02-441-2000)공인중개사사무소,매매,115,중,132.81,102.34,"215,000",0,0,2026-08-25
20100761,41470290,51P  거실뷰. 남향  수목조망.주인거주 관리잘된집,강남(롯데캐슬)단지내(02-441-2000)공인중개사사무소,매매,118,저,169.22,133.97,"220,000",0,0,2026-08-25
20100761,41443992,올수리 확장  정남향에 중앙동으로  조용하고 깨끗하고 밝은 집,캐슬현대428-0006공인중개사사무소,월세,112,중,0.00,112.11,0,"70,000",160,2026-08-25
20100761,41458677,"입주, 올확장, 선호동,전망 채광 모두 좋은 집입니다.",롯데캐슬가교공인중개사사무소,매매,120,고,87.41,59.99,"178,000",0,0,2026-08-25
20100761,41448825,8호선초역세동 한강조망권 막힘없이 뻥뷰 세안고,THE 행복공인중개사사무소,매매,123,고,87.41,59.99,"178,000",0,0,2026-08-25
20100761,41442838,중앙공원조망 산책로인접 5.8호선 더블역세 로얄동 로얄층 하시입주,THE 행복공인중개사사무소,매매,117,저,0.00,112.11,"212,000",0,0,2026-08-25
20100761,41449722,34 귀한  입주  인근 고덕산이 있어  산책하기 좋은 동  주인거주,캐슬우리공인중개사사무소,매매,107,중,112.47,84.98,"195,000",0,0,2026-08-25
20100761,41441580,40주.인.직.접 정상입주 확장 수리 정남향 위치굿 시원한조망 깔끔,롯데캐슬아침공인중개사사무소,매매,111,중,189.52,102.34,"217,000",0,0,2026-08-25
20100761,41448826,조망 채광좋은 남향집 8호선초역세동 정상입주,THE 행복공인중개사사무소,매매,140,고,145.76,112.11,"230,000",0,0,2026-08-25
20100761,41405017,입주  확장수리  선호동층으로  개방감 아주 좋아요  주인거주,캐슬우리공인중개사사무소,매매,120,고,87.41,59.99,"178,000",0,0,2026-08-24
20100761,41424351,최근특올수리 풀에 트인조망 명덕초인접,THE 행복공인중개사사무소,매매,105,중,145.47,111.22,"220,000",0,0,2026-08-24
20100761,41396518,확장수리. 관리잘되어 밝고 깔끔 입니다,캐슬연세(441-8822)공인중개사사무소,전세,137,고,207.09,111.22,0,"110,000",0,2026-08-24
20100761,41405019,입주  8호선 초역세권  올확장   빠른 입주도 가능,캐슬우리공인중개사사무소,매매,129,중,87.41,59.99,"177,000",0,0,2026-08-24
20100761,41415028,"올확장,  초등 인접동 , 터진 전망  관리굿",캐슬현대428-0006공인중개사사무소,전세,105,중,145.47,111.22,0,"105,000",0,2026-08-24
20100761,41396256,44단. 독. 매. 물 정상입주 특올수리  확장 전망굿 깨끗하게 관리된집,롯데캐슬아침공인중개사사무소,매매,103,중,0.00,111.22,"225,000",0,0,2026-08-24
20100761,41424350,8호선초역세동 한강조망권 막힘없이 뻥뷰,THE 행복공인중개사사무소,매매,128,중,145.47,111.22,"210,000",0,0,2026-08-24
20100761,41396021,최근풀수리 확장. 풀시에6. 전후면 밝고 개방감 좋은집 입니다.,캐슬연세(441-8822)공인중개사사무소,매매,105,중,207.09,111.22,"220,000",0,0,2026-08-24
20100761,41418119,"주인의뢰,특올수리,대형평수,귀한 입주, 로얄층 입니다.",롯데캐슬가교공인중개사사무소,매매,114,중,198.51,160.63,"280,000",0,0,2026-08-24
20100761,41423578,단독. 빠른입주 가능. 남향. 확장형. 채광 일조량 충만 입니다.,캐슬연세(441-8822)공인중개사사무소,전세,117,고,145.76,112.11,0,"115,000",0,2026-08-24
20100761,41402458,최근올수리.풀시스템에어컨 넓은동간거리 명덕초 인접동,강남(롯데캐슬)단지내(02-441-2000)공인중개사사무소,매매,105,중,145.47,111.22,"220,000",0,0,2026-08-24
20100761,41393782,40정상입주 정남향 특인테리어 시스템에어컨4대 탁트인조망,롯데캐슬아침공인중개사사무소,매매,115,중,0.00,102.34,"215,000",0,0,2026-08-24
20100761,41405018,입주  생활 편리한 앞동  올수리  분수조망과 수목조망이 아름다운 집,캐슬우리공인중개사사무소,매매,126,저,87.41,59.99,"178,000",0,0,2026-08-24
20100761,41392395,최근특인테리어 시에4 뻥뷰 로얄동 로얄층 조망채광 최상의 남향집,THE 행복공인중개사사무소,매매,115,중,0.00,102.34,"215,000",0,0,2026-08-24
20100761,41378506,강력추천합니다.냠향.8호선 암사역사공원역 초역세권.올확장.수리 중저층,강남(롯데캐슬)단지내(02-441-2000)공인중개사사무소,매매,134,저,169.22,133.97,"225,000",0,0,2026-08-22
20100761,41370282,"조망 채광 좋은 입주매물 ,  초등 인접동 ,  로얄동층 으로 교통 편리",캐슬현대428-0006공인중개사사무소,매매,103,고,145.47,111.22,"220,000",0,0,2026-08-22
20100761,41355788,남향 로얄층 한강전망 올확장특수리 선사역세권 빠른입주됩니다.,선사현대상가한양공인중개사사무소,매매,137,중,207.09,111.22,"250,000",0,0,2026-08-22
20100761,41358537,중앙분수조망 올수리 상가인접해 생활편리한 로얄동 로얄층 정상입주,THE 행복공인중개사사무소,매매,126,저,87.41,59.99,"178,000",0,0,2026-08-22
20100761,41384373,44. 개방감 조망권 찾는 매수분 추천 입니다.,캐슬연세(441-8822)공인중개사사무소,매매,103,고,145.47,111.22,"220,000",0,0,2026-08-22
20100761,41359273,남향  확장 중앙공원  가까운  위치  중저층  관리상태  깨끗,캐슬우리공인중개사사무소,매매,117,저,145.76,112.11,"220,000",0,0,2026-08-22
20100761,41357583,44주인의뢰 올확장 올수리  중저층 중앙공원인접 조용한동  밝은집,롯데캐슬아침공인중개사사무소,매매,117,저,145.76,112.11,"220,000",0,0,2026-08-22
20100761,41359272,상가 인접동  확장  남향으로 개방감과 채광 좋은 집,캐슬우리공인중개사사무소,매매,132,중,145.76,112.11,"215,000",0,0,2026-08-22
20100761,41380904,"주인의뢰.로얄동,로얄층,명덕초인접동,채광좋은집",암사박사공인중개사,매매,103,고,145.47,111.22,"220,000",0,0,2026-08-22
20100761,41354619,"주인 직접 , 확장 , 고층 트인뷰 , 빠른 입주",캐슬현대428-0006공인중개사사무소,전세,117,고,207.87,112.11,0,"115,000",0,2026-08-22
20100761,41367458,"정남향에 8호선 가깝고 대중교통,상가 이용 너무 좋은동입니다.",롯데캐슬가교공인중개사사무소,매매,140,고,145.76,112.11,"230,000",0,0,2026-08-22
20100761,41378507,,강남(롯데캐슬)단지내(02-441-2000)공인중개사사무소,전세,137,고,145.47,111.22,0,"110,000",0,2026-08-22
20100761,41381902,"올수리, 집상태 최상, 해잘들어요",솔베뉴공인중개사사무소,매매,117,저,145.76,112.11,"220,000",0,0,2026-08-22
20100761,41380905,"주인의뢰,하시입주,확장,로얄층,8호선인접동,",암사박사공인중개사,매매,129,중,87.41,59.99,"177,000",0,0,2026-08-22
20100761,41353596,단독 입주매물. 채광 개방감 좋은 선호동 확장수리된 남향집 입니다.,캐슬연세(441-8822)공인중개사사무소,매매,132,중,207.87,112.11,"215,000",0,0,2026-08-22
20100761,41353322,26정상매물 선호동층 올확장 생활편리동 전망좋고 밝은집,롯데캐슬아침공인중개사사무소,매매,120,고,0.00,59.99,"178,000",0,0,2026-08-22
20100761,41353204,44확장 선호동층 8호선인접 상가이용편리동 트인조망,롯데캐슬아침공인중개사사무소,전세,137,23,207.09,111.22,0,"110,000",0,2026-08-22
20100761,41352321,8호선초인접동 올확장 수목조망 채광좋은 남향집 정상입주,THE 행복공인중개사사무소,매매,136,저,243.44,133.97,"240,000",0,0,2026-08-22
20100761,41352285,올확장 올수리  조망 채광좋은 남향집 로얄동 로얄층,THE 행복공인중개사사무소,월세,112,중,0.00,112.11,"70,000","70,000",160,2026-08-22
20100761,41347190,"특올수리,남향,앞뒤 전망좋음",강남(롯데캐슬)단지내(02-441-2000)공인중개사사무소,매매,135,고,145.76,112.11,"230,000",0,0,2026-08-21
20100761,41313141,선호동. 올수리 입주 매물입니다.,캐슬연세(441-8822)공인중개사사무소,매매,126,중,0.00,59.99,"180,000",0,0,2026-08-21
20100761,41344743,최근  올수리로  깔끔한 분위기  탁 트인  시원한 뷰,캐슬우리공인중개사사무소,매매,124,중,87.41,59.99,"180,000",0,0,2026-08-21
20100761,41326454,강추 사계절 푸른 수목조망 대형평형 매수기회  정상입주,THE 행복공인중개사사무소,매매,118,저,169.22,133.97,"220,000",0,0,2026-08-21
20100761,41326453,중앙공원동 8호선인접 로얄동 로얄층 올확장 정상입주,THE 행복공인중개사사무소,매매,122,중,145.47,111.22,"220,000",0,0,2026-08-21
20100761,41337639,44입주매물 정남향 상가인접동 생활편리동  트인뷰,롯데캐슬아침공인중개사사무소,매매,132,중,145.76,112.11,"220,000",0,0,2026-08-21
20100761,41312365,"확장 수리 , 중저층으로  터진 수목 조망, 학세권, 더블역세권 ,세안고",캐슬현대428-0006공인중개사사무소,매매,107,저,0.00,84.98,"200,000",0,0,2026-08-21
20100761,41327199,최근풀수리 확장. 풀시에6. 전후면 밝고 개방감 좋은집 입니다.,캐슬연세(441-8822)공인중개사사무소,매매,105,중,145.47,111.22,"220,000",0,0,2026-08-21
20100761,41344741,입주  올 특 인테리어로  깔끔한 분위기  로얄동층   주인거주,캐슬우리공인중개사사무소,매매,126,중,87.41,59.99,"180,000",0,0,2026-08-21
20100761,41332194,주인의뢰 확장 깨끗하게 올수리된 예쁜집 초록뷰가 예뻐요.,롯데캐슬가교공인중개사사무소,월세,112,중,145.76,112.11,0,"70,000",160,2026-08-21
20100761,41324384, 트인뷰 햇살가득한 남향 올확장 입주협의,반도부동산,전세,137,고,145.47,111.22,0,"110,000",0,2026-08-21
20100761,41273386,5.8호선 더블역세권 중앙공원동 올확장 관리상태최상,THE 행복공인중개사사무소,전세,122,고,0.00,84.98,0,"98,000",0,2026-08-20
20100761,41286430,"확장 수리  ,  공원동으로  조망 좋을 로얄동층",캐슬현대428-0006공인중개사사무소,월세,127,저,112.52,84.98,0,"20,000",300,2026-08-20
20100761,41278076,8.8억 100만원 가능   명덕초  인근  올확장   개방감  최고,캐슬우리공인중개사사무소,전세,105,중,145.47,111.22,0,"105,000",0,2026-08-20
20100761,41272058,"로얄동층 , 전망 좋은 입주매물, 초등 인접동",캐슬현대428-0006공인중개사사무소,매매,103,고,207.09,111.22,"220,000",0,0,2026-08-20
20100761,41278075,"정남향  5,8호선  역세권   중앙공원동  인근  고층으로  햇살 가득",캐슬우리공인중개사사무소,전세,117,고,145.76,112.11,0,"115,000",0,2026-08-20
20100761,41276085,확장.최근 인테리어,강남(롯데캐슬)단지내(02-441-2000)공인중개사사무소,매매,124,중,87.41,59.99,"180,000",0,0,2026-08-20
20100761,41270769,,THE 행복공인중개사사무소,매매,107,중,0.00,84.98,"195,000",0,0,2026-08-20
20100761,41276084,로얄층.올확장.전망최고.채광우수,강남(롯데캐슬)단지내(02-441-2000)공인중개사사무소,매매,120,고,87.41,59.99,"178,000",0,0,2026-08-20
20100761,41268149,밝고 조망권 시원한 입주매물 입니다,캐슬연세(441-8822)공인중개사사무소,매매,107,중,0.00,84.98,"195,000",0,0,2026-08-20
20100761,41278077,8호선 역세권  생활 편리동  확장  탁 트인 개방감  우수,캐슬우리공인중개사사무소,전세,137,고,145.47,111.22,0,"110,000",0,2026-08-20
20100761,41284452,34융자무 깨끗 명일역인접 명덕초인접 주인거주 10월말,롯데캐슬아침공인중개사사무소,전세,101,저,112.47,84.98,0,"86,000",0,2026-08-20
20100761,41235369,"남향에 수목 조망 좋은 집 , 더블 역세권 , 관리굿",캐슬현대428-0006공인중개사사무소,매매,118,저,0.00,133.97,"220,000",0,0,2026-08-19
20100761,41232064,올확장.수리됨,강남(롯데캐슬)단지내(02-441-2000)공인중개사사무소,매매,134,중,169.22,133.97,"230,000",0,0,2026-08-19
20100761,41252147,중앙공원 산책로인접한 채광좋은 남향집 5.8호선 이용용이 조용한동 중저층,THE 행복공인중개사사무소,매매,117,저,145.76,112.11,"220,000",0,0,2026-08-19
20100761,41218458,올확장 중앙공원조망 산책로인접 5.8호선 더블역세 로얄동 로얄층,THE 행복공인중개사사무소,매매,128,중,207.09,111.22,"210,000",0,0,2026-08-19
20100761,41252739,단지 선호동 입니다.  교통.생활권 편리. 개방감 좋은 밝고 느낌 좋은집,캐슬연세(441-8822)공인중개사사무소,매매,132,중,145.76,112.11,"215,000",0,0,2026-08-19
20100761,41215923,인기동층 올확장 중앙공원동 추천매물 트인뷰,롯데캐슬아침공인중개사사무소,매매,128,중,207.09,111.22,"210,000",0,0,2026-08-19
20100761,41215686,확장형 채광 개방감좋은 밝고 깔끔 입니다.,캐슬연세(441-8822)공인중개사사무소,전세,105,중,0.00,111.22,0,"105,000",0,2026-08-19
20100761,41252146,5.8호선 더블역세권 명덕초인접동 확장 수리된집,THE 행복공인중개사사무소,매매,107,저,112.47,84.98,"200,000",0,0,2026-08-19
20100761,41226749,확장  중저층  숲세권과 학세권  전세안고 매매입니다.,캐슬우리공인중개사사무소,매매,107,저,112.47,84.98,"200,000",0,0,2026-08-19
20100761,41261386,44올확장 명덕초인접  전망좋고 밝은집,롯데캐슬아침공인중개사사무소,전세,105,중,145.47,111.22,0,"110,000",0,2026-08-19
20100761,41178296,34정상입주 선호층 깨끗하게 관리된집,롯데캐슬아침공인중개사사무소,매매,107,중,0.00,84.98,"195,000",0,0,2026-08-18
20100761,41178144,"올확장, 남향에 중저층으로 수목조망굿 , 8호선 초역세권",캐슬현대428-0006공인중개사사무소,매매,134,저,0.00,133.97,"225,000",0,0,2026-08-18
20100761,41195318,뻥뷰 5.8호선 더블역세권 상가인접 생활편리동 채광좋은 남향집,THE 행복공인중개사사무소,매매,132,중,145.76,112.11,"220,000",0,0,2026-08-18
20100761,41195319,최근특인테리어 풀시에 막힘없는 뻥뷰 채광좋은 남향집,THE 행복공인중개사사무소,매매,111,저,132.81,102.34,"220,000",0,0,2026-08-18
20100761,41176395,4룸. 남향집 확장수리됨. 교통. 생활동선 좋은집입니다.,캐슬연세(441-8822)공인중개사사무소,월세,112,중,0.00,112.11,0,"70,000",160,2026-08-18
20100761,41176256,입주매물. 확장형. 교통. 생활동선 좋아요.,캐슬연세(441-8822)공인중개사사무소,매매,129,중,120.65,59.99,"177,000",0,0,2026-08-18
20100761,41207014,"최근 인테리어 수리 , 8호선 초역세권,  트인뷰 입주",캐슬현대428-0006공인중개사사무소,매매,124,중,87.41,59.99,"180,000",0,0,2026-08-18
20100761,41183633,25.입주가능한 실매물.한강뷰 전망 좋아요. 올수리,송파사랑공인중개사사무소,매매,129,31,87.41,59.99,"180,000",0,0,2026-08-18
20100761,41226754,올수리된  남향   조용한  위치로  채광좋아 밝아 살기 좋은 집,캐슬우리공인중개사사무소,월세,112,중,145.76,112.11,0,"70,000",160,2026-08-18
20100761,41174707,25.입주가능한 실매물.한강뷰 전망 좋아요. 올수리,송파사랑공인중개사사무소,매매,129,31,120.65,59.99,"180,000",0,0,2026-08-18
20100761,41193962,"확장,중간층,즉시입주가능",홍익부동산공인중개사사무소,매매,129,중,87.41,59.99,"177,000",0,0,2026-08-18
20100761,41143517,5.8호선 더블역세권 명덕초인접동 뻥뷰 확장 수리된집,THE 행복공인중개사사무소,매매,107,저,112.47,84.98,"200,000",0,0,2026-08-15
20100761,41133107,5.8호선 초역세.  최.근. 풀수리 밝고 전후면 개방감 좋은집 입니다,캐슬연세(441-8822)공인중개사사무소,매매,124,중,120.65,59.99,"180,000",0,0,2026-08-15
20100761,41138625,26주.인.직.접 정상입주 올확장 로얄층 8호선인접 중앙공원인접 밝은집,롯데캐슬아침공인중개사사무소,매매,129,중,87.41,59.99,"177,000",0,0,2026-08-15
20100761,41132699,51단.독.매.물  입주 확장 수리 조망굿 주인거주 깔끔하게 관리잘된집,롯데캐슬아침공인중개사사무소,매매,134,중,243.44,133.97,"240,000",0,0,2026-08-15
20100761,41138624,올확장 정남향 융무 밝고 환한집 빠른입주가능,롯데캐슬아침공인중개사사무소,전세,117,고,145.76,112.11,0,"115,000",0,2026-08-15
20100761,41109267,"확장 , 정남향에  고층 트인뷰 , 조용한 중앙동으로 채광풍부",캐슬현대428-0006공인중개사사무소,전세,117,고,145.76,112.11,0,"115,000",0,2026-08-14
20100761,41093888,귀한 대형평수 잠재적가치 저평가 미래가치에 투자하세요,THE 행복공인중개사사무소,매매,114,중,198.51,160.63,"280,000",0,0,2026-08-14
20100761,41093886,로얄동 로얄층 뻥뷰 5.8호선 더블역세권 명덕초 명일역 인접,THE 행복공인중개사사무소,매매,103,고,145.47,111.22,"220,000",0,0,2026-08-14
20100761,41127316,5.8호선 초역세권 전후면 계절감과 개방감 모두 만족 입니다.,캐슬연세(441-8822)공인중개사사무소,매매,136,저,169.22,133.97,"240,000",0,0,2026-08-14
20100761,41088965,"확장,  중층 , 로얄동층, 8호선 인접동, 채광 전망 모두 좋아요",캐슬현대428-0006공인중개사사무소,매매,136,저,243.44,133.97,"240,000",0,0,2026-08-14
20100761,41105607,확장 수리된 정남향 채광 좋은집입니다.,롯데캐슬가교공인중개사사무소,매매,132,중,145.76,112.11,"215,000",0,0,2026-08-14
20100761,41109268,"올수리 확장,  남향 집,  중앙동 깨끗하고 밝은 집",캐슬현대428-0006공인중개사사무소,월세,112,중,145.76,112.11,0,"70,000",160,2026-08-14
20100761,41128921,"711 0599  채광 좋은 로얄동 , 입주협의 ＇단독",이안공인중개사사무소,매매,130,중,87.41,59.99,"175,000",0,0,2026-08-14
20100761,41127317,단지중앙공원안 생활동선 굿. 조망권 예쁜집 입니다,캐슬연세(441-8822)공인중개사사무소,매매,122,중,145.47,111.22,"220,000",0,0,2026-08-14
20100761,41093887,로얄동 로얄층 트인조망 올확장 햇살가득한 집 정상입주,THE 행복공인중개사사무소,매매,120,고,87.41,59.99,"178,000",0,0,2026-08-14
20100761,41105609,"입주,확장,올수리,상가 인접해서 생활이 편리한 동입니다.",롯데캐슬가교공인중개사사무소,매매,126,저,87.41,59.99,"178,000",0,0,2026-08-14
20100761,41072712,8호선초역세동 올확장 한강조망권 막힘없이 뻥뷰 정상입주,THE 행복공인중개사사무소,매매,129,중,87.41,59.99,"177,000",0,0,2026-08-13
20100761,41071843,입주   특인테리어  탁 트인 뻥뷰   주인거주,캐슬우리공인중개사사무소,매매,111,중,132.81,102.34,"220,000",0,0,2026-08-13
20100761,41038737,확장.공원동,강남(롯데캐슬)단지내(02-441-2000)공인중개사사무소,매매,128,중,145.47,111.22,"210,000",0,0,2026-08-13
20100761,41040283,44올확장 밝은올수리 정남향 위치굿 조망굿 깔끔 9억100가능,롯데캐슬아침공인중개사사무소,월세,112,중,0.00,112.11,0,"70,000",160,2026-08-13
20100761,41061824,"확장, 입주가능, 로얄동층",롯데캐슬가교공인중개사사무소,매매,129,중,87.41,59.99,"177,000",0,0,2026-08-13
20100761,41061822,"주인의뢰,올확장,입주 채광 좋은집입니다.",롯데캐슬가교공인중개사사무소,매매,124,고,87.41,59.99,"200,000",0,0,2026-08-13
20100761,41038736,상가 편리동.8호선역세권,강남(롯데캐슬)단지내(02-441-2000)공인중개사사무소,매매,140,고,145.76,112.11,"230,000",0,0,2026-08-13
20100761,41071841,입주  확장  특 수리된  남향  집  시원한 수목조망  주인거주,캐슬우리공인중개사사무소,매매,111,저,132.81,102.34,"220,000",0,0,2026-08-13
20100761,41061821,"귀한전세, 8호선 초역세권, 학군도 좋아요",롯데캐슬가교공인중개사사무소,전세,117,고,145.76,112.11,0,"115,000",0,2026-08-13
20100761,41046004,34판상형. 추천 매물. 중층 환한거실. 최고 로얄동,선사현대 대영공인중개사사무소,매매,138,저,113.00,84.81,"200,000",0,0,2026-08-12
20100761,41061826,특올수리 확장 선호 동 시야 좋은 라인 입주 가능합니다.,롯데캐슬가교공인중개사사무소,매매,102,저,113.00,84.81,"200,000",0,0,2026-08-12
20100761,41008494,"올확장,한강보이고 깔끔한집",건영명성공인중개사사무소,전세,139,24,0.00,84.81,0,"98,000",0,2026-08-12
20100761,41008302,올확장 수리 트인조망 채광좋은 남향집 관리상태깔끔 조용한 로얄동로얄층,THE 행복공인중개사사무소,매매,111,중,189.52,102.34,"220,000",0,0,2026-08-12
20100761,41061827,"빠른입주 가능, 중저층, 남향집입니다.",롯데캐슬가교공인중개사사무소,매매,117,저,145.76,112.11,"212,000",0,0,2026-08-12
20100761,41013420,명일역 최단거리동  특올수리  판상형구조  주인거주,캐슬우리공인중개사사무소,매매,102,저,113.00,84.81,"200,000",0,0,2026-08-12
20100761,41027242,꼭. 추천매물. 내집 만들기. 전후면 계절감 예쁜집 입니다.,캐슬연세(441-8822)공인중개사사무소,매매,118,저,169.22,133.97,"220,000",0,0,2026-08-12
20100761,41061825,"세안고,상가인접,생활이 편리한 동입니다.",롯데캐슬가교공인중개사사무소,매매,132,저,145.76,112.11,"205,000",0,0,2026-08-12
20100761,41038741,공원동.확장,강남(롯데캐슬)단지내(02-441-2000)공인중개사사무소,매매,122,중,145.47,111.22,"220,000",0,0,2026-08-12
20100761,40973427,34D. 입주 추천급매. 탁트인 전망. 일조굿,선사현대 대영공인중개사사무소,매매,138,저,0.00,84.81,"200,000",0,0,2026-08-11
20100761,40986180,"확장,  앞동에 터진 조망, 관리 잘된 입주매물",캐슬현대428-0006공인중개사사무소,매매,120,고,87.41,59.99,"178,000",0,0,2026-08-11
20100761,40993486,최근특인테리어 올확장 한강조망권  트인조망 채광좋은 남향집,THE 행복공인중개사사무소,매매,124,중,87.41,59.99,"180,000",0,0,2026-08-11
20100761,40988585,"로얄동,교통,상가 인접 확장된 뻥뷰가 인상적인 집입니다.",롯데캐슬가교공인중개사사무소,전세,137,고,145.47,111.22,0,"110,000",0,2026-08-11
20100761,40976686,"저평가된 대형평수,확장된 남향,로얄층",강남(롯데캐슬)단지내(02-441-2000)공인중개사사무소,매매,114,중,198.51,160.63,"280,000",0,0,2026-08-11
20100761,40971639,44정남향 8호선인접 강일중인접 상가인접  주인거주 한강뷰,롯데캐슬아침공인중개사사무소,매매,140,고,0.00,112.11,"230,000",0,0,2026-08-11
20100761,40971514,44주.인.직.접 정남향 8호선이용편리동 강일중인접 전망최고,롯데캐슬아침공인중개사사무소,매매,140,고,0.00,112.11,"220,000",0,0,2026-08-11
20100761,40970985,"중앙동 남향 , 관리동 인접동, 밝고 깨끗함 , 하시 입주",캐슬현대428-0006공인중개사사무소,매매,117,저,0.00,112.11,"212,000",0,0,2026-08-11
20100761,40970865,8호선초역세동 안정감있는 중저층 채광좋은 남향집 정상입주 관리상태최상,THE 행복공인중개사사무소,매매,134,저,0.00,133.97,"225,000",0,0,2026-08-11
20100761,40976685,"거실뷰 , 남향  , 확장,상태 좋습니다.",강남(롯데캐슬)단지내(02-441-2000)공인중개사사무소,매매,134,저,169.22,133.97,"230,000",0,0,2026-08-11
20100761,40994373,"남향,확장,8호선 초역세권,세안고",홍익부동산공인중개사사무소,매매,134,저,169.22,133.97,"230,000",0,0,2026-08-11
20100761,40988584,"5호선 인접동,10월말 입주가능,대출 없고 전망 시원한집입니다.",롯데캐슬가교공인중개사사무소,전세,101,저,112.47,84.98,0,"86,000",0,2026-08-11
20100761,40967749,세안고 매물. 역세. 학세. 숲세 입지 최강. 준비된 대단지 입니다.,캐슬연세(441-8822)공인중개사사무소,매매,132,저,207.87,112.11,"205,000",0,0,2026-08-11
20100761,40976684,정원뷰와 최근수리로 집이 밝고 쾌적합니다.,강남(롯데캐슬)단지내(02-441-2000)공인중개사사무소,매매,126,저,87.41,59.99,"178,000",0,0,2026-08-11
20100761,40937440,51 정남향 중저층 주인거주 예쁜정원조망,롯데캐슬아침공인중개사사무소,매매,118,저,169.22,133.97,"220,000",0,0,2026-08-10
20100761,40919749,44  정남향 관리동인접 공원인접 트인조망 하시입주,롯데캐슬아침공인중개사사무소,매매,117,저,0.00,112.11,"212,000",0,0,2026-08-10
20100761,40918670,최근특올수리 뻥뷰 로얄동 로얄층,THE 행복공인중개사사무소,매매,119,고,0.00,59.99,"185,000",0,0,2026-08-10
20100761,40944183,"주인의뢰,입주가능한집,초등학교 인접동 로얄층입니다.",롯데캐슬가교공인중개사사무소,매매,103,고,145.47,111.22,"220,000",0,0,2026-08-10
20100761,40939990,"확장 , 8호선 초역세권 , 입주정상",캐슬현대428-0006공인중개사사무소,매매,129,중,87.41,59.99,"177,000",0,0,2026-08-10
20100761,40944184,"주인의뢰,올확장,입주 채광 좋은집입니다.",롯데캐슬가교공인중개사사무소,전세,124,고,87.41,59.99,0,"85,000",0,2026-08-10
20100761,40944186,"유일한 남향동,로얄층 확장된 넓은집입니다.",롯데캐슬가교공인중개사사무소,전세,110,고,113.45,84.81,0,"90,000",0,2026-08-10
20100761,40902746,"8호선 초역세권,확장,정상입주",홍익부동산공인중개사사무소,매매,136,저,169.22,133.97,"250,000",0,0,2026-08-08
20100761,40897168,"입주, 층 좋고 넓은집을 누릴수 있는 최고의 기회입니다.",롯데캐슬가교공인중개사사무소,매매,118,저,169.22,133.97,"220,000",0,0,2026-08-08
20100761,40901805,51 추천 대형매수기회 앞뒤 눈높이 계절감 가득한 수목조망 정상입주,THE 행복공인중개사사무소,매매,118,저,169.22,133.97,"220,000",0,0,2026-08-08
20100761,40901804,올수리된 판상형 트인조망 정상입주 명일역 명덕초 인접동,THE 행복공인중개사사무소,매매,102,저,113.00,84.81,"200,000",0,0,2026-08-08
20100761,40880801,"공원동, 확장 , 로얄동층 , 세안고",캐슬현대428-0006공인중개사사무소,매매,128,중,0.00,111.22,"210,000",0,0,2026-08-08
20100761,40897167,"주인의뢰, 확장, 높은세안고 무주택자 매수 가능합니다.",롯데캐슬가교공인중개사사무소,매매,107,저,112.47,84.98,"200,000",0,0,2026-08-08
20100761,40868148,"특올수리 밝은톤, 확트인 시야",강남(롯데캐슬)단지내(02-441-2000)공인중개사사무소,매매,102,저,113.00,84.81,"200,000",0,0,2026-08-07
20100761,40839420,26단.독.매.물  정상입주 특올수리 로얄동층 주인거주 깔끔,롯데캐슬아침공인중개사사무소,매매,126,중,120.65,59.99,"180,000",0,0,2026-08-07
20100761,40855562,"풀시스템 에어컨,최근 올수리,채광 좋은집입니다.",롯데캐슬가교공인중개사사무소,매매,105,중,145.47,111.22,"220,000",0,0,2026-08-07
20100761,40844628,채광좋은 정남향집 관리동인접 넓은 동간격으로 트인조망,THE 행복공인중개사사무소,매매,117,저,145.76,112.11,"212,000",0,0,2026-08-07
20100761,40681707,"정남향집,상가 인접한 로얄동 로얄층 채광도 너무 좋아요.",롯데캐슬가교공인중개사사무소,매매,132,중,145.76,112.11,"220,000",0,0,2026-08-01
20100761,40667847,추.천. 단지중앙 남향집. 올수리 확장형 확인하세요.,캐슬연세(441-8822)공인중개사사무소,매매,117,저,145.76,112.11,"220,000",0,0,2026-08-01
20100761,40689733,"확장,전망굿,로얄층,정상입주",홍익부동산공인중개사사무소,전세,137,고,145.47,111.22,0,"110,000",0,2026-08-01
20100761,40672767,최근올수리.정원뷰.상가.지하쳘이용 편리함.,강남(롯데캐슬)단지내(02-441-2000)공인중개사사무소,매매,111,저,132.81,102.34,"220,000",0,0,2026-08-01
20100761,40681706,최근 특올수리된 남향동에 뷰가 너무 예쁜집입니다.,롯데캐슬가교공인중개사사무소,매매,111,중,132.81,102.34,"220,000",0,0,2026-08-01
20100761,40662498,8호선초역세동 한강조망권 막힘없이 뻥뷰 정상입주 관리상태최상,THE 행복공인중개사사무소,전세,137,23,207.09,111.22,0,"110,000",0,2026-08-01
20100761,40645371,"세안고, 확장형, 공원안의 집입니다",롯데캐슬가교공인중개사사무소,매매,128,중,145.47,111.22,"210,000",0,0,2026-07-31
20100761,40656083,올수리된  정남향  상가 가깝고  개방감과 채광 좋아  살기 좋은 집,캐슬우리공인중개사사무소,매매,131,저,132.81,102.34,"220,000",0,0,2026-07-31
20100761,40658264,확장.남향,강남(롯데캐슬)단지내(02-441-2000)공인중개사사무소,매매,132,중,145.76,112.11,"215,000",0,0,2026-07-31
20100761,40640854,,캐슬연세(441-8822)공인중개사사무소,매매,129,중,87.41,59.99,"177,000",0,0,2026-07-31
20100761,40645369,주인의뢰 올확장 수리 관리 잘된 집 입주 협의 가능합니다.,롯데캐슬가교공인중개사사무소,매매,117,저,145.76,112.11,"220,000",0,0,2026-07-31
20100761,40645372,확장 최근 인테리어 채광좋은 8호선 초역세권동입니다.,롯데캐슬가교공인중개사사무소,매매,124,중,87.41,59.99,"180,000",0,0,2026-07-31
20100761,40645373,"올수리, 입주가능, 정남향",솔베뉴공인중개사사무소,매매,111,저,132.81,102.34,"220,000",0,0,2026-07-31
20100761,40604392,확장 수리 정남향에 수목조망  좋은 집,캐슬현대428-0006공인중개사사무소,매매,111,저,132.81,102.34,"220,000",0,0,2026-07-30
20100761,40596039,상가 인접해  생활 편리한 로얄동층  남향으로 채광 좋은 집,캐슬우리공인중개사사무소,매매,132,중,145.76,112.11,"220,000",0,0,2026-07-30
20100761,40596038,중앙 공원이  바로 앞  올확장  로얄동층   트인 조망  좋아요,캐슬우리공인중개사사무소,매매,128,중,145.47,111.22,"210,000",0,0,2026-07-30
20100761,40577143,남향.올확장.올수리.세끼고,강남(롯데캐슬)단지내(02-441-2000)공인중개사사무소,매매,131,저,132.81,102.34,"220,000",0,0,2026-07-29
20100761,40554917,"확장 , 정남향에  터진 전망 정상입주",캐슬현대428-0006공인중개사사무소,매매,140,중,207.87,112.11,"230,000",0,0,2026-07-29
20100761,40554903,"확장 수리 , 단지 중앙동으로 조용한 남향집 ,  채광굿",캐슬현대428-0006공인중개사사무소,매매,117,저,0.00,112.11,"220,000",0,0,2026-07-29
20100761,40557081,60정상입주 올수리 확장 정남향 밝고 환한집,롯데캐슬아침공인중개사사무소,매매,114,중,198.51,160.63,"280,000",0,0,2026-07-29
20100761,40558007,"확장,8호선 초역세권,높은 전세안고 매매",홍익부동산공인중개사사무소,매매,134,저,169.22,133.97,"230,000",0,0,2026-07-29
20100761,40552550,단지중앙공원안 생활동선 굿. 조망권 예쁜집 입니다,캐슬연세(441-8822)공인중개사사무소,매매,122,중,0.00,111.22,"220,000",0,0,2026-07-29
20100761,40552505,4룸. 개방감 조망권 찾는 매수분 추천 입니다.,캐슬연세(441-8822)공인중개사사무소,매매,103,고,0.00,111.22,"220,000",0,0,2026-07-29
20100761,40577144,8호선 초역세권.확장,강남(롯데캐슬)단지내(02-441-2000)공인중개사사무소,매매,129,중,87.41,59.99,"177,000",0,0,2026-07-29
20100761,40577145,확장.하시입주,강남(롯데캐슬)단지내(02-441-2000)공인중개사사무소,전세,117,고,145.76,112.11,0,"115,000",0,2026-07-29
20100761,40515947,"확장 수리, 선호동, 트인 전망",캐슬현대428-0006공인중개사사무소,매매,131,저,0.00,102.34,"220,000",0,0,2026-07-28
20100761,40532860,"주인, 확장 화이트 특인테리어된 채광좋은 예쁜집입니다.",롯데캐슬가교공인중개사사무소,매매,111,저,132.81,102.34,"220,000",0,0,2026-07-28
20100761,40513562,올확장 특올수리 채광좋은 정남향,THE 행복공인중개사사무소,매매,131,저,0.00,102.34,"220,000",0,0,2026-07-28
20100761,40512802,공원을 안은 단지중앙동 남향집  확장수리된 추천 집 입니다.,캐슬연세(441-8822)공인중개사사무소,매매,117,저,0.00,112.11,"220,000",0,0,2026-07-28
20100761,40511393,추천 로얄동 로얄층 올확장 정상입주 뻥뷰,THE 행복공인중개사사무소,매매,120,고,120.65,59.99,"178,000",0,0,2026-07-28
20100761,40528474,26정상입주 인기동층 올확장 생활편리동 전망좋고 밝은집,롯데캐슬아침공인중개사사무소,매매,120,고,87.41,59.99,"178,000",0,0,2026-07-28
20100761,40504205,입주  51 대형 매수기회   중저층의  녹지 조망  우수 주인거주,캐슬우리공인중개사사무소,매매,118,저,169.22,133.97,"220,000",0,0,2026-07-27
20100761,40470551,로얄동 로얄층 확장 올수리 정상입주,THE 행복공인중개사사무소,매매,126,중,0.00,59.99,"180,000",0,0,2026-07-27
20100761,40469816,26입주매물 최근풀인테리어 8호선인접동 조망좋은집,롯데캐슬아침공인중개사사무소,매매,124,중,120.65,59.99,"180,000",0,0,2026-07-27
20100761,40484568,조망 채광 좋은집 명덕초인접동 정상입주,THE 행복공인중개사사무소,매매,103,고,145.47,111.22,"220,000",0,0,2026-07-27
20100761,40467175,8호선초역세동 올확장 한강조망권 막힘없이 뻥뷰 정상입주,THE 행복공인중개사사무소,매매,129,중,120.65,59.99,"177,000",0,0,2026-07-27
20100761,40504204,입주  남향 올확장  수리  주인거주,캐슬우리공인중개사사무소,매매,134,중,169.22,133.97,"240,000",0,0,2026-07-27
20100761,40504203,60  남향  확장수리   주인거주로  관리상태  좋아요,캐슬우리공인중개사사무소,매매,114,중,198.51,160.63,"280,000",0,0,2026-07-27
80329,41490936,남향의 따뜻한 채광과 시원하게 펼쳐지는 거실 전망.,강남(롯데캐슬)단지내(02-441-2000)공인중개사사무소,매매,103,저,111.87,84.98,"167,000",0,0,2026-08-26
80329,41486330,남향 앞뒤 트인뷰 좋은 초역세권 구조좋고학군좋은 채광좋은 밝은집,가나공인중개사사무소,매매,106,21,152.04,84.98,"171,000",0,0,2026-08-26
80329,41486321,남향 중저층 푸른정원뷰로 전망이 시원한 선동층 구조좋고 학군좋은 초역세권,가나공인중개사사무소,매매,103,6,152.04,84.98,"167,000",0,0,2026-08-26
80329,41470292,,강남(롯데캐슬)단지내(02-441-2000)공인중개사사무소,매매,109,고,84.09,59.97,"164,000",0,0,2026-08-25
80329,41470294,암사역사공원역.역세권,강남(롯데캐슬)단지내(02-441-2000)공인중개사사무소,매매,109,저,84.09,59.97,"154,000",0,0,2026-08-25
80329,41445159,확장 일부수리 조망예쁘고 구조좋고학군좋은 초역세권 세안고,가나공인중개사사무소,매매,101,저,112.44,59.97,"160,000",0,0,2026-08-25
80329,41445138,조망좋고 트인 선호동층 구조좋고학군좋은 초역세권,가나공인중개사사무소,매매,101,고,112.44,59.97,"160,000",0,0,2026-08-25
80329,41425014,조망좋고 트인 선호동층 구조좋고학군좋은 초역세권,가나공인중개사사무소,매매,101,고,84.09,59.97,"160,000",0,0,2026-08-24
80329,41425012,남향 앞뒤 트인뷰 좋은 초역세권 구조좋고 채광좋은 밝은집,가나공인중개사사무소,매매,106,고,111.87,84.98,"171,000",0,0,2026-08-24
80329,41425013,입주 최근올수리 폴딩도어 새집 뷰좋고 해잘드는집,가나공인중개사사무소,매매,109,저,84.09,59.97,"154,000",0,0,2026-08-24
80329,41354669,남향 앞뒤 트인뷰 좋은 선호동로얄층 초역세권 구조좋고 채광좋은 밝은집,가나공인중개사사무소,매매,108,12,195.72,114.07,"190,000",0,0,2026-08-22
80329,41354476,최근수리 폴딩도어 구조좋고 학군좋은 초역새권,가나공인중개사사무소,매매,109,저,112.44,59.97,"154,000",0,0,2026-08-22
80329,41334283,"HOT급매, 폴딩도어 올수리, 층간소음걱정NO, 밝고깨끗한 정원뷰 굿",신동엽 공인중개사사무소,매매,109,저,84.09,59.97,"154,000",0,0,2026-08-21
80329,41295498,남향 중저층 푸른정원뷰로 전망이 시원한 선동층 구조좋고 학군좋은 초역세권,가나공인중개사사무소,매매,103,6,111.87,84.98,"167,000",0,0,2026-08-20
80329,41295501,입주 최근올수리 폴딩도어 새집 뷰좋고 해잘드는집,가나공인중개사사무소,매매,109,저,84.09,59.97,"154,000",0,0,2026-08-20
80329,41122478,"남향,중저층,8호선역세권,명덕초,정상입주",암사박사공인중개사,매매,103,저,111.87,84.98,"167,000",0,0,2026-08-14
80329,41122479,"급매물,최근수리,폴딩도어,정상입주",암사박사공인중개사,매매,109,저,84.09,59.97,"154,000",0,0,2026-08-14
80329,41010446,남향에 판상형 구조  수목조망 채광 모두 좋은 집,캐슬현대428-0006공인중개사사무소,매매,103,저,152.04,84.98,"167,000",0,0,2026-08-12
80329,41045127,중저층 남향 푸른정원뷰로 전망이 시원한 선호동층 구조좋고학군좋은 초역세권,가나공인중개사사무소,매매,103,저,111.87,84.98,"167,000",0,0,2026-08-12
80329,40954903,남향 뒤베란다로 한강보이는 구조좋고학군좋은 초역세권,가나공인중개사사무소,매매,106,고,111.87,84.98,"171,000",0,0,2026-08-10
80329,40868150,남향.주인.기본,강남(롯데캐슬)단지내(02-441-2000)공인중개사사무소,매매,106,고,111.87,84.98,"171,000",0,0,2026-08-07
80329,40640243,추천 8호선 1초역세 한강조망권 채광좋은 남향집 정상입주,THE 행복공인중개사사무소,매매,106,고,111.87,84.98,"171,000",0,0,2026-07-31
80329,40552236,8호선초역세권  앞뒤 트인조망 정상입주,THE 행복공인중개사사무소,매매,101,고,0.00,59.97,"160,000",0,0,2026-07-29
80329,40515904,8호선초역세 로얄동 로얄층 정남향 입주급매,THE 행복공인중개사사무소,매매,106,고,0.00,84.98,"171,000",0,0,2026-07-28
80329,40536361,"최근 수리, 학군지, 8호선 초역세권",열매공인중개사사무소,매매,109,저,84.09,59.97,"154,000",0,0,2026-07-28
1620,41485801,"HOT급매, 입주, 전세가격에 내집마련Chance,역세권학세권",신동엽 공인중개사사무소,매매,1,3,156.19,84.88,"79,000",0,0,2026-08-26
1620,41397046,"초급매,공간넓고 교통망,입지조건좋은집,즉시입주",단지앞고금숙공인중개사사무소,매매,1,3,0.00,84.88,"79,000",0,0,2026-08-24
1620,41422639,"암사시장, 암사역, 저렴한매물,채광좋음",선사현대 골드공인중개사사무소,매매,1,3,153.52,84.88,"79,000",0,0,2026-08-24
1620,41422638, 한강이 가까이. 암사역세권,선사현대 골드공인중개사사무소,매매,1,중,108.34,59.90,"79,000",0,0,2026-08-24
1620,41383039,"HOT급매, 입주, 전세가격에 내집마련Chance",신동엽 공인중개사사무소,매매,1,3,153.52,84.88,"79,000",0,0,2026-08-22
1620,41362578,급매물 암사역세권 하시입주 방3 화2,부동산뱅크신세계공인중개사사무소,매매,1,3,153.52,84.88,"79,000",0,0,2026-08-22
1620,41383040,"focus추천, 신혼강추, 입주, 내집마련Chance,뻥뚫린 뷰",신동엽 공인중개사사무소,매매,1,중,108.34,59.90,"80,000",0,0,2026-08-22
1620,41383034,"HOT급매, 입주, 전세가격에 내집마련Chance, 편의시설 굿",신동엽 공인중개사사무소,매매,1,3,153.52,84.88,"79,000",0,0,2026-08-22
1620,41328505,"초급매,암사역세권,공간넓은살기좋은집,교통망편리,생활인프라굿",단지앞고금숙공인중개사사무소,매매,1,3,153.52,84.88,"79,000",0,0,2026-08-21
1620,41287270,"focus추천, 신혼부부 내집마련Chance 밝고깨끗",신동엽 공인중개사사무소,매매,1,9,108.34,59.90,"90,000",0,0,2026-08-20
1620,41268289,"급매신혼추천,트인뷰와환한느낌좋고,행복이넘치는집",단지앞고금숙공인중개사사무소,매매,1,9,110.22,59.90,"75,000",0,0,2026-08-20
1620,41259438,"HOT급매 전세가격에 내집마련Chance,새로운 주인을 찾고 있습니다",신동엽 공인중개사사무소,매매,1,저,153.52,84.88,"79,000",0,0,2026-08-19
1620,41177800,암사역세권 재래시장 생활이 편리함 전세금으로 내집마련 찬스,강동공인중개사사무소,매매,1,저,110.22,84.88,"79,000",0,0,2026-08-18
1620,41214911,전용좋은 저렴한아파트,고덕자이(441-0109)공인중개사사무소,매매,1,3,153.52,84.88,"79,000",0,0,2026-08-18
1620,41200622,34 초급매  상태굿 한강공원초등중등고등시장병원인접 암사역 가격협의추천물,선사아이파크428-2225공인중개사사무소,매매,1,3,156.19,84.88,"79,000",0,0,2026-08-18
1620,41234895,추천급매물 암사역세권 하시입주 방3 화2,부동산뱅크신세계공인중개사사무소,매매,1,3,153.52,84.88,"79,000",0,0,2026-08-18
1620,41091163,기본형,칠성공인중개사,매매,1,중,0.00,59.90,"85,000",0,0,2026-08-14
1620,41013894,33 급매 저렴한아파트 구조 예뻐요 각종 편의시설인접 조용한집 입주협의,선사아이파크428-2225공인중개사사무소,매매,1,3,153.52,84.88,"79,000",0,0,2026-08-12
1620,40969249,추천급매물 암사역세권 하시입주 방3 화2,부동산뱅크신세계공인중개사사무소,매매,1,3,156.19,84.88,"79,000",0,0,2026-08-11
1620,40798499,입주. 신혼추천급매. 환한거실. 느낌 좋은집,선사현대 대영공인중개사사무소,매매,1,중,110.22,59.90,"75,000",0,0,2026-08-06
1620,40796877,35. 급매 준저층 입주 협의,스타공인중개사사무소,매매,1,저,0.00,84.88,"79,000",0,0,2026-08-06
1620,40512327,"focus급매, 신혼부부 내집마련Chance 추천, 밝고깨끗",신동엽 공인중개사사무소,매매,1,9,110.22,59.90,"90,000",0,0,2026-07-28
1643,41125515,"HOT추천, 확장올수리 어린자녀 층간소음걱정NO, 예쁜정원뷰 밝고깨끗",신동엽 공인중개사사무소,매매,1,1,105.85,84.82,"122,000",0,0,2026-08-14
1643,40986900,"focus추천,입주, 확장수리 층간소음걱정NO, 예쁜정원뷰 밝고깨끗",신동엽 공인중개사사무소,매매,1,1,105.85,84.82,"122,000",0,0,2026-08-11
1622,41483452,"HOT추천, 정남향, 귀한전세, 확장수리, 밝고깨끗, 무융자",신동엽 공인중개사사무소,전세,104,중,148.14,84.79,0,"83,000",0,2026-08-26
1622,41439840,"특올수리,2세대거주가능,한강변,교통망,기타등,편의시설다수",단지앞고금숙공인중개사사무소,전세,103,저,274.73,157.24,0,"120,000",0,2026-08-25
1622,41311872,"HOT급매, 남향, 최근특올수리, 내집마련Chance 상태최상",신동엽 공인중개사사무소,매매,104,저,148.14,84.79,"160,000",0,0,2026-08-21
1622,41267106,"특올수리,확장,환상적인한강뷰영구조망,추천매물",단지앞고금숙공인중개사사무소,전세,104,중,200.70,114.87,0,"100,000",0,2026-08-20
1622,41486707,"33.샷시포함 특올수리, 환한 남향, 로얄층, 입주추천",선사현대크로바부동산공인중개사사무소,매매,104,중,200.70,114.87,"180,000",0,0,2026-08-26
1622,41486705,"33.전체특올수리,확장,남향,조용한안쪽동트인조망,정상입주",선사현대크로바부동산공인중개사사무소,매매,104,저,148.14,84.79,"160,000",0,0,2026-08-26
1622,41481334,밝은 남향 로얄층 올수리되어 깨끗함 입주협의,한강부동산공인중개사사무소,전세,104,고,200.70,114.87,0,"98,000",0,2026-08-26
1622,41481313,"저렴한전세,대출없는집,밝은남향,11월입주",한강부동산공인중개사사무소,전세,103,저,148.30,84.88,0,"80,000",0,2026-08-26
1622,41489764,추천매매  최근 특A올수리 샷시포함  로얄층 한강뷰 입주,부동산뱅크신세계공인중개사사무소,매매,103,중,110.02,84.93,"164,000",0,0,2026-08-26
1622,41453495,추천매매 확장특올수리 남향 입주 중층,부동산뱅크신세계공인중개사사무소,매매,104,저,109.85,84.79,"160,000",0,0,2026-08-25
1622,41445657,"특올수리,남향,2중샷시교체,주방한강뷰,행복이넘치는이쁜집,추천매물",단지앞고금숙공인중개사사무소,매매,101,중,148.14,84.79,"169,000",0,0,2026-08-25
1622,41443849,33. 앞이 트여있음. 기본 . 저렴한매물. 채광좋아요,선사현대 골드공인중개사사무소,전세,103,저,0.00,84.88,0,"80,000",0,2026-08-25
1622,41443680,33. 확장. 특올수리 0 중간층 남향 0 조용한 안쪽 동 0,(TOP)선사현대공인중개사사무소,매매,104,저,148.14,84.79,"160,000","75,000",0,2026-08-25
1622,41443518,"무융자,기본,공간넓고 살기좋은판상형,귀한전세매물,",단지앞고금숙공인중개사사무소,전세,103,저,148.30,84.88,0,"80,000",0,2026-08-25
1622,41439430,"특올수리,방5 화장실2 넓은집,대출무,입주협의",한강부동산공인중개사사무소,전세,103,저,274.73,157.24,0,"120,000",0,2026-08-25
1622,41436678,"올 특수리된 집,정남향 로얄층,협의입주",한강부동산공인중개사사무소,매매,101,중,148.14,84.79,"169,000",0,0,2026-08-25
1622,41415800,"hot추천,  최근특올수리, 아름다운 아차산한강뷰, 엘베단독사용",신동엽 공인중개사사무소,매매,104,저,148.82,114.87,"200,000",0,0,2026-08-24
1622,41395094,"45, 계단식 남향. 채광통풍 우수. 밝고 쾌적한 집",솔로몬공인중개사사무소,매매,104,중,200.70,114.87,"180,000",0,0,2026-08-24
1622,41393114,33. 저가 전세 추천 0 남향 중저층 0 입주일 협의,(TOP)선사현대공인중개사사무소,전세,103,저,148.30,84.88,"160,000","80,000",0,2026-08-24
1622,41415799,"HOT추천, 계단식,중저층, 특올수리, 내집마련Chance, 밝고깨끗",신동엽 공인중개사사무소,매매,102,저,77.33,59.69,"155,000",0,0,2026-08-24
1622,41391714,"환상적인한강풀조망과그림같은아차산뷰,로얄층,입주매물",단지앞고금숙공인중개사사무소,매매,104,중,200.70,114.87,"200,000",0,0,2026-08-24
1622,41355816,"부분수리,주방,작은방한강뷰,채광좋은판상형집,무융자",단지앞고금숙공인중개사사무소,전세,104,고,200.70,114.87,0,"95,000",0,2026-08-22
1622,41383037,"HOT추천, 남향, 착한전세, 부분수리, 밝고깨끗,무융자",신동엽 공인중개사사무소,전세,104,중,109.85,84.79,0,"83,000",0,2026-08-22
1622,41383036,"focus추천, 최근특올수리, 3bay멋진 한강뷰, 밝고깨끗",신동엽 공인중개사사무소,매매,102,중,77.33,59.69,"165,000",0,0,2026-08-22
1622,41374592,33 추천전세. 남향. 준중층. 환한거실. 느낌 좋은집,선사현대 대영공인중개사사무소,전세,103,저,109.96,84.88,0,"80,000",0,2026-08-22
1622,41352476,33. 남향 준중층 계단식 구조 부분수리 융무,스타공인중개사사무소,전세,103,저,148.14,84.88,0,"80,000",0,2026-08-22
1622,41383038,"45 focus추천, 입주, 3bay옛수리, 사계절 환상적인 한강 뷰",신동엽 공인중개사사무소,매매,104,고,148.82,114.87,"215,000",0,0,2026-08-22
1622,41314078,33. 거실 확장 수리. 채광좋은 남향. 중저층.,선사현대 골드공인중개사사무소,매매,104,저,148.14,84.79,"160,000",0,0,2026-08-21
1622,41314075,61. 2세대 살기좋음. 확장올수리.  초록조망.,선사현대 골드공인중개사사무소,전세,103,저,274.73,157.24,0,"120,000",0,2026-08-21
1622,41332268,정남향  준로얄 완전특올수리 확장 샤시까지,강동공인중개사사무소,매매,104,저,109.85,84.79,"160,000",0,0,2026-08-21
1622,41330639,45 남향 고층 전망굿 융자없은잡 판상형 구조좋고 전망예쁜집 입주협의,선사아이파크428-2225공인중개사사무소,전세,104,고,148.82,114.87,0,"95,000",0,2026-08-21
1622,41330640,33 남향 판상형 융자없음 입주협의,선사아이파크428-2225공인중개사사무소,전세,103,저,109.96,84.88,0,"80,000",0,2026-08-21
1622,41328808,올리모델링 조용하고 살기좋은 아파트 입주협의 방5 화2,고덕거성공인중개사사무소,매매,103,2,203.70,157.24,"250,000",0,0,2026-08-21
1622,41348566,추천매매  최근 특A올수리 샷시포함  로얄층 한강뷰 입주,부동산뱅크신세계공인중개사사무소,매매,103,중,110.02,84.93,"164,000",0,0,2026-08-21
1622,41311857,"focus추천, 정남향, 확장수리, 밝고깨끗, 보증금월세조율가",신동엽 공인중개사사무소,월세,104,중,148.14,84.79,0,"50,000",135,2026-08-21
1622,41311847,"HOT추천, 착한전세, 부분수리, 밝고깨끗, 무융자",신동엽 공인중개사사무소,전세,101,저,148.14,84.79,0,"80,000",0,2026-08-21
1622,41310849,"한강뷰,특올수리된 확장된집,빠른입주가능 로얄층",한강부동산공인중개사사무소,월세,104,중,200.70,114.87,0,"20,000",320,2026-08-21
1622,41287271,"HOT급매, 특올수리,3bay파노라마뷰, 내집마련Chance,세안고",신동엽 공인중개사사무소,매매,102,고,77.33,59.69,"149,000",0,0,2026-08-20
1622,41287272,"HOT추천, 정남향, 확장수리, 밝고깨끗한집",신동엽 공인중개사사무소,전세,104,중,109.85,84.79,0,"83,000",0,2026-08-20
1622,41270408,"HOT추천, 남향, 특수리, 뻥뚫린 뷰 밝고깨끗,내집마련Chance",신동엽 공인중개사사무소,매매,103,중,148.30,84.88,"165,000",0,0,2026-08-20
1622,41275138,추천전세 남향 준저층 암사역세권 일조권최상,부동산뱅크신세계공인중개사사무소,전세,103,저,109.96,84.88,0,"80,000",0,2026-08-20
1622,41215934,"HOT급매,특올수리 상태최상,내집마련Chance 작은방한강뷰조망 굿",신동엽 공인중개사사무소,매매,101,중,148.14,84.79,"169,000",0,0,2026-08-19
1622,41212215,"트인뷰와 채광좋은이쁜집,추천best",단지앞고금숙공인중개사사무소,매매,104,중,200.70,114.87,"180,000",0,0,2026-08-19
1622,41259440,"HOT추천, 귀한전세, 확장수리, 밝고깨끗, 무융자",신동엽 공인중개사사무소,전세,101,저,109.85,84.79,0,"80,000",0,2026-08-19
1622,41177042,"61 focus추천, 방5욕실2, 특올수리, 2세대거주 안성맞춤 정원뷰",신동엽 공인중개사사무소,전세,103,저,274.73,157.24,0,"120,000",0,2026-08-18
1622,41174557,특올수리 확뜨인 남향 채광좋구 로얄층 입니다.,선사현대상가월드공인중개사사무소,매매,101,중,148.14,84.79,"169,000",0,0,2026-08-18
1622,41174478,45. 남향 최고로얄층 올수리 앞뒤 트인 뷰,스타공인중개사사무소,전세,104,고,0.00,114.87,0,"98,000",0,2026-08-18
1622,41205662,"HOT추천 입주, 최근특올수리, 내집마련Chance 손볼곳없이 깨끗",신동엽 공인중개사사무소,매매,104,저,109.85,84.79,"160,000",0,0,2026-08-18
1622,41139873,"focus추천, 남향, 확장수리, 밝고깨끗,보증금월세조율가",신동엽 공인중개사사무소,월세,104,중,109.85,84.79,0,"50,000",135,2026-08-15
1622,41139874,"hot급매, 중저층,정남향, 최근특올수리, 내집마련Chance, 밝고깨끗",신동엽 공인중개사사무소,매매,104,저,109.85,84.79,"160,000",0,0,2026-08-15
1622,41139875,"hot추천, 정남향, 확장수리, 밝고깨끗, 무융자, 보증금일부월세조율가",신동엽 공인중개사사무소,전세,104,중,109.85,84.79,0,"83,000",0,2026-08-15
1622,41125522,"HOT추천, 입주,최근특올수리 상태최상, 중간방한강뷰,내집마련기회",신동엽 공인중개사사무소,매매,101,중,109.85,84.79,"169,000",0,0,2026-08-14
1622,41125520,"HOT추천, 정남향, 확장수리, 밝고깨끗, 보증금월세조율가",신동엽 공인중개사사무소,월세,104,중,109.85,84.79,0,"50,000",135,2026-08-14
1622,41085980,강추 남향 특올수리 가족을 품어주는 아늑하고 행복이 숨쉬는 에쁜집,선사현대(02-3013-2267)공인중개사사무소,매매,101,중,148.14,84.79,"169,000",0,0,2026-08-14
1622,41078831,"hot추천, 귀한전세 부분수리 밝고깨끗, 무융자",신동엽 공인중개사사무소,전세,101,저,109.85,84.79,0,"80,000",0,2026-08-13
1622,41046977,45.환상적인 한강조망. 로얄층. 특올수리,선사현대 골드공인중개사사무소,월세,104,중,200.70,114.87,0,"20,000",320,2026-08-13
1622,41045812,추천매매 확장특올수리 남향 입주 중층,부동산뱅크신세계공인중개사사무소,매매,104,저,148.14,84.79,"160,000",0,0,2026-08-13
1622,41073778,"33.  확장, 특올수리 0 남향 중층 0 입주 급매 추천",(TOP)선사현대공인중개사사무소,매매,104,저,109.85,84.79,"160,000",0,0,2026-08-13
1622,41029826,"HOT추천, 남향, 최근특올수리, 상태최상",신동엽 공인중개사사무소,매매,104,저,109.85,84.79,"160,000",0,0,2026-08-13
1622,41029837,"focus추천, 남향, 확장수리, 밝고깨끗,보증금월세조율가",신동엽 공인중개사사무소,월세,104,중,109.85,84.79,0,"60,000",100,2026-08-12
1622,41029834,"hot추천, 귀한전세, 예전확장수리, 밝고깨끗, 무융자",신동엽 공인중개사사무소,전세,101,저,109.85,84.79,0,"80,000",0,2026-08-12
1622,41029827,"focus추천, 남향, 확장수리, 밝고깨끗, 무융자",신동엽 공인중개사사무소,월세,104,중,109.85,84.79,0,"50,000",135,2026-08-12
1622,41029835,"hot급매, 중저층,정남향, 최근특올수리, 내집마련Chance, 밝고깨끗",신동엽 공인중개사사무소,매매,104,저,109.85,84.79,"160,000",0,0,2026-08-12
1622,41029829,"focus추천, 방5욕실2,특올수리,2세거주 안성맞춤,정원뷰",신동엽 공인중개사사무소,전세,103,저,203.70,157.24,0,"120,000",0,2026-08-12
1622,40991530,"환상적인한강과그림같은아차산전경,추천매물",단지앞고금숙공인중개사사무소,매매,104,중,148.82,114.87,"200,000",0,0,2026-08-11
1622,40970975,추천매매  최근 특A올수리 샷시포함  로얄층 한강뷰 입주,부동산뱅크신세계공인중개사사무소,매매,103,중,148.39,84.93,"165,000",0,0,2026-08-11
1622,40992003,61. 2세대 살기좋음. 확장올수리.  초록조망.,선사현대 골드공인중개사사무소,전세,103,저,203.70,157.24,0,"120,000",0,2026-08-11
1622,40986905,"HOT추천, 남향, 뻥뚫린뷰 특올수리, 밝고깨끗, 입주",신동엽 공인중개사사무소,매매,103,중,109.96,84.88,"165,000",0,0,2026-08-11
1622,40922448,45. 환상적인 한강조망. 특올수리. 로얄층,선사현대 골드공인중개사사무소,전세,104,중,200.70,114.87,0,"100,000",0,2026-08-10
1622,40922445,"33. 확장 특올수리. 최로얄층. 작은방,주방 한강조망.",선사현대 골드공인중개사사무소,매매,101,중,0.00,84.79,"169,000",0,0,2026-08-10
1622,40940150,강추 남향  특올수리  가족을  품어주는 아늑하고 행복이  숨쉬는 예쁜집,선사현대(02-3013-2267)공인중개사사무소,매매,101,중,109.85,84.79,"169,000",0,0,2026-08-10
1622,40919887,"33, 중층. 남향. 확장 특수리. 초록뷰 힐링되는 집",솔로몬공인중개사사무소,매매,104,저,148.14,84.79,"160,000",0,0,2026-08-10
1622,40917975,"45 focus추천, 입주, 옛올수리, 4계절 환상적인 한강 뷰",신동엽 공인중개사사무소,매매,104,고,200.70,114.87,"215,000",0,0,2026-08-10
1622,40917677,45. 환상적인 한강조망. 깔끔.  입주,선사현대 골드공인중개사사무소,매매,104,중,200.70,114.87,"200,000",0,0,2026-08-10
1622,40940795,"45 hot추천, 정남향, 최근특올수리, 밝고깨끗, 주인거주",신동엽 공인중개사사무소,매매,104,중,148.82,114.87,"190,000",0,0,2026-08-10
1622,40895325,올수리 정남향 가격좋은 추천매물,칠성공인중개사,매매,104,저,109.85,84.79,"160,000",0,0,2026-08-08
1622,40895419,"HOT급매,  입주, 최근 특올수리, 내집마련Chance",신동엽 공인중개사사무소,매매,104,저,109.85,84.79,"160,000",0,0,2026-08-08
1622,40842314,45. 최고로얄층. 부분수리. 채광아주좋음,선사현대 골드공인중개사사무소,전세,104,고,200.70,114.87,0,"95,000",0,2026-08-07
1622,40873182,"HOT추천, 특올수리, 작은방 한강뷰, 상태최상, 입주",신동엽 공인중개사사무소,매매,101,중,109.85,84.79,"169,000",0,0,2026-08-07
1622,40839334,남향에 시원하고 넓은 추천매물입니다,칠성공인중개사,매매,104,중,200.70,114.87,"180,000",0,0,2026-08-07
1622,40873186,"HOT추천, 방5욕실2, 최근특올수리, 밝고깨끗한 정원뷰",신동엽 공인중개사사무소,전세,103,저,203.70,157.24,0,"120,000",0,2026-08-07
1622,40832188,"45 hot추천, 입주, 확장수리, 4계절 아름다운 한강조망 굿",신동엽 공인중개사사무소,매매,104,중,148.82,114.87,"200,000",0,0,2026-08-06
1622,40832190,"hot추천, 정남향, 특올수리, 뻥뚫린 뷰 밝고깨끗,리모델링추진중임",신동엽 공인중개사사무소,매매,103,중,109.96,84.88,"165,000",0,0,2026-08-06
1622,40803902,"채광굿,주인거주,살고싶은이쁜집",단지앞고금숙공인중개사사무소,매매,104,중,148.82,114.87,"180,000",0,0,2026-08-06
1622,40803905,"한강뷰,로얄층",단지앞고금숙공인중개사사무소,매매,104,중,148.82,114.87,"200,000",0,0,2026-08-06
1622,40832189,"focus추천, 탁트인 아차산뷰, 밝고깨끗, 엘베단독세대 굿",신동엽 공인중개사사무소,매매,104,저,148.82,114.87,"195,000",0,0,2026-08-06
1622,40803904,"한강뷰와그림같은아차산뷰,트인멋진집",단지앞고금숙공인중개사사무소,월세,104,중,148.82,114.87,0,"50,000",200,2026-08-06
1622,40803903,"특올수리,2세대거주가능,추천매물",단지앞고금숙공인중개사사무소,전세,103,저,203.70,157.24,0,"120,000",0,2026-08-06
1622,40818228,환상적인 한강조망. 로얄층. 특올수리,선사현대 골드공인중개사사무소,전세,104,중,148.82,114.87,0,"100,000",0,2026-08-06
1622,40803906,"특올수리,멋진한강뷰",단지앞고금숙공인중개사사무소,전세,104,중,148.82,114.87,0,"100,000",0,2026-08-06
1622,40608274,45 수려한한강뷰 한강공원산책가 주차장엘베연결 빠른입주가능 올수리,선사아이파크428-2225공인중개사사무소,월세,104,중,148.82,114.87,0,"50,000",200,2026-07-30
1622,40605048,"HOT추천, 남향, 내집마련Chance, 최근특올수리, 멋진뷰 굿",신동엽 공인중개사사무소,매매,101,중,109.85,84.79,"169,000",0,0,2026-07-30
1622,40555319,"특특올수리,환상적인한강뷰,붙박이장,공간넓고 살고싶은이쁜집",단지앞고금숙공인중개사사무소,월세,104,중,0.00,114.87,0,"20,000",320,2026-07-29
1622,40566735,주인의뢰 올 리모델링 수리된 대형 평형 귀한 전세입니다.,롯데캐슬가교공인중개사사무소,전세,103,저,203.70,157.24,0,"120,000",0,2026-07-29
1622,40578185,올리모델링 조용하고 살기좋은 아파트 입주협의 방5 화2,고덕거성공인중개사사무소,전세,103,2,203.70,157.24,0,"120,000",0,2026-07-29
1622,40531019,,칠성공인중개사,매매,104,저,148.82,114.87,"195,000",0,0,2026-07-28
1622,40513665,"45 focus추천, 남향, 최근특올수리, 내집마련Chance",신동엽 공인중개사사무소,매매,104,중,200.70,114.87,"190,000",0,0,2026-07-28
1622,40512821,45추천매물. 특올수리. 추천매물. 남향. 로얄,선사현대 대영공인중개사사무소,매매,104,중,200.70,114.87,"180,000",0,0,2026-07-28
1623,41487086,양방향 한강조망 최고 특올수리 각방 에어컨 설치되여 시원합니다.,선사현대상가월드공인중개사사무소,매매,112,고,95.10,59.64,"168,000",0,0,2026-08-26
1623,41487073,최고의 한가뷰 야경이 아주예뻐요,칠성공인중개사,매매,109,고,0.00,83.18,"215,000",0,0,2026-08-26
1623,41486727,"24.초급매추천,세안고,로얄라인,거실넓은구조,신혼강추",선사현대크로바부동산공인중개사사무소,매매,103,저,93.57,58.68,"153,000",0,0,2026-08-26
1623,41486719,"24.한강조망,부분수리,초역세권인기동,최고로얄층",선사현대크로바부동산공인중개사사무소,매매,101,고,95.10,59.64,"175,000",0,0,2026-08-26
1623,41486712,"34.급매입주,거실확장 특올수리,남동향 중층,트인조망",선사현대크로바부동산공인중개사사무소,매매,113,저,132.64,83.18,"186,000",0,0,2026-08-26
1623,41486711,"34.거실확장 올수리, 한강조망, 정남향 일조권굿, 입주협의",선사현대크로바부동산공인중개사사무소,매매,110,중,133.42,83.67,"200,000",0,0,2026-08-26
1623,41486706,"24B.급매 입주 매물, 개방감좋은구조",선사현대크로바부동산공인중개사사무소,매매,102,저,93.57,58.68,"143,000",0,0,2026-08-26
1623,41486703,"24.올수리,밝게트인조망,거실넓은구조,신혼추천",선사현대크로바부동산공인중개사사무소,매매,102,중,93.57,58.68,"158,000",0,0,2026-08-26
1623,41486701,"34.특올수리, 남동향, 정원조망, 아이들키우기좋은집",선사현대크로바부동산공인중개사사무소,매매,105,저,132.26,82.94,"165,000",0,0,2026-08-26
1623,41486699,"34.거실확장수리,한강조망,정남향,일조권굿,최로얄층",선사현대크로바부동산공인중개사사무소,매매,111,고,133.42,83.67,"200,000",0,0,2026-08-26
1623,41486696,"30.남향 최고로얄층, 수리깔끔, 채광굿, 입주강추",선사현대크로바부동산공인중개사사무소,매매,103,고,116.18,72.85,"168,000",0,0,2026-08-26
1623,41486692,"24.샷시포함 거실확장 특올수리, 역가까운동, 신혼강추",선사현대크로바부동산공인중개사사무소,매매,102,저,93.57,58.68,"162,000",0,0,2026-08-26
1623,41486690,"34.추천, 남동중층, 수리깔끔, 앞트인 환한 조망",선사현대크로바부동산공인중개사사무소,매매,115,저,132.64,83.18,"180,000",0,0,2026-08-26
1623,41486685,"30.최로얄남동향,부분수리깔끔,탁트인조망,입주추천",선사현대크로바부동산공인중개사사무소,매매,110,고,116.18,72.85,"166,000",0,0,2026-08-26
1623,41486682,"30.급매, 남서향 트인뷰, 부분수리, 일조권최상",선사현대크로바부동산공인중개사사무소,매매,104,중,116.18,72.85,"164,000",0,0,2026-08-26
1623,41486605,"초급매,2룸,공간넓은이쁜정원초록뷰,세안고,채광좋음",단지앞고금숙공인중개사사무소,매매,102,저,0.00,58.68,"143,000",0,0,2026-08-26
1623,41486583,34 판상형. 남향 로얄. 확장수리. 주인거주 내부상태굿,선사현대 대영공인중개사사무소,매매,110,중,133.42,83.67,"200,000","15,000",140,2026-08-26
1623,41486555,"특올수리,로얄층,일조권최고남향, 선사초학군",단지앞고금숙공인중개사사무소,매매,103,고,116.18,72.85,"168,000",0,0,2026-08-26
1623,41486543,"한강조망권,특올수리,시스템에어컨4대,최로얄층,샷시교체",단지앞고금숙공인중개사사무소,매매,112,고,95.10,59.64,"168,000",0,0,2026-08-26
1623,41486026,특올수리 입주가능 추천매물,칠성공인중개사,매매,105,저,132.64,82.94,"166,500",0,0,2026-08-26
1623,41484889,한강전망 남서향 로얄층 수리 빠른입주됩니다.,선사현대상가한양공인중개사사무소,매매,112,중,95.10,59.64,"165,000",0,0,2026-08-26
1623,41484721,30. 정남향 트리뷰 부분수리 준저층,스타공인중개사사무소,매매,103,저,0.00,72.85,"165,000",0,0,2026-08-26
1623,41484604,"34, 중층. 귀한전세. 남향. 계단식구조. 일부수리 깨끗",솔로몬공인중개사사무소,전세,111,저,0.00,83.67,0,"85,000",0,2026-08-26
1623,41489763,추천반전세  올수리 남향 신혼부부추천 로얄층,부동산뱅크신세계공인중개사사무소,월세,102,중,81.61,59.64,0,"53,000",55,2026-08-26
1623,41484290,강추 남향 올수리 행복한 설렘이 가득한 가족을 품어주는 집,선사현대(02-3013-2267)공인중개사사무소,월세,102,중,0.00,59.64,0,"53,000",55,2026-08-26
1623,41484224,r강추 특올수리 한폭의 그림같은 한강뷰와  자연 풍경을 담아낸집,선사현대(02-3013-2267)공인중개사사무소,매매,114,저,132.26,82.94,"200,000",0,0,2026-08-26
1623,41484129,34귀한전세 중층 밝은 남향 입니다,선사현대상가월드공인중개사사무소,전세,111,저,0.00,83.67,0,"85,000",0,2026-08-26
1623,41483958,24B 남동향 전망최상 올수리조건 신혼추천 융자무 로얄동로얄층,선사아이파크428-2225공인중개사사무소,전세,102,고,0.00,58.68,0,"65,000",0,2026-08-26
1623,41482876,24A. 3룸 한강 조망 입주. 남서 최로얄.,(TOP)선사현대공인중개사사무소,매매,112,중,95.10,59.64,"165,000",0,0,2026-08-26
1623,41482847,24. 거실넓은구조. 수리조건. 트인조망. 신혼추천,선사현대 골드공인중개사사무소,전세,102,고,0.00,58.68,0,"65,000",0,2026-08-26
1623,41482635,"30, 준저층. 남향. 수리. 빠른입주 가능",솔로몬공인중개사사무소,매매,103,저,0.00,72.85,"165,000",0,0,2026-08-26
1623,41482465,특수리 최로얄층 남동향 전망최고 입니다.,선사현대상가한양공인중개사사무소,전세,102,고,0.00,58.68,0,"65,000",0,2026-08-26
1623,41482283,추천매매 전체특올수리 샷시포함 정원같은조망,부동산뱅크신세계공인중개사사무소,매매,113,저,132.26,82.94,"172,000",0,0,2026-08-26
1623,41482207,24귀한 전세 올수리 입니다,선사현대상가월드공인중개사사무소,전세,102,고,0.00,58.68,0,"65,000",0,2026-08-26
1623,41482143,수리 남향 중층 전망시원 빠른입주됩니다.,선사현대상가한양공인중개사사무소,매매,103,저,116.18,72.85,"165,000",0,0,2026-08-26
1623,41482108,34 추천 남동향 로얄층 올수리 쾌적함 컨디션굿  깨끗하게 관리됨,선사현대상가부자공인중개사사무소,전세,106,저,0.00,82.94,0,"86,000",0,2026-08-26
1623,41482020,"24A, 신혼집 추천. 올수리. 최로얄남향. 빠른입주 가능",솔로몬공인중개사사무소,월세,102,중,95.10,59.64,0,"53,000",55,2026-08-26
1623,41481416,24A. 남향 로얄 올수리 역가까운 선호동,스타공인중개사사무소,월세,102,중,0.00,59.64,0,"53,000",55,2026-08-26
1623,41480955,남서로얄 사계절 한강조망 입주 추천매물,강동공인중개사사무소,매매,112,중,95.10,59.64,"165,000",0,0,2026-08-26
1623,41446636,24B. 전체 수리 조건 0 남동 최로얄 뻥뷰 0 신혼 추천 0,(TOP)선사현대공인중개사사무소,전세,102,고,93.57,58.68,"156,000","65,000",100,2026-08-25
1623,41446350,"멋진 한강뷰,로얄층,입주가능",한강부동산공인중개사사무소,매매,109,고,0.00,83.18,"215,000",0,0,2026-08-25
1623,41455897,강추 멋진 한강뷰를 그림삼고 자연을 담아낸 풍경 있는집  주인거주,선사현대(02-3013-2267)공인중개사사무소,매매,112,중,81.61,59.64,"165,000",0,0,2026-08-25
1623,41448851,"24,정남로얄,올수리,역가까운 로얄동,조망트인 밝은집",선사현대 원공인중개사사무소,월세,102,중,81.61,59.64,0,"53,000",55,2026-08-25
1623,41448852,"34,추천급매,남동,특올수리,입주협의",선사현대 원공인중개사사무소,매매,105,저,113.50,82.94,"165,000",0,0,2026-08-25
1623,41476288,남향 앞 틔여있고 깔끔 살기좋은 추천매물,칠성공인중개사,전세,111,저,114.49,83.67,0,"85,000",0,2026-08-25
1623,41451272,역세권 남동향  수리하고 빠른입주 조용하고 전망 좋은 집.,선사현대상가한양공인중개사사무소,매매,102,저,80.29,58.68,"143,000",0,0,2026-08-25
1623,41455895,강추급매물  가족을 품은  아늑하고  헹복이  묻어나는  예쁜집,선사현대(02-3013-2267)공인중개사사무소,매매,103,저,80.29,58.68,"153,000",0,0,2026-08-25
1623,41445338,한강뷰  특 수리 아차산과 워케힐전망,칠성공인중개사,매매,112,고,95.10,59.64,"168,000",0,0,2026-08-25
1623,41448850,"24,남동로얄,올수리조건,역가까운 로얄동,조망굿",선사현대 원공인중개사사무소,전세,102,고,80.29,58.68,0,"65,000",0,2026-08-25
1623,41466326,30 최로얄. 확장수리. 추천급매,선사현대 대영공인중개사사무소,매매,110,고,99.67,72.85,"166,000",0,0,2026-08-25
1623,41450144,24B 급매 남동향 리모델링재건축추진중 암사역 초중고 공원 옆 세끼고,선사아이파크428-2225공인중개사사무소,매매,102,저,80.29,58.68,"143,000",0,0,2026-08-25
1623,41453912,"특올수리 남서  한강조망  로얄층 입니다,",선사현대상가월드공인중개사사무소,월세,111,고,81.61,59.64,0,"40,000",110,2026-08-25
1623,41444618,"특A급매물. 막힘없이 시원한 한강,롯데타워 파노라마 뻥뷰",솔로몬공인중개사사무소,매매,109,고,0.00,83.18,"215,000",0,0,2026-08-25
1623,41444431,신혼집추천. 올수리 합니다. 탁트인 뻥뷰 굿,솔로몬공인중개사사무소,전세,102,고,0.00,58.68,0,"65,000",0,2026-08-25
1623,41455896,강추 한 폭의 그림같은 한강뷰를 담아낸 자연 풍경을 끌어들인 집,선사현대(02-3013-2267)공인중개사사무소,매매,113,중,113.50,82.94,"213,000",0,0,2026-08-25
1623,41444102,34. 최근 확장 특A올수리 중층 남동 컨디션 최상 강추,스타공인중개사사무소,매매,113,저,132.64,83.18,"186,000",0,0,2026-08-25
1623,41444054,추천월세 올수리 정남향 로얄층 신혼부부추천,부동산뱅크신세계공인중개사사무소,월세,104,고,95.10,59.64,0,"10,000",220,2026-08-25
1623,41476289,올수리  넓고 저령한매물 자녀들이 행복한집,칠성공인중개사,매매,105,저,113.50,82.94,"166,500",0,0,2026-08-25
1623,41451271,수리 남서향 중층 전망탁트임 빠른입주됩니다.,선사현대상가한양공인중개사사무소,매매,104,저,99.67,72.85,"164,000",0,0,2026-08-25
1623,41453494,추천매매 최상의한강뷰  남서향 입주 로얄층 부분수리 깨끗,부동산뱅크신세계공인중개사사무소,매매,112,중,81.61,59.64,"165,000",0,0,2026-08-25
1623,41443503,추천 24 A  정남향 최로얄층 올수리 암사역3분 신혼부부 강추,선사현대상가부자공인중개사사무소,월세,102,중,0.00,59.64,0,"53,000",55,2026-08-25
1623,41443499,24. 깔끔수리 된 로얄층. 채광좋은 남향. 신혼추천,선사현대 골드공인중개사사무소,월세,102,중,0.00,59.64,0,"53,000",55,2026-08-25
1623,41443441,추처 30 남동향 최로얄층 확장및전체 올수리 컨디션 굿 입주,선사현대상가부자공인중개사사무소,매매,110,고,0.00,72.85,"166,000",0,0,2026-08-25
1623,41443333,30가저 매물 입주가능 합니다,선사현대상가월드공인중개사사무소,매매,112,저,0.00,72.85,"162,000",0,0,2026-08-25
1623,41441603,한강전망 남서향 최로얄층 역세권 수리 빠른입주됩니다.,선사현대상가한양공인중개사사무소,매매,109,고,0.00,83.18,"215,000",0,0,2026-08-25
1623,41450146,24A 남향 암사역근처 빠른입주가 유치원초등시장병원인접 구조예쁜집 추천,선사아이파크428-2225공인중개사사무소,월세,102,중,81.61,59.64,0,"53,000",55,2026-08-25
1623,41441163,34. 한강조망 특올수리 입주,스타공인중개사사무소,매매,114,저,132.26,82.94,"200,000",0,0,2026-08-25
1623,41441108,34 입주 확장 부분수리 한강사이조망,스타공인중개사사무소,매매,110,고,133.62,83.79,"190,000",0,0,2026-08-25
1623,41440568,24B 최저가매물. 애들이 행복한 거실. 정원느낌 굿,선사현대 대영공인중개사사무소,매매,102,저,93.57,58.68,"143,000",0,0,2026-08-25
1623,41440268,30.남향 로얄층 확장 올수리,스타공인중개사사무소,매매,103,고,116.18,72.85,"168,000",0,0,2026-08-25
1623,41466327,34 특올. 한강뷰. 추천매물. 일조굿,선사현대 대영공인중개사사무소,매매,114,저,113.50,82.94,"200,000",0,0,2026-08-25
1623,41448812,추천 24 A 특 한강조망 최로얄층 확장및올수리 쾌적함 입주,선사현대상가부자공인중개사사무소,매매,112,고,81.61,59.64,"168,000",0,0,2026-08-25
1623,41450145,24 전세안고매매 리모델링재건축추진중 전망트인집 급매 초역세권,선사아이파크428-2225공인중개사사무소,매매,103,저,80.29,58.68,"153,000",0,0,2026-08-25
1623,41453913,"양방향 한강조망 최고  특 올수리 각방 에어컨 설치되고 깨끗합니다,",선사현대상가월드공인중개사사무소,매매,112,고,81.61,59.64,"168,000",0,0,2026-08-25
1623,41477387,"24A, 3룸. 올수리. 남향. 역 가까운동. 빠른입주 가능",솔로몬공인중개사사무소,월세,102,중,81.61,59.64,0,"53,000",55,2026-08-25
1623,41397820,34. 추천 급매. 남동 최로얄.,(TOP)선사현대공인중개사사무소,매매,108,고,132.26,82.94,"190,000","82,000",0,2026-08-24
1623,41397806,24A. 3룸 신혼 추천. 최로얄 남향. 올수리.,(TOP)선사현대공인중개사사무소,월세,102,중,95.10,59.64,"158,000","53,000",55,2026-08-24
1623,41397427,추천 34 남서향 특올수리 앞트임 중상층 입주,선사현대상가부자공인중개사사무소,매매,114,저,132.26,82.94,"200,000",0,0,2026-08-24
1623,41415252,특수리 남향 로얄층 역세권 전망탁트임 여유있는 입주됩니다.,선사현대상가한양공인중개사사무소,매매,102,고,99.67,72.85,"168,000",0,0,2026-08-24
1623,41416597,"30,남동로얄,확장,수리,조망굿,채광 좋은집",선사현대 원공인중개사사무소,매매,110,고,99.67,72.85,"166,000",0,0,2026-08-24
1623,41396719,34. 강추 파노라마 한강조망 롯데타워 워커힐이 한눈에,스타공인중개사사무소,매매,109,고,95.10,83.18,"215,000",0,0,2026-08-24
1623,41396690,"한강조망 최고 입니다,",선사현대상가월드공인중개사사무소,매매,109,고,132.64,83.18,"215,000",0,0,2026-08-24
1623,41400923,추천매매 최상의한강뷰  남서향 입주 특올수리 신혼부부강력추천,부동산뱅크신세계공인중개사사무소,매매,112,고,81.61,59.64,"168,000",0,0,2026-08-24
1623,41416595,"34,한강특조망,역가까운 로얄동,확장,선호구조,남서로얄,추천매물",선사현대 원공인중개사사무소,매매,109,고,113.82,83.18,"215,000",0,0,2026-08-24
1623,41396193,24. 초급매 추천. 남동향 로얄층 세안고,스타공인중개사사무소,매매,103,저,93.57,58.68,"153,000",0,0,2026-08-24
1623,41419820,30 귀한입주물 채광좋음 리모델링재건축추진중 한강공원 유치원 초등 시장옆,선사아이파크428-2225공인중개사사무소,매매,104,저,99.67,72.85,"164,000",0,0,2026-08-24
1623,41427256,42. 남향. 중층. 일조굿. 올수리된 추천매물입니다.,선사현대 대영공인중개사사무소,매매,116,저,141.30,114.42,"220,000",0,0,2026-08-24
1623,41395293,강추 그림같은 한강뷰를 담아낸 사계절 자연을 끌어들인 집,선사현대(02-3013-2267)공인중개사사무소,매매,112,중,95.10,59.64,"165,000",0,0,2026-08-24
1623,41395104,한강뷰라인. 확장 전체올수리. 계단식구조. 채광좋은 남향,솔로몬공인중개사사무소,매매,110,중,133.42,83.67,"200,000",0,0,2026-08-24
1623,41418026,34 남동향 한강도보운동 채광좋음 미래가치우수,강동공인중개사사무소,매매,115,저,113.82,83.18,"175,000",0,0,2026-08-24
1623,41393492,암사초역세권  최상의한강뷰 신혼부부추천 올수리깨끗 지하주차장연결,부동산뱅크신세계공인중개사사무소,월세,101,고,95.10,59.64,0,"45,000",90,2026-08-24
1623,41393372,최근특수리 역세권 남동향  로얄층 전망시원 즉시입주됩니다.,선사현대상가한양공인중개사사무소,매매,102,중,93.57,58.68,"158,000",0,0,2026-08-24
1623,41392934,24A. 한강  특 조망  0 내부 올수리 0 세안고 매매 0,(TOP)선사현대공인중개사사무소,매매,108,중,95.10,59.64,"168,000","30,000",120,2026-08-24
1623,41416695,귀한 반전세   수리되고  밝은  중층 입니다,선사현대상가월드공인중개사사무소,월세,102,중,81.61,59.64,0,"53,000",55,2026-08-24
1623,41392475,34.  입주 추천 . 거실 환한 남동향. 뻥뷰.,(TOP)선사현대공인중개사사무소,매매,115,고,132.64,83.18,"200,000",0,0,2026-08-24
1623,41392466,34. 한강 조망권 입주 매물. 내부 특올수리.,(TOP)선사현대공인중개사사무소,매매,114,저,132.26,82.94,"200,000",0,0,2026-08-24
1623,41392267,30추천매물  확뜨인 전망 확장수리되여 깨끗합니다.,선사현대상가월드공인중개사사무소,매매,110,고,0.00,72.85,"166,000",0,0,2026-08-24
1623,41392123,추천 34 남동향 중층 채광좋고 깨끗하게 관리됨,선사현대상가부자공인중개사사무소,매매,115,저,132.64,83.18,"180,000",0,0,2026-08-24
1623,41392011,"한강공원인근,공간넓고,리모델링추진으로 미래가치우수,추천",단지앞고금숙공인중개사사무소,매매,115,저,132.26,83.18,"175,000",0,0,2026-08-24
1623,41391826,24B 입주. 올수리. 빠른입주가능,선사현대 대영공인중개사사무소,매매,102,중,93.57,58.68,"158,000",0,0,2026-08-24
1623,41391703,30. 최로로얄층. 확장부분수리. 트인조망,선사현대 골드공인중개사사무소,매매,110,고,0.00,72.85,"166,000",0,0,2026-08-24
1623,41391111,한강뷰 채광굿 로얄층 올수리 내부관리 잘되였습니다,선사현대상가월드공인중개사사무소,매매,108,중,95.10,59.64,"168,000",0,0,2026-08-24
1623,41419819,34 급매 구조좋음 정원전망 역가까운동 입주협의 리모델링재건축추진중,선사아이파크428-2225공인중개사사무소,매매,115,저,113.82,83.18,"175,000",0,0,2026-08-24
1623,41391003,남동향 특올수리 편안한 정원조망,강동공인중개사사무소,매매,105,저,132.26,82.94,"166,500",0,0,2026-08-24
1623,41415251,확장특수리 중층 남동향 전망시원 빠른입주됩니다.,선사현대상가한양공인중개사사무소,매매,113,저,113.82,83.18,"186,000",0,0,2026-08-24
1623,41416596,"34,남동로얄,수리,채광 조망굿,역가까운 로얄동, 선호구조",선사현대 원공인중개사사무소,매매,115,고,113.82,83.18,"195,000",0,0,2026-08-24
1623,41356451,24. 귀한 전세 올수리 조건 남동 최고로얄층 신혼부부 추천,스타공인중개사사무소,전세,102,고,0.00,58.68,0,"65,000",0,2026-08-22
1623,41358590,"24,한강특조망,올수리,역가까운 로얄동,추천 매물",선사현대 원공인중개사사무소,매매,108,중,81.61,59.64,"168,000",0,0,2026-08-22
1623,41355674,거실에서 펼쳐지는 탁 트인 한강조망. 힐링 초록뷰,솔로몬공인중개사사무소,매매,113,중,132.26,82.94,"213,000",0,0,2026-08-22
1623,41358530,추천 24 B  남동향 전세끼고  급매 거실넓은구조 신혼부부 강추,선사현대상가부자공인중개사사무소,매매,103,저,80.29,58.68,"153,000",0,0,2026-08-22
1623,41360798,확장특수리 로얄층 시원한전망 남동향 빠른입주됩니다.,선사현대상가한양공인중개사사무소,매매,110,고,99.67,72.85,"166,000",0,0,2026-08-22
1623,41354892,24 방3 한강조망가능 로얄동층라인 입주가 리모델링재건축 유치원초등공원병,선사아이파크428-2225공인중개사사무소,매매,112,중,0.00,59.64,"165,000",0,0,2026-08-22
1623,41354762,"24A,시원한 한강조망. 확장. 확장. 올수리",솔로몬공인중개사사무소,매매,112,고,95.10,59.64,"168,000",0,0,2026-08-22
1623,41354177,"24, 막힘없는 파노라마 한강,타워조망. 명품매물. 추천",솔로몬공인중개사사무소,매매,108,중,0.00,59.64,"168,000",0,0,2026-08-22
1623,41354010,24B 중층. 세안고 추천급매. 가격조율,선사현대 대영공인중개사사무소,매매,103,저,93.57,58.68,"153,000",0,0,2026-08-22
1623,41353934,24 올수리. 세안고 추천매물. 최로얄 탁트인전망,선사현대 대영공인중개사사무소,매매,102,고,93.57,58.68,"160,000",0,0,2026-08-22
1623,41360799,수리 중층 전망좋고 남동향 빠른입주됩니다.,선사현대상가한양공인중개사사무소,매매,103,저,80.29,58.68,"153,000",0,0,2026-08-22
1623,41366971,24. 급매 no1. 후순위대출 남동향 로얄층 로얄라인 리모호재,스타공인중개사사무소,매매,103,저,80.29,58.68,"153,000",0,0,2026-08-22
1623,41353312,추천 34 남동향 특올수리 전체수리로 컨디션 최고 안쪽동,선사현대상가부자공인중개사사무소,매매,113,저,132.64,83.18,"186,000",0,0,2026-08-22
1623,41362580,최상의한강뷰 올수리 최로얄층 전세안고 갭투자추천,부동산뱅크신세계공인중개사사무소,매매,108,중,81.61,59.64,"168,000",0,0,2026-08-22
1623,41352971,추천 귀한전세 30 남서향 준층 거실 확장형  올수리  쾌적함,선사현대상가부자공인중개사사무소,전세,104,저,0.00,72.85,0,"75,000",0,2026-08-22
1623,41352652,34. 최저가 입주 매물. 특올수리. 남동 정원 뷰.,(TOP)선사현대공인중개사사무소,매매,105,저,132.64,82.94,"165,000",0,0,2026-08-22
1623,41352542,24B. 최저가 급매 추천 0 주방 넓은 2룸 0,(TOP)선사현대공인중개사사무소,매매,102,저,93.57,58.68,"143,000",0,0,2026-08-22
1623,41362579,추천매매 올수리 탁트인뷰  입주 로얄층,부동산뱅크신세계공인중개사사무소,매매,102,중,80.29,58.68,"158,000",0,0,2026-08-22
1623,41352528,24. 급매 추천 남동향 개방감 좋은구조 리모델링시 수혜,스타공인중개사사무소,매매,102,저,93.57,58.68,"143,000",0,0,2026-08-22
1623,41352461,"34,남동,특올수리,정원조망,추천 급매물",선사현대 원공인중개사사무소,매매,105,저,132.26,82.94,"166,500",0,0,2026-08-22
1623,41352453,확뜨인 남한산성 뷰전망 수리되고 채광 넘 좋은 집 입니다,선사현대상가월드공인중개사사무소,매매,108,고,0.00,82.94,"190,000",0,0,2026-08-22
1623,41364812,"강추 가족을 품어주는 아늑하고 행복이 숨쉬는 예쁜집 거실, 주방 넓은구조",선사현대(02-3013-2267)공인중개사사무소,매매,115,저,113.82,83.18,"175,000",0,0,2026-08-22
1623,41352065,"착한가격,거실넓은구조,채광좋은집,세안고,신혼강추",단지앞고금숙공인중개사사무소,매매,103,저,93.57,58.68,"153,000",0,0,2026-08-22
1623,41314181,24B. 추천 급매 0 남동 트인 거실 0 신혼 늦은 입주 0,(TOP)선사현대공인중개사사무소,매매,103,저,93.57,58.68,"153,000",0,0,2026-08-21
1623,41314167,34. 채광 좋은 남동 최로얄 입주 추천,(TOP)선사현대공인중개사사무소,매매,106,중,132.26,82.94,"200,000","73,000",0,2026-08-21
1623,41314080,24. 최고의 한강조망. 샷시포함 확장 올수리. 채광아주좋음,선사현대 골드공인중개사사무소,매매,112,고,95.10,59.64,"168,000",0,0,2026-08-21
1623,41328370,추천 24 남서향 한강조망 최로얄층 앞트임 채광굿 입주,선사현대상가부자공인중개사사무소,매매,112,중,81.61,59.64,"165,000",0,0,2026-08-21
1623,41323667,30 남향. 최로얄. 올수리. 추천매물,선사현대 대영공인중개사사무소,매매,103,고,99.67,72.85,"168,000",0,0,2026-08-21
1623,41333422,강추 한강조망 최고 로얄층 올수리 입니다,선사현대상가월드공인중개사사무소,매매,108,중,81.61,59.64,"168,000",0,0,2026-08-21
1623,41333534,"24,남동로얄,조망트인 밝은집,추천 매물",선사현대 원공인중개사사무소,매매,103,저,80.29,58.68,"153,000",0,0,2026-08-21
1623,41334005,"30. 입주 급매 0 남서 중저층 0 조망, 채광 굿 0",(TOP)선사현대공인중개사사무소,매매,104,저,99.67,72.85,"164,000",0,0,2026-08-21
1623,41334853,수리 남동향 중층 전망시원 빠른입주됩니다.,선사현대상가한양공인중개사사무소,매매,115,저,113.82,83.18,"175,000",0,0,2026-08-21
1623,41348565,최근 전체 특올수리 샷시포함 아차산워커힐뷰  귀한입주 신혼추천,부동산뱅크신세계공인중개사사무소,매매,112,저,81.61,59.64,"166,000",0,0,2026-08-21
1623,41311905,역세권 남동향 수리 입주협의 전망좋습니다.,선사현대상가한양공인중개사사무소,매매,102,저,93.57,58.68,"143,000",0,0,2026-08-21
1623,41322461,"34, 중층. 거실확장 특올수리. 컨디션 최상",솔로몬공인중개사사무소,매매,113,저,113.82,83.18,"186,000",0,0,2026-08-21
1623,41332267,로얄동 최고로얄층 시원하게 트인 시티뷰 선호하는 동,강동공인중개사사무소,매매,108,고,113.50,82.94,"190,000",0,0,2026-08-21
1623,41311756,"올수리,파노라마멋진한강뷰,확장,추천매물",단지앞고금숙공인중개사사무소,매매,116,고,0.00,114.42,"255,000",0,0,2026-08-21
1623,41311728,"확장,특올수리, 멋진한강,아차산조망 트인뷰,",단지앞고금숙공인중개사사무소,매매,112,저,95.10,59.64,"165,000",0,0,2026-08-21
1623,41334194,24. 한강사이드뷰 특올수리 시스템에어컨4대 상태 최상,스타공인중개사사무소,매매,112,고,81.61,59.64,"168,000",0,0,2026-08-21
1623,41332269,24B 남동향  역이 가까운 로얄동 최저가 정원 뷰,강동공인중개사사무소,매매,102,저,80.29,58.68,"143,000",0,0,2026-08-21
1623,41310712,"한강가까운동 입주협의,깔끔함",한강부동산공인중개사사무소,매매,115,저,132.64,83.18,"180,000",0,0,2026-08-21
1623,41310545,추천 34 남동향 특올수리 전원조망 아이키우기 편한물건 늦은입주,선사현대상가부자공인중개사사무소,매매,105,저,132.26,82.94,"166,500",0,0,2026-08-21
1623,41310446,34 남동향 채광굿 중층 관리잘된집,스타공인중개사사무소,매매,115,저,132.64,83.18,"175,000",0,0,2026-08-21
1623,41310235,강추 올수리 가족을 품어주는 아늑하고 행복이 숨쉬는 예쁜집,선사현대(02-3013-2267)공인중개사사무소,매매,113,저,132.64,83.18,"186,000",0,0,2026-08-21
1623,41310179,한강조망 로얄층 올수리 입니다,선사현대상가월드공인중개사사무소,전세,114,고,132.26,82.94,"200,000","87,000",0,2026-08-21
1623,41310161,강추  멋진 한강뷰를 그림삼고 사계절 자연을 끌어들인 예쁜집,선사현대(02-3013-2267)공인중개사사무소,월세,101,고,95.10,59.64,0,"30,000",150,2026-08-21
1623,41310091,34 남향 최로얄. 확장수리. 한강조망권. 추천매물,선사현대 대영공인중개사사무소,매매,111,고,133.42,83.67,"200,000","20,000",220,2026-08-21
1623,41309693,30추천매물 남향 채광좋구 로얄층 입니다,선사현대상가월드공인중개사사무소,매매,102,고,116.18,72.85,"168,000",0,0,2026-08-21
1623,41323666,한강뷰. 최로얄. 특올수리. 추천매물,선사현대 대영공인중개사사무소,매매,112,중,81.61,59.64,"165,000",0,0,2026-08-21
1623,41334854,수리 중층 남서향 전망시원 입주협의됩니다.,선사현대상가한양공인중개사사무소,매매,104,저,99.67,72.85,"164,000",0,0,2026-08-21
1623,41333533,"34,남동향,조망굿, 수리,역가까운 로얄동,전망 좋은 추천 매물",선사현대 원공인중개사사무소,매매,108,고,113.50,82.94,"190,000",0,0,2026-08-21
1623,41273485,30. 입주 급매 0 남동 정원 뷰 0,(TOP)선사현대공인중개사사무소,매매,112,저,116.18,72.85,"162,000",0,0,2026-08-20
1623,41289322,42 정남향 중층 방4개 화2개 넓은 구조 리모델링 호재,강동공인중개사사무소,매매,116,저,141.30,114.42,"220,000",0,0,2026-08-20
1623,41272546,추천 30 정남향 중상층 부분수리 조용한 안쪽동 늦은 입주,선사현대상가부자공인중개사사무소,매매,104,저,0.00,72.85,"170,000",0,0,2026-08-20
1623,41288061,30추천 로얄층  확뜨인 전망 확장수리 입니다,선사현대상가월드공인중개사사무소,매매,110,고,99.67,72.85,"166,000",0,0,2026-08-20
1623,41287570,24A.  남서 한강뷰. 신혼 입주 추천.,(TOP)선사현대공인중개사사무소,매매,112,중,81.61,59.64,"165,000",0,0,2026-08-20
1623,41287951,"34,남동중층,조망트인 선호구조",선사현대 원공인중개사사무소,매매,115,저,113.82,83.18,"175,000",0,0,2026-08-20
1623,41290703,30 남향 로얄동층라인 리모델링재건축 암사역시장유치원초등병원인접 귀한입주,선사아이파크428-2225공인중개사사무소,매매,103,18,99.67,72.85,"168,000",0,0,2026-08-20
1623,41271722,"34, 입주매물. 준로얄층. 일부수리. 채광좋은 남동향",솔로몬공인중개사사무소,매매,115,저,132.64,83.18,"175,000",0,0,2026-08-20
1623,41290704,34 남동향 롯데타워 한강사이드뷰 역앞 전망트임 리모델링재건축 입주내년봄,선사아이파크428-2225공인중개사사무소,매매,108,고,113.50,82.94,"190,000",0,0,2026-08-20
1623,41292959,34 추천 귀한 전세 정남향 수리 중상층 계단식 판상형 구조,선사현대상가부자공인중개사사무소,전세,111,저,114.49,83.67,0,"85,000",0,2026-08-20
1623,41286614,강추 탁 트인 전망과 햇살을  담아낸 행복이  묻어나는 예쁜집,선사현대(02-3013-2267)공인중개사사무소,매매,115,고,113.82,83.18,"193,000",0,0,2026-08-20
1623,41271117,"34, 시원한 뻥뷰. 한강, 타워 사이드 조망. 역 가까운동",솔로몬공인중개사사무소,매매,108,고,0.00,82.94,"190,000",0,0,2026-08-20
1623,41287569,30. 최로얄 남향. 주인 거주중 수리.,(TOP)선사현대공인중개사사무소,매매,103,고,99.67,72.85,"168,000",0,0,2026-08-20
1623,41287138,로얄층 빠른입주가능한 가격좋은 추천매물,칠성공인중개사,매매,110,고,99.67,72.85,"166,000",0,0,2026-08-20
1623,41270881,34.추천. 환상 씨티뷰. 최로얄동. 로얄층. 일조굿,선사현대 대영공인중개사사무소,매매,108,고,132.26,82.94,"190,000","73,000",0,2026-08-20
1623,41287371,24. 한강사이드 앞뒤 조망 남서향 로얄층 추천,스타공인중개사사무소,매매,112,중,81.61,59.64,"165,000",0,0,2026-08-20
1623,41270751,"24, 중층 남동향. 트인 조망. 추천매물",솔로몬공인중개사사무소,매매,103,저,0.00,58.68,"153,000",0,0,2026-08-20
1623,41287950,"30,정남향,수리,역가까운 로얄동,조망굿",선사현대 원공인중개사사무소,매매,102,고,99.67,72.85,"168,000",0,0,2026-08-20
1623,41286688,특수리 로얄층 남동향 전망탁트임 역세권 빠른입주됩니다.,선사현대상가한양공인중개사사무소,매매,102,고,80.29,58.68,"160,000",0,0,2026-08-20
1623,41268904,34. 로얄층.  거실확장 깔끔. 한강조망 가능한 채광아주좋음,선사현대 골드공인중개사사무소,매매,111,고,133.42,83.67,"200,000",0,0,2026-08-20
1623,41268898,24. 거실넓은구조. 세안고. 중저층. 채광좋음,선사현대 골드공인중개사사무소,매매,103,저,93.57,58.68,"153,000",0,0,2026-08-20
1623,41286686,폴딩도어특수리 전망좋고 빠른입주됩니다.,선사현대상가한양공인중개사사무소,매매,109,저,113.82,83.18,"167,000",0,0,2026-08-20
1623,41268138,강추 남향 그림같은 한강을 품은 자연을 담아낸 예쁜집,선사현대(02-3013-2267)공인중개사사무소,매매,102,고,116.18,72.85,"168,000",0,0,2026-08-20
1623,41267105,34. 환상적인 한강풀조망 영구뷰 입주협의,스타공인중개사사무소,매매,113,중,132.26,82.94,"213,000",0,0,2026-08-20
1623,41297618,24B 입주 급매물. 부분수리. 느낌 좋은집,선사현대 대영공인중개사사무소,매매,102,저,80.29,58.68,"154,000",0,0,2026-08-20
1623,41275139,추천월세 올수리 정남향 로얄층 신혼부부추천,부동산뱅크신세계공인중개사사무소,월세,104,고,81.61,59.64,0,"10,000",220,2026-08-20
1623,41266113,24추천 매물 중층 입니다,선사현대상가월드공인중개사사무소,매매,103,저,93.57,58.68,"153,000",0,0,2026-08-20
1623,41286687,특수리 남향 로얄층 전망탁트임 입주협의됩니다.,선사현대상가한양공인중개사사무소,매매,103,고,99.67,72.85,"166,000",0,0,2026-08-20
1623,41287139,정원뷰  조용하고 살기좋은 추천매물,칠성공인중개사,매매,102,저,80.29,58.68,"143,000",0,0,2026-08-20
1623,41275137,추천매매 남서향 중층 부분수리 깨끗 입주,부동산뱅크신세계공인중개사사무소,매매,104,저,99.67,72.85,"164,000",0,0,2026-08-20
1623,41259317,24. 초급매 추천 남동향 로얄라인 입주,스타공인중개사사무소,매매,102,저,80.29,58.68,"143,000",0,0,2026-08-19
1623,41255874,22B 세안고매매 후순위대출가 무주택자매수가 리모델링재건축진행중 최저가,선사아이파크428-2225공인중개사사무소,매매,102,저,80.29,58.68,"143,000",0,0,2026-08-19
1623,41255872,30 급매 귀한입주 리모델링재건축추진중 대단지 암사역한강공원암사시장인접,선사아이파크428-2225공인중개사사무소,매매,110,고,116.18,72.85,"166,000",0,0,2026-08-19
1623,41249965,24A 추천. 특올수리. 한강뷰. 최로얄,선사현대 대영공인중개사사무소,매매,112,고,81.61,59.64,"168,000",0,0,2026-08-19
1623,41227521,추천매매 최상의한강뷰  남서향  로얄층 부분수리 깨끗,부동산뱅크신세계공인중개사사무소,매매,112,중,95.10,59.64,"168,000",0,0,2026-08-19
1623,41249065,"한강조망권, 초록뷰 힐링조망. 최근특수리. 컨디션 최상. 중층",솔로몬공인중개사사무소,매매,114,저,113.50,82.94,"200,000",0,0,2026-08-19
1623,41225398,30 로얄층 추천급매. 확장 부분수리,선사현대 대영공인중개사사무소,매매,110,고,116.18,72.85,"166,000","73,000",0,2026-08-19
1623,41225117,특수리 역세권 최로얄층 남향 전망탁트이고 늦은입주됩니다.,선사현대상가한양공인중개사사무소,매매,102,고,116.18,72.85,"168,000",0,0,2026-08-19
1623,41223820,"탁 트인 전망,올수리,입주협의",한강부동산공인중개사사무소,매매,115,고,132.64,83.18,"190,000",0,0,2026-08-19
1623,41223787,"3년전 특올수리,확장된집 입주협의",한강부동산공인중개사사무소,매매,113,저,132.64,83.18,"186,000",0,0,2026-08-19
1623,41206795,강추 멋진 한강뷰를 그림삼고 사계절 자연을 풍경을 담아낸 예쁜집,선사현대(02-3013-2267)공인중개사사무소,월세,101,고,81.61,59.64,0,"30,000",150,2026-08-19
1623,41223126,30. 급매 남동향 로얄라인 리모델링 시 수혜,스타공인중개사사무소,매매,112,저,0.00,72.85,"162,000",0,0,2026-08-19
1623,41234891,추천매매 남향 로얄층 올수리 입주매물,부동산뱅크신세계공인중개사사무소,매매,103,고,99.67,72.85,"166,000",0,0,2026-08-19
1623,41259316,34. 한강최고전망 아차산 워커힐 뷰 강추 리모델링 시 수혜,스타공인중개사사무소,매매,113,중,113.50,82.94,"213,000",0,0,2026-08-19
1623,41221951,"30, 준저층. 입주매물. 트인 남서향. 생활 편리한 동",솔로몬공인중개사사무소,매매,104,저,116.18,72.85,"164,000",0,0,2026-08-19
1623,41221735,24B 남동향 로얄층 트인뷰 거실넓은구조 세안고 매매,강동공인중개사사무소,매매,103,저,93.57,58.68,"153,000",0,0,2026-08-19
1623,41221676,24B 남동향  역이 가까운 로얄동 최저가 정원 뷰,강동공인중개사사무소,매매,102,저,93.57,58.68,"143,000",0,0,2026-08-19
1623,41221613,남동향 선호동 앞 트인 정원조망 입주협의,강동공인중개사사무소,매매,112,저,0.00,72.85,"162,000",0,0,2026-08-19
1623,41221576,24. 특올수리. 로얄남동. 트인조망. 햇살채광 좋은집,솔로몬공인중개사사무소,매매,102,중,93.57,58.68,"158,000",0,0,2026-08-19
1623,41258770,"24,남동, 추천 급매물",선사현대 원공인중개사사무소,매매,102,저,80.29,58.68,"143,000",0,0,2026-08-19
1623,41258769,"24,남동,추천입주 매물,편안한 거실 조망,한강 근접동",선사현대 원공인중개사사무소,매매,112,저,99.67,72.85,"162,000",0,0,2026-08-19
1623,41214999,24A. 3룸 최로얄 남향. 거실 확장 수리. 입주일 협의. 금액 조정.,(TOP)선사현대공인중개사사무소,월세,112,고,95.10,59.64,"163,000","20,000",180,2026-08-19
1623,41253842,급매 추천 34 남동향 중층 채광좋고 깨끗하게 관리됨,선사현대상가부자공인중개사사무소,매매,115,저,113.82,83.18,"180,000",0,0,2026-08-19
1623,41212644,추천 24 B 남동향 특올수리 컨디션 최상급 신혼부부강추 입주,선사현대상가부자공인중개사사무소,매매,102,저,93.57,58.68,"160,000",0,0,2026-08-19
1623,41258667,"확뜨인 한강조망 입니다,",선사현대상가월드공인중개사사무소,매매,113,중,113.50,82.94,"213,000",0,0,2026-08-19
1623,41259922,한강전망 수리 남서향 로얄층 빠른입주됩니다.,선사현대상가한양공인중개사사무소,매매,113,중,113.50,82.94,"213,000",0,0,2026-08-19
1623,41234892,암사초역세권  최상의한강뷰 신혼부부추천 올수리깨끗 지하주차장연결,부동산뱅크신세계공인중개사사무소,월세,101,고,81.61,59.64,0,"45,000",90,2026-08-19
1623,41258768,"34,남서향,한강조망,수리,추천 입주매물",선사현대 원공인중개사사무소,매매,113,중,113.50,82.94,"213,000",0,0,2026-08-19
1623,41255873,24 남동향 전망굿 전세안고매매 리모델링재건축추진중 투자실거주추천물건,선사아이파크428-2225공인중개사사무소,매매,103,저,80.29,58.68,"153,000",0,0,2026-08-19
1623,41259921,한강전망 확장특수리 남서향 최로얄층 빠른입주됩니다.,선사현대상가한양공인중개사사무소,매매,112,고,81.61,59.64,"168,000",0,0,2026-08-19
1623,41259564,리모델링호재 앞 틔여있고 살기좋은 추천매물,칠성공인중개사,매매,103,저,80.29,58.68,"153,000",0,0,2026-08-19
1623,41234898,추천매매 전체특올수리 샷시포함 정원같은조망,부동산뱅크신세계공인중개사사무소,매매,113,저,113.50,82.94,"172,000",0,0,2026-08-18
1623,41206796,강추 특올수리 핑크빛 행복한 설렘이 가득한  가족을 품어주는  예쁜집,선사현대(02-3013-2267)공인중개사사무소,매매,102,저,80.29,58.68,"160,000",0,0,2026-08-18
1623,41197663,24A 워커힐뷰 부분한강뷰 중상층 특올수리 신혼부부강추 컨디션최고 ,선사현대상가부자공인중개사사무소,매매,112,저,81.61,59.64,"166,000",0,0,2026-08-18
1623,41205858,그림같은 한강 롯데타워뷰 정남향  수리되고 살기좋은 추천매물,칠성공인중개사,매매,116,고,141.30,114.42,"250,000",0,0,2026-08-18
1623,41200627,34 급매 3베이 귀한입주물 리모델링재건축추진 암사역시장유치원초등중등공원,선사아이파크428-2225공인중개사사무소,매매,115,저,113.82,83.18,"175,000",0,0,2026-08-18
1623,41178181,"34, 최로얄남동. 확장수리. 컨디션 좋아요",솔로몬공인중개사사무소,매매,106,중,132.26,82.94,"200,000",0,0,2026-08-18
1623,41178166,"24A. 중층. 한강조망권,싱그런초록뷰. A급 특수리",솔로몬공인중개사사무소,매매,112,저,95.10,59.64,"166,000",0,0,2026-08-18
1623,41200625,42 초급매 입주가 고급진올수리 암사역시장병원유치원초등공원 리모델링추진중,선사아이파크428-2225공인중개사사무소,매매,116,저,141.30,114.42,"215,000",0,0,2026-08-18
1623,41177919,추천매매 최상의한강뷰  남서향 입주 로얄층 부분수리 깨끗,부동산뱅크신세계공인중개사사무소,매매,112,중,95.10,59.64,"165,000",0,0,2026-08-18
1623,41177832,34. 저렴한매물. 올수리된 정원조망. 늦은입주,선사현대 골드공인중개사사무소,매매,105,저,132.26,82.94,"166,500",0,0,2026-08-18
1623,41177821,24. 거실 넓은 구조. 최근 확장 올수리. 추천매물,선사현대 골드공인중개사사무소,매매,102,저,93.57,58.68,"160,000",0,0,2026-08-18
1623,41177680,24. 남동 준중층 최근 특올수리 입주,스타공인중개사사무소,매매,102,저,93.57,58.68,"160,000",0,0,2026-08-18
1623,41177266,"24, A급특수리. 확장 및 샷시포함. 거실창문 초록뷰",솔로몬공인중개사사무소,매매,102,저,0.00,58.68,"162,000",0,0,2026-08-18
1623,41177004,34 남서향 한강뷰 특올수리 리모델링재건축 대단지 투자가치높음 입주협의,선사아이파크428-2225공인중개사사무소,매매,114,저,0.00,82.94,"200,000",0,0,2026-08-18
1623,41176792,최고로얄 남동향 채광 굿 귀한 입주매물입니다,강동공인중개사사무소,매매,110,고,0.00,72.85,"166,000",0,0,2026-08-18
1623,41176739,남서로얄 한강조망 시스템에어컨4대 확장특올수리 시원한뷰,강동공인중개사사무소,매매,112,고,0.00,59.64,"168,000",0,0,2026-08-18
1623,41176596,올수리 선사초 중층 남서향  전망시원 입주협의됩니다.,선사현대상가한양공인중개사사무소,매매,104,저,116.18,72.85,"164,000",0,0,2026-08-18
1623,41176578,30 추천매물 남서향 건축심의 접수중 리모델링 호재,강동공인중개사사무소,매매,104,저,116.18,72.85,"165,000",0,0,2026-08-18
1623,41197664,추천 24 B 남동향 전세끼고 급매 거실넓은구조 신혼부부 강추,선사현대상가부자공인중개사사무소,매매,103,저,80.29,58.68,"153,000",0,0,2026-08-18
1623,41206629,수리 중층 남동향 전망시원 빠른입주됩니다.,선사현대상가한양공인중개사사무소,매매,103,저,80.29,58.68,"153,000",0,0,2026-08-18
1623,41206627,한강전망 확장올수리 남향 로얄층 빠른입주됩니다.,선사현대상가한양공인중개사사무소,매매,111,고,114.49,83.67,"200,000",0,0,2026-08-18
1623,41205242,24B.  2룸 급매. 채광 좋은 남동향. 세안고 늦은 입주.,(TOP)선사현대공인중개사사무소,매매,103,저,80.29,58.68,"153,000",0,0,2026-08-18
1623,41200626,34 급매 롯데타워 한강전망 3베이 수리굿 추천 입주가 리모델링재건축추진,선사아이파크428-2225공인중개사사무소,매매,115,고,113.82,83.18,"190,000",0,0,2026-08-18
1623,41174598,42. 중층. 거실 확장 올수리. 채광좋은 남향,선사현대 골드공인중개사사무소,매매,116,저,167.19,114.42,"220,000",0,0,2026-08-18
1623,41174567,추천 30 남서향 앞뒤트임 부분수리 되어 쾌적함 조용한 안쪽동 입주,선사현대상가부자공인중개사사무소,매매,104,저,116.18,72.85,"165,000",0,0,2026-08-18
1623,41174089,24A. 3룸 급매 추천. 세안고 투자 추천.,(TOP)선사현대공인중개사사무소,매매,107,저,95.10,59.64,"158,000",0,0,2026-08-18
1623,41204570,"34,한강조망,남서향,특올수리,한강 근접 로얄동,입주협의",선사현대 원공인중개사사무소,매매,114,저,113.50,82.94,"200,000",0,0,2026-08-18
1623,41205857,정남향 확장 수리 깔끔하고 살기 좋은 추천매물,칠성공인중개사,매매,116,중,141.30,114.42,"220,000",0,0,2026-08-18
1623,41173791,34 추천급매. 최근 특올수리. 중층의 느낌 좋은집,선사현대 대영공인중개사사무소,매매,113,저,132.64,83.18,"186,000","75,000",0,2026-08-18
1623,41173777,34 최저가매물. 특올수리. 애들이 행복한 거실,선사현대 대영공인중개사사무소,매매,105,저,132.26,82.94,"167,000",0,0,2026-08-18
1623,41173757,30 입주 추천매물. 부분수리,선사현대 대영공인중개사사무소,매매,104,저,116.18,72.85,"165,500","40,000",60,2026-08-18
1623,41173397,확장수리 햇살가득한 남향 입니다.,선사현대상가월드공인중개사사무소,매매,116,중,167.19,114.42,"220,000",0,0,2026-08-18
1623,41131416,24. 확장특올수리. 채광좋은 남서. 아차산조망,선사현대 골드공인중개사사무소,매매,112,저,95.10,59.64,"166,000",0,0,2026-08-15
1623,41090030,"42, 중층. 올수리. 남향. 햇살채광 굿.컨디션 좋아요",솔로몬공인중개사사무소,매매,116,저,167.19,114.42,"220,000","85,000",0,2026-08-14
1623,41099424,추천월세 올수리 정남향 로얄층 신혼부부추천,부동산뱅크신세계공인중개사사무소,월세,104,고,81.61,59.64,0,"10,000",220,2026-08-14
1623,41099425,추천매매 남동향 중층  입주 부분수리 깨끗,부동산뱅크신세계공인중개사사무소,매매,115,저,113.82,83.18,"175,000",0,0,2026-08-14
1623,41114857,24B 중층. 최저가 매물. 세안고 추천급매,선사현대 대영공인중개사사무소,매매,103,저,80.29,58.68,"153,000",0,0,2026-08-14
1623,41093924,"24,남동중층,추천급매,수리,조망굿",선사현대 원공인중개사사무소,매매,103,저,80.29,58.68,"153,000",0,0,2026-08-14
1623,41097026,역세권 수리 남동향 햇빛잘들고 조정 빠른입주됩니다.,선사현대상가한양공인중개사사무소,매매,102,저,80.29,58.68,"143,000",0,0,2026-08-14
1623,41089100,24. 거실넓은구조.  최저가매물. 정원조망. 암사역가까운동,선사현대 골드공인중개사사무소,매매,102,저,93.57,58.68,"143,000",0,0,2026-08-14
1623,41089093,34. 멋진 한강 조망.  깔끔부분수리. 채광아주좋음,선사현대 골드공인중개사사무소,매매,113,중,0.00,82.94,"213,000",0,0,2026-08-14
1623,41088994,30 남향. 최로얄. 올수리. 추천매물,선사현대 대영공인중개사사무소,매매,103,고,116.18,72.85,"168,000",0,0,2026-08-14
1623,41088988,34 탁트인 전망. 일조굿. 주인거주 느낌좋은집,선사현대 대영공인중개사사무소,매매,115,고,132.64,83.18,"195,000","75,000",0,2026-08-14
1623,41088860,"34, 한강조망. 최로얄남향. 계단식구조. 확장수리",솔로몬공인중개사사무소,매매,111,고,133.42,83.67,"200,000",0,0,2026-08-14
1623,41088841,30 귀한입주 예쁜정원뷰 리모델링재건축추진 한강유치원초등시장역인접,선사아이파크428-2225공인중개사사무소,매매,112,저,0.00,72.85,"162,000",0,0,2026-08-14
1623,41088815,24B 급매 남동향 리모델링재건축추진중 무주택자매수가 후순위대출가,선사아이파크428-2225공인중개사사무소,매매,102,저,93.57,58.68,"143,000",0,0,2026-08-14
1623,41088760,"34, 특A급매물, 중층. 샷시포함 특수리. 추천매물",솔로몬공인중개사사무소,매매,113,저,132.64,83.18,"186,000",0,0,2026-08-14
1623,41095425,24 무주택자매수가 세인고매수 리모델링재건축추진 한강공원유치원초등시장전철,선사아이파크428-2225공인중개사사무소,매매,103,저,80.29,58.68,"153,000",0,0,2026-08-14
1623,41126214,특수리  거실넓은구조로 느낌좋은집,칠성공인중개사,매매,113,저,113.82,83.18,"190,000",0,0,2026-08-14
1623,41092694,24B. 급매 추천 0 주방 넓은 2룸 0 세안고,(TOP)선사현대공인중개사사무소,매매,102,저,80.29,58.68,"143,000",0,0,2026-08-14
1623,41088379,추천매매 넓은거실 주방 신혼부부추천 갭투자,부동산뱅크신세계공인중개사사무소,매매,102,저,93.57,58.68,"143,000",0,0,2026-08-14
1623,41088363,30. 남서향 개방감좋은 방향 준중층 입주,스타공인중개사사무소,매매,104,저,116.18,72.85,"165,000",0,0,2026-08-14
1623,41088193,34. 특올수리. 한강조망라인 아차산조망. 중저층,선사현대 골드공인중개사사무소,매매,114,저,0.00,82.94,"200,000",0,0,2026-08-14
1623,41093880,추천 30 정남향 올수리 채광좋고 항상밝은집 맞바람 입주,선사현대상가부자공인중개사사무소,매매,103,고,99.67,72.85,"168,000",0,0,2026-08-14
1623,41087106,34. 급매 특올수리 입주 가능 리모델링시 수혜,스타공인중개사사무소,매매,105,저,132.26,82.94,"167,000",0,0,2026-08-14
1623,41086980,"저렴한 매물, 밝고 깨끗함 27년 5월 입주가능",한강부동산공인중개사사무소,매매,103,저,93.57,58.68,"153,000",0,0,2026-08-14
1623,41093881,추천 24A 남서향 중상층 특올수리 최고컨디션 신혼부부 강추 부분 한,선사현대상가부자공인중개사사무소,매매,112,저,81.61,59.64,"166,000",0,0,2026-08-14
1623,41093925,"34,남동,특올수리,정원조망,입주협의",선사현대 원공인중개사사무소,매매,105,저,113.50,82.94,"166,500",0,0,2026-08-14
1623,41092693,34. 한강 조망 입주 추천 0 남서 중층 0,(TOP)선사현대공인중개사사무소,매매,113,중,113.50,82.94,"213,000",0,0,2026-08-14
1623,41097024,수리 중층 전망시원  남동향 빠른입주됩니다.,선사현대상가한양공인중개사사무소,매매,115,저,113.82,83.18,"175,000",0,0,2026-08-14
1623,41071166,34 남향 한강뷰 2베이 리모델링재건축추진중 암사역시장초등병원인접 입주가,선사아이파크428-2225공인중개사사무소,매매,110,중,114.49,83.67,"200,000",0,0,2026-08-13
1623,41071165,30  급매 남동향 전망굿 귀한입주물건 리모델링재건축추진중 암사역시장,선사아이파크428-2225공인중개사사무소,매매,110,고,116.18,72.85,"166,000",0,0,2026-08-13
1623,41045414,추천매매 남서향 중층 부분수리 깨끗 입주,부동산뱅크신세계공인중개사사무소,매매,104,저,116.18,72.85,"164,000",0,0,2026-08-13
1623,41039886,30. 추천 남동향 최로얄층 빠른입주 조건 최상,스타공인중개사사무소,매매,110,고,116.18,72.85,"166,000",0,0,2026-08-13
1623,41039333,30. 최고로얄층. 채광좋음. 깔끔부분수리. 세안고,선사현대 골드공인중개사사무소,매매,102,고,116.18,72.85,"168,000",0,0,2026-08-13
1623,41039273,30. 로얄층. 남향으로 채광좋음. 깔끔수리,선사현대 골드공인중개사사무소,매매,103,고,116.18,72.85,"168,000",0,0,2026-08-13
1623,41039209,34. 확장 올수리. 초록 조망.  저렴한 매물,선사현대 골드공인중개사사무소,매매,109,저,132.64,83.18,"167,000",0,0,2026-08-13
1623,41038973,수리 중층 전망시원 역세권 남동향 빠른입주됩니다.,선사현대상가한양공인중개사사무소,매매,114,저,132.64,83.18,"190,000",0,0,2026-08-13
1623,41072679,"34,정남향,확장, 한강조망선호구조,입주협의",선사현대 원공인중개사사무소,매매,111,고,114.49,83.67,"200,000",0,0,2026-08-13
1623,41078796,정남향 로얄층 깔끔하고 입주가능 추천매물,칠성공인중개사,매매,112,중,81.61,59.64,"165,000",0,0,2026-08-13
1623,41034614,"24A, 한강,아차산 초록조망. 최로얄남서. 추천",솔로몬공인중개사사무소,매매,112,중,0.00,59.64,"165,000",0,0,2026-08-13
1623,41034077,추천 34 정남향 로얄 판상형 수리 채광굿 맞바람 구조 깨끗하게 관리됨,선사현대상가부자공인중개사사무소,전세,111,저,133.42,83.67,0,"85,000",0,2026-08-13
1623,41032962,30 남향 로얄층 세안고매매 리모델링재건축추진중 암사역암사시장근접,선사아이파크428-2225공인중개사사무소,매매,102,고,0.00,72.85,"168,000",0,0,2026-08-13
1623,41047523,24P추천 I 올수리 I 수리 후 첫입주 I 하시입주 I,강동탑아이파크(02-426-4455)공인중개사사무소,매매,102,중,80.29,58.68,"158,000",0,0,2026-08-13
1623,41030595,"30, 확장 수리. 트인조망. 최로얄 남동향. 빠른입주 가능",솔로몬공인중개사사무소,매매,110,고,0.00,72.85,"166,000",0,0,2026-08-13
1623,41073779,"24A. 3룸 남향 최로얄 0 확장 수리 0 입주일, 금액 협의 0",(TOP)선사현대공인중개사사무소,월세,112,고,81.61,59.64,0,"20,000",180,2026-08-13
1623,41067389,암사초역세권  최상의한강뷰 신혼부부추천 올수리깨끗 지하주차장연결,부동산뱅크신세계공인중개사사무소,월세,101,고,81.61,59.64,0,"45,000",90,2026-08-13
1623,41028092,24. 한강사이드뷰 앞뒤 트인 조망 굿,스타공인중개사사무소,매매,112,중,95.10,59.64,"165,000",0,0,2026-08-13
1623,41027754,밝고 시원한집 귀한매물입니다,칠성공인중개사,매매,104,저,116.18,72.85,"165,500",0,0,2026-08-13
1623,41027279,"30,남동 편안한 거실조망,실용적인 내부 구조,입주 협의",선사현대 원공인중개사사무소,매매,112,저,0.00,72.85,"162,000",0,0,2026-08-13
1623,41069869,특수리 최로얄층 전망시원 남향  역세권 늦은입주됩니다.,선사현대상가한양공인중개사사무소,매매,102,고,99.67,72.85,"168,000",0,0,2026-08-13
1623,41010622,34 남서향 영구한강뷰. 부분수리. .관리상태 좋은집,선사현대 대영공인중개사사무소,매매,113,중,132.26,82.94,"213,000",0,0,2026-08-12
1623,41009617,추천 24 B 방2개 남동향 정원조망 거실넓은구조 암사역 역세권동,선사현대상가부자공인중개사사무소,매매,102,저,93.57,58.68,"143,000",0,0,2026-08-12
1623,41009500,24추천 한강조망 최고 입니다,선사현대상가월드공인중개사사무소,매매,112,중,95.10,59.64,"165,000",0,0,2026-08-12
1623,41028673,정남향 수리되고 로얄층 좋아요,칠성공인중개사,매매,103,고,99.67,72.85,"168,000",0,0,2026-08-12
1623,41028671,깔끔 조용 살기 좋은 추천매물,칠성공인중개사,매매,112,저,81.61,59.64,"166,000",0,0,2026-08-12
1623,41015216,확장수리 로얄층 남동향 전망탁트임 빠른입주됩니다.,선사현대상가한양공인중개사사무소,매매,110,고,99.67,72.85,"166,000",0,0,2026-08-12
1623,41008728,"34, 중층. 한강, 초록이 가득한 힐링뷰. 최근 특올수리",솔로몬공인중개사사무소,매매,114,저,132.26,82.94,"200,000",0,0,2026-08-12
1623,41008702,"34, 타워,한강 사이드 조망. 채광 좋은 밝은집",솔로몬공인중개사사무소,매매,115,고,132.64,83.18,"195,000",0,0,2026-08-12
1623,41015218,수리 남동향 중층 전망시원함 즉시입주됩니다.,선사현대상가한양공인중개사사무소,매매,103,저,80.29,58.68,"153,000",0,0,2026-08-12
1623,41008088,24B 공실 남동향 전망좋음 최근올수리 거실확장 리모델링재건축추진중,선사아이파크428-2225공인중개사사무소,매매,102,중,93.57,58.68,"158,000",0,0,2026-08-12
1623,41012672,"30,남동향,편안한 거실 조망,추천 입주매물",선사현대 원공인중개사사무소,매매,112,저,99.67,72.85,"162,000",0,0,2026-08-12
1623,41021519,30. 남서향 개방감 준중층 부분수리 입주 협의 리모델링 호재,스타공인중개사사무소,매매,104,저,99.67,72.85,"165,000",0,0,2026-08-12
1623,41012597,추천 42 정남향 그림같은 한강조망 최로얄층 영구적인 파노라마 한강뷰,선사현대상가부자공인중개사사무소,매매,116,고,141.30,114.42,"255,000",0,0,2026-08-12
1623,41017220,추천매매 남향 로얄층 부분수리 세안고추천,부동산뱅크신세계공인중개사사무소,매매,102,고,99.67,72.85,"168,000",0,0,2026-08-12
1623,41046006,30 입주 추천급매. 남향. 최로얄. 올수리,선사현대 대영공인중개사사무소,매매,103,고,99.67,72.85,"168,000",0,0,2026-08-12
1623,41046005,34 추천. 특올수리. 애들이 행복한 거실,선사현대 대영공인중개사사무소,매매,105,저,113.50,82.94,"167,000",0,0,2026-08-12
1623,41017221,추천매매 최상의 한강 및 워커힐 뷰  남서향 입주 로얄층,부동산뱅크신세계공인중개사사무소,매매,113,중,113.50,82.94,"213,000",0,0,2026-08-12
1623,41019405,강추 탁 트인 전망을 담은 햇살을 품은 밝고 환한  예쁜집,선사현대(02-3013-2267)공인중개사사무소,매매,104,저,99.67,72.85,"165,000",0,0,2026-08-12
1623,41006253,"30, 최로얄 남향. 올수리. 햇살채광 좋은집",솔로몬공인중개사사무소,매매,103,고,116.18,72.85,"168,000",0,0,2026-08-12
1623,41013899,30 남향 로얄층동 전망굿 리모델링재건축추진중 수직수평증축 실거주투자추천,선사아이파크428-2225공인중개사사무소,매매,103,고,99.67,72.85,"168,000",0,0,2026-08-12
1623,41006093,한강조망 로얄층 특올수리 입니다,선사현대상가월드공인중개사사무소,월세,111,고,95.10,59.64,0,"40,000",110,2026-08-12
1623,40973515,30. 입주 급매 0 거실 트인 남서향 0,(TOP)선사현대공인중개사사무소,매매,104,저,116.18,72.85,"164,000","32,000",110,2026-08-11
1623,40973508,24B. 올수리. 채광 좋은 남동향. 거실 트인 뷰.,(TOP)선사현대공인중개사사무소,매매,102,고,93.57,58.68,"160,000",0,0,2026-08-11
1623,40972983,,칠성공인중개사,매매,102,저,0.00,58.68,"143,000",0,0,2026-08-11
1623,40989711,24 전망트임 최근특올수리 리모델링재건축추진중 한강유치원초등시장지하철인접,선사아이파크428-2225공인중개사사무소,매매,102,저,80.29,58.68,"160,000",0,0,2026-08-11
1623,40972370,특 수리 남향에 통풍잘되고 예쁜집,칠성공인중개사,매매,103,고,0.00,72.85,"166,000",0,0,2026-08-11
1623,40971958,"24, 실거주 만족도 높은집. 편리한 생활동선. 정원조망",솔로몬공인중개사사무소,매매,102,저,93.57,58.68,"143,000",0,0,2026-08-11
1623,40971934,24B 중층. 입주 급매. 부분수리. 환한거실,선사현대 대영공인중개사사무소,매매,102,저,93.57,58.68,"156,000",0,0,2026-08-11
1623,40989712,30 로얄층 거실확장 리모델링재건축추진중 대단지 한강유치원초등시장있음,선사아이파크428-2225공인중개사사무소,매매,110,고,116.18,72.85,"166,000",0,0,2026-08-11
1623,40971562,확장샷시특수리 로얄층 전망탁트임 남동향 빠른입주됩니다.,선사현대상가한양공인중개사사무소,매매,102,고,0.00,58.68,"160,000",0,0,2026-08-11
1623,40971470,확장특수리 남동향 중층 전망좋고 협의입주 됩니다.,선사현대상가한양공인중개사사무소,매매,113,저,132.64,83.18,"186,000",0,0,2026-08-11
1623,40991675,추천 24 B  남동향 전세끼고  급매 거실넓은구조 신혼부부 강추,선사현대상가부자공인중개사사무소,매매,103,저,80.29,58.68,"153,000",0,0,2026-08-11
1623,40989710,24 남서향 고층한강뷰 올수리 리모델링재건축추진중 한강유치원초등시장지하철,선사아이파크428-2225공인중개사사무소,매매,112,고,81.61,59.64,"168,000",0,0,2026-08-11
1623,40987469,"24,남동로얄,올수리,역가까운 로얄동,절충가능",선사현대 원공인중개사사무소,매매,102,고,80.29,58.68,"160,000",0,0,2026-08-11
1623,40967871,24. 한강 앞뒤 뷰 로얄층 확장 올수리,스타공인중개사사무소,매매,112,고,0.00,59.64,"168,000",0,0,2026-08-11
1623,40967836,"24,추천매물,남동로얄,수리,접근성 뛰어난 로얄동",선사현대 원공인중개사사무소,매매,103,저,0.00,58.68,"153,000",0,0,2026-08-11
1623,40986309,강추 특올수리 한폭의 그림같은 한강뷰를  담아낸 자연 풍경을 끌어들인 집,선사현대(02-3013-2267)공인중개사사무소,매매,114,저,113.50,82.94,"200,000",0,0,2026-08-11
1623,40991673,추천 34 남동향 특올수리 전원조망 아이키우기 편한물건 늦은입주,선사현대상가부자공인중개사사무소,매매,105,저,113.50,82.94,"167,000",0,0,2026-08-11
1623,40991674,추천 24 남서 한강조망 최로얄층 앞트임 채광굿 입주,선사현대상가부자공인중개사사무소,매매,112,중,81.61,59.64,"165,000",0,0,2026-08-11
1623,40941615,"24,한강조망,남서로얄,부분수리,추천 입주매물",선사현대 원공인중개사사무소,매매,112,중,81.61,59.64,"165,000",0,0,2026-08-10
1623,40921632,34. 입주 급매. 거실 확장 특올수리. 남동 중층.,(TOP)선사현대공인중개사사무소,매매,113,저,132.64,83.18,"186,000",0,0,2026-08-10
1623,40921611,42. 올수리. 남향 로얄. 대형 평형 입주 매물.,(TOP)선사현대공인중개사사무소,매매,116,저,167.19,114.42,"220,000","85,000",0,2026-08-10
1623,40921589,30 남동향 전망트임 로얄층 리모델링재건축추진중 전철시장학교병원인접,선사아이파크428-2225공인중개사사무소,매매,110,고,116.18,72.85,"166,000",0,0,2026-08-10
1623,40921583,30 급매 귀한입주 예쁜정원뷰 방3크고 거실 넓음 리모델링재건축추진중,선사아이파크428-2225공인중개사사무소,매매,104,저,116.18,72.85,"164,000",0,0,2026-08-10
1623,40921367,"42, 환상적인 한강조망. 최로얄  뻥뷰. 추천매물",솔로몬공인중개사사무소,매매,116,고,167.19,114.42,"250,000",0,0,2026-08-10
1623,40921233,남동향 중층  수리 전망좋음 빠른입주됩니다.,선사현대상가한양공인중개사사무소,매매,115,저,132.64,83.18,"175,000",0,0,2026-08-10
1623,40940249,수리 중층 남서향 전망좋습니다.,선사현대상가한양공인중개사사무소,매매,104,저,99.67,72.85,"164,000",0,0,2026-08-10
1623,40925368,추천매매 넓은거실 주방 신혼부부추천 투자추천,부동산뱅크신세계공인중개사사무소,매매,102,저,80.29,58.68,"143,000",0,0,2026-08-10
1623,40940920,30 남동향 로얄층 부분수리 뒷쪽 한강뷰 뻥뷰 추천,스타공인중개사사무소,매매,110,고,99.67,72.85,"166,000",0,0,2026-08-10
1623,40920624,"30, 한강 사이드조망. 최로얄 남향. 일부수리 컨디션 굿",솔로몬공인중개사사무소,매매,102,고,116.18,72.85,"168,000",0,0,2026-08-10
1623,40940690,앞 틔여있고 조용 살기 좋은 추천매물,칠성공인중개사,매매,115,저,113.82,83.18,"180,000",0,0,2026-08-10
1623,40957096,34 입주급매. 주인거주. 느낌 좋은집,선사현대 대영공인중개사사무소,매매,115,저,113.82,83.18,"180,000",0,0,2026-08-10
1623,40919943,24A남서 중층 확장특올수리 시원하게 트인 아차산 뷰,강동공인중개사사무소,매매,112,저,95.10,59.64,"166,000",0,0,2026-08-10
1623,40919528,한강전망 초역세권  최로얄층 수리 빠른입주됩니다.,선사현대상가한양공인중개사사무소,매매,101,고,0.00,59.64,"175,000",0,0,2026-08-10
1623,40945096,추천 34 남동향 특올수리 전체수리로 컨디션 최고 안쪽동,선사현대상가부자공인중개사사무소,매매,113,저,113.82,83.18,"186,000",0,0,2026-08-10
1623,40918952,추천 24B 남동향 올수리 신혼부부 좋아하는 거실넓은구조 컨디션 굿,선사현대상가부자공인중개사사무소,매매,102,중,93.57,58.68,"158,000",0,0,2026-08-10
1623,40940152,강추 남향 그림같은 한강을 품은 자연을 담아낸  예쁜집,선사현대(02-3013-2267)공인중개사사무소,매매,102,고,99.67,72.85,"168,000",0,0,2026-08-10
1623,40918013,"30,남향로얄,역가까운 로얄동, 수리",선사현대 원공인중개사사무소,매매,102,고,0.00,72.85,"168,000",0,0,2026-08-10
1623,40917751,30 남향. 최로얄. 한강조망가능. 세안고 추천급매,선사현대 대영공인중개사사무소,매매,102,고,116.18,72.85,"168,000",0,0,2026-08-10
1623,40917689,24. 거실넓은구조. 수리잘되어있음. 채광좋아요,선사현대 골드공인중개사사무소,매매,102,중,93.57,58.68,"158,000",0,0,2026-08-10
1623,40957094,42 추천전세. 남향. 올수리. 중층. 느낌좋은집,선사현대 대영공인중개사사무소,매매,116,저,141.30,114.42,"220,000",0,0,2026-08-10
1623,40896036,"24한강조망,특올수리,남서로얄,추천 입주 매물",선사현대 원공인중개사사무소,매매,112,고,81.61,59.64,"168,000",0,0,2026-08-08
1623,40882092,30. 확장 부분 수리. 최로얄 남동향.,(TOP)선사현대공인중개사사무소,매매,110,고,116.18,72.85,"166,000",0,0,2026-08-08
1623,40882041,밝고 환한 집입니다.,제일공인중개사사무소481-6600,매매,116,고,167.19,114.42,"250,000",0,0,2026-08-08
1623,40900461,추천 42 정남향 그림같은 한강조망 최로얄층 영구적인 파노라마 한강뷰,선사현대상가부자공인중개사사무소,매매,116,고,141.30,114.42,"255,000",0,0,2026-08-08
1623,40881165,30.  저렴한매물.  중저층 . 앞이 트여있어 채광좋음. 부분수리,선사현대 골드공인중개사사무소,매매,104,저,116.18,72.85,"165,500",0,0,2026-08-08
1623,40881158,34. 로얄층. 확장수리. 채광좋고 트인조망,선사현대 골드공인중개사사무소,매매,106,중,132.26,82.94,"200,000",0,0,2026-08-08
1623,40880747,앞이 확 트인 남향집 입주가능 확장되었고 깨끗함,한강부동산공인중개사사무소,매매,116,중,0.00,114.42,"220,000",0,0,2026-08-08
1623,40896034,"30,남동로얄,확장,수리,조망트인 밝은집,입주협의",선사현대 원공인중개사사무소,매매,110,고,99.67,72.85,"166,000",0,0,2026-08-08
1623,40879649,24A 최로얄. 한강뷰. 추천급매,선사현대 대영공인중개사사무소,매매,112,중,95.10,59.64,"165,000",0,0,2026-08-08
1623,40879470,추천 24A 남서향 중상층 특올수리 최고컨디션 신혼부부 강추 부분 한강뷰,선사현대상가부자공인중개사사무소,매매,112,저,95.10,59.64,"166,000",0,0,2026-08-08
1623,40879393,24 남서향 멋진한강전망 로얄층라인 올수리 리모델링재건축추진 한강공원유치,선사아이파크428-2225공인중개사사무소,매매,112,고,0.00,59.64,"168,000",0,0,2026-08-08
1623,40879003,남서로얄 아차산과 사계절 아름다운 한강 뷰,강동공인중개사사무소,매매,113,중,0.00,82.94,"213,000",0,0,2026-08-08
1623,40842443,확장특수리 로얄층 남동향 전망시원  즉시입주됩니다.,선사현대상가한양공인중개사사무소,매매,110,고,0.00,72.85,"166,000",0,0,2026-08-07
1623,40842425,한강전망 남서향 로얄층 수리 협의입주됩니다.,선사현대상가한양공인중개사사무소,매매,113,중,0.00,82.94,"213,000",0,0,2026-08-07
1623,40842304,24. 최고로얄층. 트인조망. 올수리 . 세안고,선사현대 골드공인중개사사무소,매매,102,고,0.00,58.68,"160,000",0,0,2026-08-07
1623,40842227,34. 저렴한매물. 중저층. 트여있어 채광좋음,선사현대 골드공인중개사사무소,매매,115,저,132.64,83.18,"175,000",0,0,2026-08-07
1623,40864205,34 남서향 영구한강뷰. 주인거주. 느낌 좋은집,선사현대 대영공인중개사사무소,매매,113,중,113.50,82.94,"213,000",0,0,2026-08-07
1623,40845989,24 남서향 예쁜한강뷰 리모델링재건축추진중 한강공원 유치원 초등근처,선사아이파크428-2225공인중개사사무소,매매,112,중,81.61,59.64,"165,000",0,0,2026-08-07
1623,40844679,"34,한강영구조망,남서로얄,입주되는 추천 매물",선사현대 원공인중개사사무소,매매,113,중,113.50,82.94,"213,000",0,0,2026-08-07
1623,40849689,추천매매 신혼부부추천 남향 입주 중층 부분수리 깨끗,부동산뱅크신세계공인중개사사무소,매매,104,저,99.67,72.85,"170,000",0,0,2026-08-07
1623,40847222,폴딩도어샷시특수리 전망좋고 빠른입주되고 조정됨.,선사현대상가한양공인중개사사무소,매매,109,저,113.82,83.18,"167,000",0,0,2026-08-07
1623,40845988,24 남서향 한강조망가능 특올수리 리모델링재건축추진중 입주가 유치원초등옆,선사아이파크428-2225공인중개사사무소,매매,112,저,81.61,59.64,"166,000",0,0,2026-08-07
1623,40840549,수리 남동향 중층 전망시원 늦은입주됩니다.,선사현대상가한양공인중개사사무소,매매,103,저,0.00,58.68,"153,000",0,0,2026-08-07
1623,40864203,24B 최저가매물. 애들이 행복한 거실. 정원느낌 굿,선사현대 대영공인중개사사무소,매매,102,저,80.29,58.68,"143,000",0,0,2026-08-07
1623,40839894,추천 24 B  남동향 전세끼고  급매 거실넓은구조 신혼부부 강추,선사현대상가부자공인중개사사무소,매매,103,저,0.00,58.68,"153,000",0,0,2026-08-07
1623,40845990,34 아름다운한강뷰 3베이 리모델링재건축추진중 로얄동로얄라인 입주협의,선사아이파크428-2225공인중개사사무소,매매,113,중,113.50,82.94,"213,000",0,0,2026-08-07
1623,40839695,추천 24 남서 한강조망 최로얄층 앞트임 채광굿 입주,선사현대상가부자공인중개사사무소,매매,112,중,0.00,59.64,"165,000",0,0,2026-08-07
1623,40839358,리모델링호제  중층입니다,칠성공인중개사,매매,103,저,93.57,58.68,"153,000",0,0,2026-08-07
1623,40839205,34. 남서 한강뷰 입주 추천,(TOP)선사현대공인중개사사무소,매매,113,중,132.64,82.94,"213,000",0,0,2026-08-07
1623,40838803,24 남동향 최고로얄층 뻥뷰,스타공인중개사사무소,매매,102,고,93.57,58.68,"160,000",0,0,2026-08-07
1623,40838498,34. 확장올수리. 중저층. 채광좋음,선사현대 골드공인중개사사무소,매매,113,저,132.64,83.18,"186,000",0,0,2026-08-07
1623,40860961,남동향 특올수리 편안한 정원조망,강동공인중개사사무소,매매,105,저,113.50,82.94,"166,500",0,0,2026-08-07
1623,40809021,추천매매 최상의한강뷰  남서향  로얄층 부분수리 깨끗,부동산뱅크신세계공인중개사사무소,매매,112,중,81.61,59.64,"168,000",0,0,2026-08-06
1623,40803900,"암사역세권,트인뷰와공간넓은집,주인거주,입주",단지앞고금숙공인중개사사무소,매매,115,저,113.82,83.18,"175,000",0,0,2026-08-06
1623,40809270,남서향 특올수리 중층 입니다,선사현대상가월드공인중개사사무소,매매,112,저,81.61,59.64,"166,000",0,0,2026-08-06
1623,40800174,24B. 최근 거실 확장 특올수리. 초록 조망되는 중저층.,(TOP)선사현대공인중개사사무소,매매,102,저,93.57,58.68,"160,000",0,0,2026-08-06
1623,40803885,24A 남서 특올수리 최근수리하여 쾌적함 컨디션 최고 신혼부부 추천,선사현대상가부자공인중개사사무소,매매,112,저,81.61,59.64,"166,000",0,0,2026-08-06
1623,40806645,수리 남동향 전망시원 중층 빠른입주됩니다.,선사현대상가한양공인중개사사무소,매매,115,저,113.82,83.18,"175,000",0,0,2026-08-06
1623,40798504,24B 최근 특올수리. 환한거실. 신혼강추,선사현대 대영공인중개사사무소,매매,102,저,93.57,58.68,"162,000",0,0,2026-08-06
1623,40798456,한강최고전망 확장특수리 로얄층 남서향 빠른입주됩니다.,선사현대상가한양공인중개사사무소,매매,112,고,0.00,59.64,"168,000",0,0,2026-08-06
1623,40797160,"24A. 최근 특올수리 0 한강, 아차산 조망 라인 0",(TOP)선사현대공인중개사사무소,매매,112,저,95.10,59.64,"166,000",0,0,2026-08-06
1623,40797131,24 남동 무주택자매수가 세안고 리모델링재건축추진중 후순위대출가,선사아이파크428-2225공인중개사사무소,매매,103,저,0.00,58.68,"153,000",0,0,2026-08-06
1623,40796629,24.추천 한강.워커힐 뷰 최근 특올수리 입주,스타공인중개사사무소,매매,112,저,0.00,59.64,"166,000",0,0,2026-08-06
1623,40796426,24A 특올수리. 한강조망 라인. 추천급매,선사현대 대영공인중개사사무소,매매,112,저,95.10,59.64,"166,000",0,0,2026-08-06
1623,40796364,"최근 특올수리된집,거실확장,입주협의",한강부동산공인중개사사무소,매매,102,저,93.57,58.68,"160,000",0,0,2026-08-06
1623,40811344,강추 특올수리 그림같은  한강뷰를  담아낸  자연을 끌어들인  예쁜집,선사현대(02-3013-2267)공인중개사사무소,매매,112,저,81.61,59.64,"166,000",0,0,2026-08-06
1623,40629040,강추 특올수리 멋진 한강뷰를 그림삼고 사계절 자연을 끌어들인 집,선사현대(02-3013-2267)공인중개사사무소,매매,112,고,0.00,59.64,"168,000",0,0,2026-07-31
1623,40659625,추천 특올수리 정원같은조망 남동향,부동산뱅크신세계공인중개사사무소,매매,105,저,113.50,82.94,"167,000",0,0,2026-07-31
1623,40628842,24A 특올수리. 한강뷰. 최로얄 매물. 추천,선사현대 대영공인중개사사무소,매매,112,고,95.10,59.64,"168,000",0,0,2026-07-31
1623,40643997,30 급매 귀한입주 예쁜정원뷰 방3크고 거실 넓음 리모델링재건축추진중,선사아이파크428-2225공인중개사사무소,매매,104,저,116.18,72.85,"164,000",0,0,2026-07-31
1623,40647078,34. 한강조망라인 워커힐뷰 특올수리 입주,스타공인중개사사무소,매매,114,저,113.50,82.94,"200,000",0,0,2026-07-31
1623,40646608,"24,남동로얄,올수리,하시입주",선사현대 원공인중개사사무소,매매,102,중,80.29,58.68,"158,000",0,0,2026-07-31
1623,40643996,34 급매 로얄동로얄층 롯데타워한강전망 밝고환한집 리모델링재건축 입주,선사아이파크428-2225공인중개사사무소,매매,115,고,113.82,83.18,"190,000",0,0,2026-07-31
1623,40626916,24A. 한강 조망 가능한 남서 최로얄 0 확장 수리 0,(TOP)선사현대공인중개사사무소,매매,112,고,95.10,59.64,"168,000",0,0,2026-07-31
1623,40626278,샷시확장특수리 역세권 전망좋고 빠른입주 됩니다.,선사현대상가한양공인중개사사무소,매매,109,저,132.64,83.18,"167,000",0,0,2026-07-31
1623,40626150,34. 입주 추천 0 로얄층 남향  0 거실 확장 올수리 0,(TOP)선사현대공인중개사사무소,매매,110,중,133.42,83.67,"200,000",0,0,2026-07-31
1623,40625966,추천 24 A 특 한강조망 최로얄층 확장및올수리 쾌적함 입주,선사현대상가부자공인중개사사무소,매매,112,고,0.00,59.64,"168,000",0,0,2026-07-31
1623,40625400,추천 42 정남향 그림같은 한강조망 최로얄층 영구적인 파노라마 한강뷰 입,선사현대상가부자공인중개사사무소,매매,116,고,167.19,114.42,"255,000",0,0,2026-07-31
1623,40647607,역세권 남동향 전망좋고 햇빛잘들고 수리 했습니다.,선사현대상가한양공인중개사사무소,매매,102,저,80.29,58.68,"143,000",0,0,2026-07-31
1623,40590491,"특올수리,한강,채광굿,중층,추천best",단지앞고금숙공인중개사사무소,매매,114,저,0.00,82.94,"200,000",0,0,2026-07-30
1623,40608275,24 남동향 전망굿 최근특올수리 리모델링재건축추진중 암사역시장앞 입주협의,선사아이파크428-2225공인중개사사무소,매매,102,저,80.29,58.68,"160,000",0,0,2026-07-30
1623,40605702,"30,급매,남서,채광 조망굿,접근성 뛰어난 로얄동,입주매물입니다",선사현대 원공인중개사사무소,매매,104,저,99.67,72.85,"165,000",0,0,2026-07-30
1623,40587998,24. 중층 특올수리 하시 입주,스타공인중개사사무소,매매,102,중,93.57,58.68,"158,000",0,0,2026-07-30
1623,40587865,24 남동향 전망굿 최근특올수리 리모델링재건축추진중 암사역시장앞 입주협의,선사아이파크428-2225공인중개사사무소,매매,102,저,95.10,58.68,"16,000",0,0,2026-07-30
1623,40587535,확장수리됨  앞뒤튀인 밝고 좋은 매물입니다,칠성공인중개사,매매,116,중,167.19,114.42,"220,000",0,0,2026-07-30
1623,40614852,24B 최근 특올수리. 환한거실. 주인거주. 느낌굿,선사현대 대영공인중개사사무소,매매,102,저,80.29,58.68,"162,000",0,0,2026-07-30
1623,40605275,34.  입주 급매 추천 . 거실 환한 남동향.,(TOP)선사현대공인중개사사무소,매매,115,저,113.82,83.18,"175,000",0,0,2026-07-30
1623,40559171,34 급매 특올수리 유치원어린이집초등한강공원인접 리모델링재건축진행중 입주,선사아이파크428-2225공인중개사사무소,매매,105,저,113.50,82.94,"165,000",0,0,2026-07-29
1623,40566210,30. 강추 남향 로얄층 한강사이 조망 뷰굿 올수리 세안고 27.5월,스타공인중개사사무소,매매,102,고,99.67,72.85,"168,000",0,0,2026-07-29
1623,40557996,추천 34 정남향 로얄 판상형 수리 채광굿 맞바람 구조 깨끗하게 관리됨,선사현대상가부자공인중개사사무소,전세,111,저,114.49,83.67,0,"85,000",0,2026-07-29
1623,40552561,특올수리 밝은 남동향 입니다,선사현대상가월드공인중개사사무소,매매,105,저,132.26,82.94,"167,000",0,0,2026-07-29
1623,40552523,30 추천 매물 입니다,선사현대상가월드공인중개사사무소,매매,104,저,116.18,72.85,"165,500",0,0,2026-07-29
1623,40559172,30 남서향 귀한입주물건 리모델링재건축추진중 후문앞 초등 시장 한강공원,선사아이파크428-2225공인중개사사무소,매매,104,저,99.67,72.85,"164,000",0,0,2026-07-29
1623,40542061,,솔로몬공인중개사사무소,매매,102,저,80.29,58.68,"143,000",0,0,2026-07-28
1623,40534148,42 남향 확장올수리 암사역유치원초등한강공원암사시장 리모델링재건축추진,선사아이파크428-2225공인중개사사무소,매매,116,중,141.30,114.42,"220,000",0,0,2026-07-28
1623,40542063,"34, 중층. 전체 특수리. 컨디션 최상. 초록 뷰 조망 굿",솔로몬공인중개사사무소,매매,113,저,113.82,83.18,"186,000",0,0,2026-07-28
1623,40514048,전자계약 공동환영 정원조망,가온누리부동산중개법인주식회사,매매,113,저,132.26,82.94,"170,000",0,0,2026-07-28
1623,40513656,"34,남동향,중저로얄,층,주방넓은 선호구조,조망트인 밝은집",선사현대 원공인중개사사무소,매매,115,저,132.64,83.18,"175,000",0,0,2026-07-28
1623,40513427,강추  탁트인 시원한  전망과 햇살을 품은 예쁜집,선사현대(02-3013-2267)공인중개사사무소,매매,104,저,116.18,72.85,"165,500",0,0,2026-07-28
1623,40534147,42 한강조망 남향 뻥뷰 거실확장 리모델링재건축추진중 역유치원초등한강공원,선사아이파크428-2225공인중개사사무소,매매,116,고,141.30,114.42,"250,000",0,0,2026-07-28
1623,40486303,추천 42 정남향 그림같은 한강조망 최로얄층 영구적인 파노라마 한강뷰,선사현대상가부자공인중개사사무소,매매,116,고,141.30,114.42,"255,000",0,0,2026-07-27
1623,40468620,한강조망 확장수리 남향 로얄층  빠른입주됩니다.,선사현대상가한양공인중개사사무소,매매,111,고,133.42,83.67,"200,000",0,0,2026-07-27
1623,40468519,특수리 전망탁트임 로얄층  남동향  입주협의됩니다.,선사현대상가한양공인중개사사무소,매매,103,고,116.18,72.85,"166,000",0,0,2026-07-27
1623,40431798,"30. 올수리. 최로얄 남향. 채광, 통풍 보장.",(TOP)선사현대공인중개사사무소,매매,103,고,116.18,72.85,"168,000",0,0,2026-07-25
1623,40390149,30. 최로얄 남향. 세안고 매매 추천.,(TOP)선사현대공인중개사사무소,매매,102,고,116.18,72.85,"168,000","45,000",90,2026-07-24
20020053,41484335,전망굿 특올수리 명일역세권10분내 입주일협의,열매공인중개사사무소,매매,101,10,143.55,84.98,"140,000",0,0,2026-08-26
20020053,41484332,남향 로얄층 확장 롯데타워뷰 입주일협의,래미안강동열매공인중개사사무소,매매,101,9,143.54,84.96,"135,000",0,0,2026-08-26
20020053,41466830,명일역역세 확장형 올수리 채광조망 굿 밝고 좋은집입니다.,부동산뱅크명일역점공인중개사사무소,매매,101,9,106.10,84.96,"135,000",0,0,2026-08-25
20020053,41444130,남향  정원뷰  넓은구조 확장   깨끗,미래부동산공인중개사사무소,매매,101,3,143.54,84.96,"128,000",0,0,2026-08-25
20020053,41442136,최근특올수리 로얄층 5호선명일역세권 정상입주,래미안강동열매공인중개사사무소,매매,101,10,143.55,84.98,"140,000",0,0,2026-08-25
20020053,41442119,남향 전망굿 확장수리 명일역세권10분내,열매공인중개사사무소,매매,101,9,143.54,84.96,"135,000",0,0,2026-08-25
20020053,41418117,"주인의뢰,특인테리어,최고 컨디션 관리 잘된집입니다.",롯데캐슬가교공인중개사사무소,매매,101,10,106.12,84.98,"140,000",0,0,2026-08-24
20020053,41288397,명일역세권에 밝은집으로 올확장으로 보시면 마음에 드실겁니다.,현대공인중개사사무소,매매,101,9,106.10,84.96,"135,000",0,0,2026-08-20
20020053,41288405,명일역세권에 올수리된 매매물건으로 보시면 마음에 드실겁니다.,현대공인중개사사무소,매매,101,고,106.12,84.98,"140,000",0,0,2026-08-20
20020053,41249064,"추천, 입주매물. 특수리 컨디션 최상. 역세권. 탁 트인 조망",솔로몬공인중개사사무소,매매,101,10,106.12,84.98,"140,000",0,0,2026-08-19
20020053,41249063,명일역세권. 확장수리. 교육환경 굿.  생활 및 교통 인프라 굿,솔로몬공인중개사사무소,매매,101,9,106.10,84.96,"135,000",0,0,2026-08-19
20020053,41202690,"주인의뢰,입주,무주택자 세안고 매매도 가능,남향에 뻥뷰입니다.",롯데캐슬가교공인중개사사무소,매매,101,고,106.10,84.96,"135,000",0,0,2026-08-18
20020053,41141845,"올확장,확트인 뷰,정상입주 마음에 드실 집",제일공인중개사사무소,매매,101,9,106.10,84.96,"135,000",0,0,2026-08-15
20020053,41072720,추천 특올수리 확트인조망 명일역세권으로 실거주하기 우수한 단지 ,금강솔베뉴공인중개사,매매,101,10,106.12,84.98,"140,000",0,0,2026-08-13
20020053,41038740,최근 특올수리.신혼집 화이트톤,강남(롯데캐슬)단지내(02-441-2000)공인중개사사무소,매매,101,고,106.12,84.98,"140,000",0,0,2026-08-12
20020053,40975744,추천매매  올확장 로얄층 탁트인뷰  남향 수리깨끗 입주매물,부동산뱅크신세계공인중개사사무소,매매,101,9,106.10,84.96,"135,000",0,0,2026-08-11
20020053,40975745,추천매매 전체특올수리 로얄층 명일역세권  입주매물,부동산뱅크신세계공인중개사사무소,매매,101,10,106.12,84.98,"140,000",0,0,2026-08-11
20020053,40994372,"로얄층,상태굿,정상입주",홍익부동산공인중개사사무소,매매,101,고,106.12,84.98,"140,000",0,0,2026-08-11
20020053,40957092,남향. 로얄층. 올수리. 주인거주 느낌 좋은집,선사현대 대영공인중개사사무소,매매,101,10,106.12,84.98,"140,000",0,0,2026-08-10
20020053,40908865,"추천,로얄동층,시원하게 트인조망,올확장으로 컨디션 좋은 아파트입니다.",금강솔베뉴공인중개사,매매,101,9,106.10,84.96,"135,000",0,0,2026-08-08
20020053,40900951,집컨디션이 좋습니다. 전망이 좋아요 주위교통이 좋습니다.,신탁공인중개사,매매,101,고,106.10,84.96,"135,000",0,0,2026-08-08
20020053,40895593,최근 특올수리. 최로얄 남향.,(TOP)선사현대공인중개사사무소,매매,101,10,106.12,84.98,"140,000",0,0,2026-08-08
20020053,40864202,확장수리. 남향. 일조굿. 추천매물,선사현대 대영공인중개사사무소,매매,101,9,106.10,84.96,"135,000",0,0,2026-08-07
20020053,40814187,명일역 역세권 화이트톤 관리상태 좋음.,열매공인중개사사무소,매매,102,고,106.12,84.98,"140,000",0,0,2026-08-06
20020053,40822924,올수리됨 집컨디션이 좋습니다. 전망이 좋아요 주위교통이 좋습니다.,신탁공인중개사,매매,101,고,106.12,84.98,"140,000",0,0,2026-08-06
20020053,40689731,"남향,올확장된 로얄층,정상입주",홍익부동산공인중개사사무소,매매,101,고,106.10,84.96,"135,000",0,0,2026-08-01
20020053,40646946,남향 로얄층. 올확장. 입주 추천.,(TOP)선사현대공인중개사사무소,매매,101,9,106.10,84.96,"135,000",0,0,2026-07-31
20020053,40553292,특올수리된 밝고 예쁜집입니다,캐슬연세(441-8822)공인중개사사무소,매매,101,10,143.55,84.98,"140,000",0,0,2026-07-29
20020053,40582862,특올수리된 예쁜집입니다,캐슬연세(441-8822)공인중개사사무소,매매,101,고,106.12,84.98,"140,000",0,0,2026-07-29
1628,41485833,"HOT급매, 즉시입주,부분수리 밝고깨끗,내집마련Chance",신동엽 공인중개사사무소,매매,101,4,149.80,84.87,"100,000",0,0,2026-08-26
1628,41482625,"초급매, 부분수리,공간넓고 환하게트인이쁜집천매물",단지앞고금숙공인중개사사무소,매매,101,4,0.00,84.87,"100,000",0,0,2026-08-26
1628,41391729,26. 거실넓은 구조. 로얄층. 남향으로 채광좋음,선사현대 골드공인중개사사무소,매매,101,고,116.34,59.34,"80,000",0,0,2026-08-24
1628,41355867,"착한가격,로얄층,정남향,채광굿,살기좋은집,추천best",단지앞고금숙공인중개사사무소,매매,101,고,116.34,59.34,"80,000",0,0,2026-08-22
1628,41355856,"특올수리,공간넓고 트인뷰,살기좋고 행복이가득한집추천best",단지앞고금숙공인중개사사무소,매매,101,고,116.34,59.34,"95,000",0,0,2026-08-22
1628,41312108,"HOT추천, 입주, 전세가격에 내집마련Chance 탁트인뷰, 학세권",신동엽 공인중개사사무소,매매,101,고,116.34,59.34,"80,000",0,0,2026-08-21
1628,41259437,"HOT추천, 계단식, 내집마련Chance 거실넓은 탁트인뷰, 학세권",신동엽 공인중개사사무소,매매,101,4,109.94,84.87,"100,000",0,0,2026-08-19
1628,41177877,암사역10분거리 선사초 부분수리 상태굿 채광우수 입주하시,강동공인중개사사무소,매매,101,저,0.00,84.87,"100,000",0,0,2026-08-18
1628,41200621,34 계단식 입주가능 구조예쁨 한강공원초등중등고등시장병원지하철인접 추천물,선사아이파크428-2225공인중개사사무소,매매,101,4,109.94,84.87,"100,000",0,0,2026-08-18
1628,41139871,"hot추천, 남향,상태기본, 내집마련Chance, 탁트인 뷰",신동엽 공인중개사사무소,매매,101,고,88.47,59.34,"80,000",0,0,2026-08-15
1628,41078829,"hot추천, 정남향, 뻥뚫린 뷰, 내집마련Chance",신동엽 공인중개사사무소,매매,101,고,88.47,59.34,"80,000",0,0,2026-08-13
1628,41013895,34 급매 계단식 수리됨 판상형 구조예쁘고좋아요. 시장병원은행초등전철인접,선사아이파크428-2225공인중개사사무소,매매,101,4,109.94,84.87,"100,000",0,0,2026-08-12
1628,40991532,"착한가격,살기좋고 공간넓은이쁜집,입주협의,교통망우수,편의시설다수,강추",단지앞고금숙공인중개사사무소,매매,101,고,88.47,59.34,"80,000",0,0,2026-08-11
1628,40859786,투룸. 채광아주좋음. 깔끔수리. 거실넓은구조,선사현대 골드공인중개사사무소,매매,101,고,88.47,59.34,"80,000",0,0,2026-08-07
1628,40803899,"선사역세권,조용하고 살기좋은집,한강변근거리,교통망우수",단지앞고금숙공인중개사사무소,매매,101,고,88.47,59.34,"95,000",0,0,2026-08-06
1628,40832187,"HOT급매, 즉시입주,부분수리 밝고깨끗,내집마련Chance",신동엽 공인중개사사무소,매매,101,4,109.94,84.87,"100,000",0,0,2026-08-06
1628,40647148,"HOT추천, 입주, 전세가격에 내집마련Chance 상태기본,학세권",신동엽 공인중개사사무소,매매,101,고,88.47,59.34,"80,000",0,0,2026-07-31
1627,41295931,"남향,로얄층,확장,세안고",홍익부동산공인중개사사무소,매매,101,고,105.96,84.73,"140,000",0,0,2026-08-20
1627,41288400,"명일역세권에 풍경이 아름다운단지,정남향에 밝은집으로 마음에 드실겁니다",현대공인중개사사무소,매매,101,고,105.96,84.73,"145,000",0,0,2026-08-20
1627,41140987,"명일역 초역세권, 넓고 쾌적, 확장, 입주가능",솔베뉴공인중개사사무소,매매,101,10,125.92,105.82,"156,000",0,0,2026-08-15
1627,40841779,"올수리 되어 있음,채광 좋고 공간 넓음,주차편리",럭키공인중개사사무소,매매,101,7,135.95,84.73,"145,000",0,0,2026-08-07
1630,41383041,"hot급매, 정남향, 밝고깨끗한 전세가에 내집마련Chance",신동엽 공인중개사사무소,매매,102,저,102.83,83.42,"89,000",0,0,2026-08-22
1630,41289325,,강동공인중개사사무소,매매,103,고,113.92,100.52,"135,000",0,0,2026-08-20
1630,41268241,"확장,트인남향,선사초,암사재래시장,공간넓고살기좋은집,무융자",단지앞고금숙공인중개사사무소,매매,102,3,129.83,83.42,"95,000",0,0,2026-08-20
1630,41287269,"focus추천, 남향, 전세가격에 내집마련Chance, 학세권",신동엽 공인중개사사무소,매매,102,3,102.83,83.42,"95,000",0,0,2026-08-20
1630,41125517,"55 HOT추천, 방4욕실3, 정남향, 특올수리, 한강뷰, 2세대거주 굿",신동엽 공인중개사사무소,매매,103,고,149.53,131.98,"153,000",0,0,2026-08-14
1630,40975749,추천급매 남향 초품아 정원같은조망 입주,부동산뱅크신세계공인중개사사무소,매매,102,저,102.83,83.42,"85,000",0,0,2026-08-11
1630,40986903,"HOT추천, 채광좋은 정남향, 전세가격에 내집장만Chance",신동엽 공인중개사사무소,매매,102,3,102.83,83.42,"95,000",0,0,2026-08-11
1631,40975746,추천매매 입주 정원같은조망 수리깨끗,부동산뱅크신세계공인중개사사무소,매매,1,1,79.49,59.52,"75,000",0,0,2026-08-11
1631,40881122,26. 채광좋은 남향. 2년전 깔끔수리. 신혼추천. 암사역세권,선사현대 골드공인중개사사무소,매매,1,4,108.26,59.52,"78,000",0,0,2026-08-08
1631,40818227,"2년전 깔끔하게 수리,채광좋은 남향,편의시설 좋음",선사현대 골드공인중개사사무소,매매,1,4,79.49,59.52,"78,000",0,0,2026-08-06
20071454,41358536,"확장되고 편안한정원뷰,하시입주",홍익부동산공인중개사사무소,매매,106,저,109.51,84.94,"173,000",0,0,2026-08-22
20071454,40902743,"확장,올수리,풀시스템에어컨,정상입주",홍익부동산공인중개사사무소,매매,121,저,161.45,84.98,"180,000",0,0,2026-08-08
20071454,41490935,하시입주.로얄동 최고전망 올확장 수리,강남(롯데캐슬)단지내(02-441-2000)공인중개사사무소,매매,122,고,142.75,114.27,"230,000",0,0,2026-08-26
20071454,41460676,"확장 된 집, 수목조망,  관리 잘된 집. 보시면 마음에 드실 집",제일공인중개사사무소,월세,116,3,142.75,114.27,0,"80,000",65,2026-08-25
20071454,41448816,수리된 주인거주로 추천드립니다.,금강솔베뉴공인중개사,매매,117,1,109.51,84.94,"175,000",0,0,2026-08-25
20071454,41445090,확장수리된 밝고 예쁜집 입니다.,캐슬연세(441-8822)공인중개사사무소,월세,116,3,0.00,114.27,0,"80,000",60,2026-08-25
20071454,41458676,"주인의뢰,올확장,깨끗하게 수리된집입니다.",롯데캐슬가교공인중개사사무소,매매,108,고,142.75,114.27,"212,000",0,0,2026-08-25
20071454,41444785,조망권 채광 밝고 예쁜집 입니다.,캐슬연세(441-8822)공인중개사사무소,월세,114,고,0.00,114.27,0,"77,000",80,2026-08-25
20071454,41444436,43주.인.직.접 정상입주 확장 수리 인기동 편안한 정원조망,롯데캐슬아침공인중개사사무소,매매,116,3,209.15,114.27,"190,000",0,0,2026-08-25
20071454,41460677,"확장 된 집, 수목조망,  관리 잘된 집 보시면 마음에 드실 집",제일공인중개사사무소,전세,116,3,142.75,114.27,0,"95,000",0,2026-08-25
20071454,41472987,"확장,정원조망,수납공간많은구조,빠른입주가능",암사박사공인중개사,매매,106,저,109.51,84.94,"173,000",0,0,2026-08-25
20071454,41472989,"최근특올수리,확장,중저층,시스템에어컨4대,정상입주",암사박사공인중개사,매매,121,저,112.07,84.98,"180,000",0,0,2026-08-25
20071454,41472988,"확장,수리,앞트인전망,정원조망,입주",암사박사공인중개사,매매,116,저,142.75,114.27,"190,000",0,0,2026-08-25
20071454,41460678,"확장 된 집, 수목조망,  관리 잘된 집 보시면 마음에 드실 집",제일공인중개사사무소,매매,116,3,142.75,114.27,"190,000",0,0,2026-08-25
20071454,41448823,"확장,로얄층,정상입주",홍익부동산공인중개사사무소,전세,112,고,112.07,84.98,0,"90,000",0,2026-08-25
20071454,41468772,프팰 POINT 지하철5.8 더블역세권 최근  일부수리된집,포인트공인중개사사무소,매매,121,저,112.07,84.98,"174,000",0,0,2026-08-25
20071454,41448824,"확장,앞트인동,빠른입주",홍익부동산공인중개사사무소,월세,116,저,142.75,114.27,0,"80,000",60,2026-08-25
20071454,41470293,,강남(롯데캐슬)단지내(02-441-2000)공인중개사사무소,전세,112,고,112.07,84.98,0,"90,000",0,2026-08-25
20071454,41397578,"저층이지만 트여있어 밝고 환한집,안정감있는 집입니다.",럭키공인중개사사무소,매매,106,4,158.87,84.94,"175,000",0,0,2026-08-24
20071454,41412589,33확장형 올수리  빠른입주가능  깔끔,롯데캐슬아침공인중개사사무소,전세,112,중,112.07,84.98,0,"90,000",0,2026-08-24
20071454,41432682,"최근수리,확장,롯데타워뷰,전망,채광좋아요",암사박사공인중개사,매매,108,고,142.75,114.27,"212,000",0,0,2026-08-24
20071454,41396447,주인거주.일부확장,강남(롯데캐슬)단지내(02-441-2000)공인중개사사무소,매매,106,중,158.87,84.94,"177,000",0,0,2026-08-24
20071454,41402457,확트인 시야.깨끗한 집,강남(롯데캐슬)단지내(02-441-2000)공인중개사사무소,매매,106,저,109.51,84.94,"173,000",0,0,2026-08-24
20071454,41433238,무융 올확장 명일역세권 빠른입주 8억에80 가능한 추천매물입니다,금강솔베뉴공인중개사,전세,116,3,142.75,114.27,0,"95,000",0,2026-08-24
20071454,41418120,"올확장,올수리된 로열층 매물입니다.",롯데캐슬가교공인중개사사무소,매매,105,고,109.51,84.94,"179,000",0,0,2026-08-24
20071454,41402459,"확장,정원뷰,입주",강남(롯데캐슬)단지내(02-441-2000)공인중개사사무소,매매,103,저,79.65,59.98,"161,000",0,0,2026-08-24
20071454,41418121,확장 채광좋은 로얄층 5호선 역세권동입니다.,롯데캐슬가교공인중개사사무소,전세,112,고,112.07,84.98,0,"90,000",0,2026-08-24
20071454,41415027,"최근 특올수리 확장, 시스템에어컨 , 터진 뷰 전망최상",캐슬현대428-0006공인중개사사무소,매매,116,고,142.75,114.27,"210,000",0,0,2026-08-24
20071454,41380906,"확장,녹지조망,앞전망편안함,상가이용편리동",암사박사공인중개사,매매,103,저,79.65,59.98,"161,000",0,0,2026-08-22
20071454,41325393,"확장,수리된 로얄층,정상입주",홍익부동산공인중개사사무소,매매,108,고,142.75,114.27,"212,000",0,0,2026-08-21
20071454,41325394,"확장수리된 로얄층,정상입주",홍익부동산공인중개사사무소,매매,108,고,142.75,114.27,"212,000",0,0,2026-08-21
20071454,41312265,"추천 특인테리어 올수리 확장 , 풀에6 , 탁트인 전망",캐슬현대428-0006공인중개사사무소,매매,120,고,209.15,114.27,"220,000",0,0,2026-08-21
20071454,41319015,"올확장,수리,로얄층,주인거주",암사박사공인중개사,매매,109,고,142.75,114.27,"200,000",0,0,2026-08-21
20071454,41319016,"탁트인전망,최근특올수리,확장,시스템에어컨,입주",암사박사공인중개사,매매,116,고,142.75,114.27,"210,000",0,0,2026-08-21
20071454,41347192,"확트인 시야.  올확장,조용하고 채광좋은집",강남(롯데캐슬)단지내(02-441-2000)공인중개사사무소,매매,116,저,142.75,114.27,"190,000",0,0,2026-08-21
20071454,41337640,33확장 판상형 로얄동층 명일초인접 전망굿 날짜협의 ,롯데캐슬아침공인중개사사무소,전세,112,고,112.07,84.98,0,"90,000",0,2026-08-21
20071454,41276083,올확장.정원뷰 집상태깨끗,강남(롯데캐슬)단지내(02-441-2000)공인중개사사무소,월세,116,저,142.75,114.27,0,"80,000",60,2026-08-20
20071454,41270812,조망이 좋고 깔끔하게 수리된집  올확장 정상입주,THE 행복공인중개사사무소,매매,106,중,0.00,84.97,"177,000",0,0,2026-08-20
20071454,41269365,확장되고 편안한 수목조망이 예쁜집 정상입주,THE 행복공인중개사사무소,매매,121,저,0.00,84.98,"174,000",0,0,2026-08-20
20071454,41241153,33정상입주 올확장 중저층 정남향 수목조망 입주협의가능,롯데캐슬아침공인중개사사무소,매매,105,저,0.00,84.97,"178,000",0,0,2026-08-19
20071454,41257064,"탁트인뷰,명일역,주인거주로 관리굿",고덕종점그라시움공인중개사사무소,매매,118,중,110.42,84.97,"180,000",0,0,2026-08-19
20071454,41232062,주인거주.일부확장,강남(롯데캐슬)단지내(02-441-2000)공인중개사사무소,매매,106,중,158.87,84.94,"177,000",0,0,2026-08-19
20071454,41251314,"귀한 남서향,로얄층,정상입주",홍익부동산공인중개사사무소,매매,112,중,112.07,84.98,"180,000",0,0,2026-08-19
20071454,41223322,"최근 특올수리 확장 , 시스템에어컨,확 터진 전망  , 주인거주",캐슬현대428-0006공인중개사사무소,매매,116,고,209.15,114.27,"210,000",0,0,2026-08-19
20071454,41245105,올확장 명일역세권 입주로 추천하는 매물입니다.,금강솔베뉴공인중개사,매매,116,저,142.75,114.27,"190,000",0,0,2026-08-19
20071454,41245700,"주인의뢰,판상형구조,로얄층,입주협의",암사박사공인중개사,매매,112,중,112.07,84.98,"180,000",0,0,2026-08-19
20071454,41245100,무융 올확장 명일역세권 입주협의 전세도 가능한 추천매물입니다,금강솔베뉴공인중개사,월세,116,3,142.75,114.27,0,"80,000",60,2026-08-19
20071454,41251315,"앞트인동,확장,정상입주",홍익부동산공인중개사사무소,전세,116,저,142.75,114.27,0,"95,000",0,2026-08-19
20071454,41232068,올확장.정원뷰 8억65도가능 집상태깨끗,강남(롯데캐슬)단지내(02-441-2000)공인중개사사무소,전세,116,저,142.75,114.27,0,"95,000",0,2026-08-18
20071454,41176428,최근풀수리 채광. 개방감까지 굿. 살고싶은집 입니다.,캐슬연세(441-8822)공인중개사사무소,월세,102,고,0.00,59.98,0,"30,000",200,2026-08-18
20071454,41211969,43 주.인.직.접 확장 수리 인기동 트인조망 날짜협의 월세8억60가능,롯데캐슬아침공인중개사사무소,전세,116,3,142.75,114.27,0,"95,000",0,2026-08-18
20071454,41211971,33 정상입주 부분수리 올확장 판상형 편안하고 예쁜 정원뷰,롯데캐슬아침공인중개사사무소,매매,121,저,112.07,84.98,"174,000",0,0,2026-08-18
20071454,41175979,올확장 편안한 수목조망 하시입주 채광좋은 남향집 중저층,THE 행복공인중개사사무소,매매,105,저,0.00,84.97,"178,000",0,0,2026-08-18
20071454,41202689,주인  확장 수리된  녹색  조경이 예쁜집입니다.,롯데캐슬가교공인중개사사무소,매매,116,저,142.75,114.27,"190,000",0,0,2026-08-18
20071454,41140988,"입주, 뛰어도 좋아요. 올수리",솔베뉴공인중개사사무소,매매,117,1,109.51,84.94,"175,000",0,0,2026-08-15
20071454,41143913,"확장,정상입주",홍익부동산공인중개사사무소,매매,104,저,112.07,84.98,"170,000",0,0,2026-08-15
20071454,41090725,"올확장,편안한 정원뷰,정상입주",홍익부동산공인중개사사무소,매매,106,저,161.45,84.94,"173,000",0,0,2026-08-14
20071454,41105608,"주인의뢰, 월세 가능 올확장 수리된집입니다.",롯데캐슬가교공인중개사사무소,전세,116,저,142.75,114.27,0,"95,000",0,2026-08-14
20071454,41073777,26확장 최근올수리 로열동층 생활편리동 주인거주  조망굿 깨끗,롯데캐슬아침공인중개사사무소,월세,102,고,79.65,59.98,0,"30,000",200,2026-08-13
20071454,41072713,"확장,정원뷰,정상입주",홍익부동산공인중개사사무소,매매,121,저,112.07,84.98,"174,000",0,0,2026-08-13
20071454,41009888,,롯데캐슬아침공인중개사사무소,월세,114,고,0.00,114.27,0,"77,000",80,2026-08-12
20071454,41034247,"탁트인전망,특인테리어,확장,시스템에어컨6대",암사박사공인중개사,매매,120,고,142.75,114.27,"220,000",0,0,2026-08-12
20071454,40971734,33단.독.매.물 올확장 풀수리 중저층  판상형구조 깔끔 조용한동 추천,롯데캐슬아침공인중개사사무소,매매,119,저,161.45,84.98,"180,000",0,0,2026-08-11
20071454,40968102,,캐슬연세(441-8822)공인중개사사무소,월세,114,고,142.75,114.27,0,"77,000",80,2026-08-11
20071454,40994371,정상입주 가능한 주인 직접의뢰 물건,홍익부동산공인중개사사무소,매매,112,중,112.07,84.98,"180,000",0,0,2026-08-11
20071454,40988583,"주인의뢰,입주,작은방 확장,수납 좋은 구조 일부 수리된집입니다.",롯데캐슬가교공인중개사사무소,매매,117,저,109.51,84.94,"175,000",0,0,2026-08-11
20071454,40945116,"올확장된 편안한 정원뷰,정상입주",홍익부동산공인중개사사무소,매매,121,저,112.07,84.98,"174,000",0,0,2026-08-10
20071454,40945115,"확장,아이키우기 좋은 별장같은 층,정상입주",홍익부동산공인중개사사무소,매매,117,저,109.51,84.94,"175,000",0,0,2026-08-10
20071454,40901291,,캐슬연세(441-8822)공인중개사사무소,매매,116,저,142.75,114.27,"190,000",0,0,2026-08-08
20071454,40902744,"확장된 최고로얄동,층,빠른입주도 가능",홍익부동산공인중개사사무소,매매,122,고,142.75,114.27,"230,000",0,0,2026-08-08
20071454,40881215,43 주.인.직.접 확장 수리 인기동 트인조망 날짜협의 월세8억80,롯데캐슬아침공인중개사사무소,전세,116,저,0.00,114.27,0,"95,000",0,2026-08-08
20071454,40902745,"확장,수리,정상입주",홍익부동산공인중개사사무소,매매,120,저,142.75,114.27,"190,000",0,0,2026-08-08
20071454,40897166,"주인의뢰, 10억 전세도 가능 올확장 수리된집입니다.",롯데캐슬가교공인중개사사무소,월세,116,저,142.75,114.27,0,"80,000",60,2026-08-08
20071454,40879610,,캐슬연세(441-8822)공인중개사사무소,전세,116,저,0.00,114.27,0,"95,000",0,2026-08-08
20071454,40868152,확장.남향.입주,강남(롯데캐슬)단지내(02-441-2000)공인중개사사무소,매매,106,중,110.42,84.97,"175,000",0,0,2026-08-07
20071454,40672768,,강남(롯데캐슬)단지내(02-441-2000)공인중개사사무소,매매,122,중,142.75,114.27,"210,000",0,0,2026-08-01
20071454,40689732,"확장,로얄층,정상입주",홍익부동산공인중개사사무소,전세,109,중,142.75,114.27,0,"100,000",0,2026-08-01
20071454,40663677,매수찬스. 최근풀수리. 풀시에4. 전후면 조망권까지 예쁜집 입니다,캐슬연세(441-8822)공인중개사사무소,매매,121,저,0.00,84.98,"183,000",0,0,2026-08-01
20071454,40663600,24정상입주 올확장 생활편리동 예쁜정원조망,롯데캐슬아침공인중개사사무소,매매,103,저,0.00,59.98,"161,000",0,0,2026-08-01
20071454,40681705,"주인의뢰,확장,입주,로얄동,로얄층입니다.",롯데캐슬가교공인중개사사무소,매매,111,중,112.07,84.98,"200,000",0,0,2026-08-01
20071454,40629268,33정상입주 올확장 주인거주  명일초인접동 날짜협의 깨끗,롯데캐슬아침공인중개사사무소,매매,104,저,0.00,84.98,"170,000",0,0,2026-07-31
20071454,40629202,33정상입주 확장 최근올수리 시에4대 깨끗하고 조망 예쁜집,롯데캐슬아침공인중개사사무소,매매,121,저,0.00,84.98,"183,000",0,0,2026-07-31
20071454,40626219,확장형. 전후면 밝고 개방감 좋은집 입니다.,캐슬연세(441-8822)공인중개사사무소,매매,103,저,114.50,59.98,"161,000",0,0,2026-07-31
20071454,40569417,"확장 , 로얄동층,  판상형으로 조용하고  채광 잘드는 집 ,입주정상",캐슬현대428-0006공인중개사사무소,매매,119,중,112.07,84.98,"175,000",0,0,2026-07-29
20071454,40558008,"확장,편안한뷰,정상입주",홍익부동산공인중개사사무소,매매,103,저,79.65,59.98,"161,000",0,0,2026-07-29
20071454,40579479,"판상형구조,확장,로얄층,전망,채광좋아요",암사박사공인중개사,전세,112,고,112.07,84.98,0,"90,000",0,2026-07-29
20071454,40483442,"확장,로얄층,정상입주",홍익부동산공인중개사사무소,매매,109,고,142.75,114.27,"200,000",0,0,2026-07-27
20071454,40483441,"확장,로얄층,정상입주",홍익부동산공인중개사사무소,전세,109,중,209.15,114.27,0,"100,000",0,2026-07-27
1635,41139872,"hot급매,특올수리, 내집마련Chance, 밝고깨끗 ",신동엽 공인중개사사무소,매매,101,저,78.70,59.94,"125,000",0,0,2026-08-15
1635,40873183,"hot추천, 남향,최근특올수리, 롯데타워 한강조망뷰 굿, 입주",신동엽 공인중개사사무소,매매,102,고,94.42,71.91,"147,000",0,0,2026-08-07
1635,41397078,"트인뻥뷰가이쁜로얄층,학세권,주방에서한강뷰,확장,살고싶은집",단지앞고금숙공인중개사사무소,매매,101,23,105.63,59.94,"135,000",0,0,2026-08-24
1635,41416104,전세 투자 후 27년 입주. 확장 올수리.,(TOP)선사현대공인중개사사무소,매매,103,중,151.01,115.00,"152,000",0,0,2026-08-24
1635,41415802,"28 hot추천,정남향, 특올수리, 밝고깨끗, 작은방에서 한강뷰",신동엽 공인중개사사무소,매매,102,고,94.42,71.91,"147,000",0,0,2026-08-24
1635,41383035,"HOT급매, 45정남향 확장올수리, 밝고깨끗, 세안고",신동엽 공인중개사사무소,매매,103,중,151.01,115.00,"152,000",0,0,2026-08-22
1635,41355831,"특올수리,남동향,입주,조용하고 살기좋은행복한집,",단지앞고금숙공인중개사사무소,매매,101,저,105.63,59.94,"135,000",0,0,2026-08-22
1635,41354551,"28 HOT추천, 입주, 정남향, 특올수리, 밝고깨끗, 작은방 한강뷰",신동엽 공인중개사사무소,매매,102,고,126.74,71.91,"147,000",0,0,2026-08-22
1635,41383043,"hot추천, 예전올수리,탁트인뷰, 내집마련Chance, 밝고깨끗 ",신동엽 공인중개사사무소,매매,101,고,78.70,59.94,"135,000",0,0,2026-08-22
1635,41362582,추천매매 입주  정원같은조망 초중고 인접아파트,부동산뱅크신세계공인중개사사무소,매매,101,저,78.70,59.94,"125,000",0,0,2026-08-22
1635,41314188,"전체 확장 특올수리, 중층, 채광굿, 입주협의",선사현대크로바부동산공인중개사사무소,매매,101,9,105.63,59.94,"135,000",0,0,2026-08-21
1635,41334282,"focus추천, 남향, 계단식, 부분수리, 밝고깨끗, 내집마련Chance",신동엽 공인중개사사무소,매매,101,중,111.51,84.93,"150,000",0,0,2026-08-21
1635,41334281,"HOT추천, 계단식,중층, 특올수리, 내집마련Chance, 밝고깨끗",신동엽 공인중개사사무소,매매,101,저,78.70,59.94,"135,000",0,0,2026-08-21
1635,41334280,"hot추천,내집마련Chance 뻥뚤린뷰, 밝고깨끗한집, 부분수리",신동엽 공인중개사사무소,매매,101,18,78.70,59.94,"135,000",0,0,2026-08-21
1635,41217126,"45 HOT추천, 남향, 계단식, 확장올수리, 초중고인접 학세권, 세안고",신동엽 공인중개사사무소,매매,103,중,202.66,115.00,"152,000",0,0,2026-08-19
1635,41216978,"HOT추천, 특올수리,아이키우기좋은 정원뷰,층간소음걱정NO,학세권",신동엽 공인중개사사무소,매매,101,1,105.63,59.94,"125,000",0,0,2026-08-19
1635,41216011,"focus추천, 옛올수리, 환상적인 검단산한강뷰,학세권역세권",신동엽 공인중개사사무소,매매,101,23,105.63,59.94,"135,000",0,0,2026-08-19
1635,41259436,"HOT추천, 계단식,중층, 특올수리, 내집마련Chance, 밝고깨끗",신동엽 공인중개사사무소,매매,101,저,78.70,59.94,"135,000",0,0,2026-08-19
1635,41200624,23 로얄동층 계단식 방3 한강뷰 한강공원 초등중등고등 암사역 산책로풍부,선사아이파크428-2225공인중개사사무소,매매,101,23,78.70,59.94,"135,000",0,0,2026-08-18
1635,41200623,23 로얄동층 계단식 방3 한강뷰 한강공원 초등중등고등 암사역 산책로풍부,선사아이파크428-2225공인중개사사무소,매매,101,18,78.70,59.94,"135,000",0,0,2026-08-18
1635,41200628,23 초급매 최근특올수리 확장형 방3 계단식 조용 한강공원초등중등시장인접,선사아이파크428-2225공인중개사사무소,매매,101,저,78.70,59.94,"125,000",0,0,2026-08-18
1635,41205519,확장형 최근 특올수리 입주협의 초중고 인접 강추,스타공인중개사사무소,매매,101,저,78.70,59.94,"125,000",0,0,2026-08-18
1635,41234894,추천매매 올수리 남향 로얄층 롯데타워뷰 입주,부동산뱅크신세계공인중개사사무소,매매,101,고,111.51,84.93,"153,000",0,0,2026-08-18
1635,41139870,"HOT추천, 입주, 남향, 올수리, 뻥뚫린뷰 밝고깨끗, 주방작은방한강뷰",신동엽 공인중개사사무소,매매,102,고,94.42,71.91,"142,000",0,0,2026-08-15
1635,41091137,23. 귀한 전세 계단식 로얄층 컨디션 굿,스타공인중개사사무소,전세,102,중,0.00,59.94,0,"66,000",0,2026-08-14
1635,41125518,"HOT추천, 예전특올수리, 환상적인 검단산한강뷰,학세권역세권",신동엽 공인중개사사무소,매매,101,23,78.70,59.94,"135,000",0,0,2026-08-14
1635,41125516,"HOT추천, 남향, 확장수리,  역세권, 뻥뚫린 뷰, 세안고",신동엽 공인중개사사무소,매매,103,중,151.01,115.00,"152,000",0,0,2026-08-14
1635,41078830,"hot추천, 최근 특올수리,층간소음걱정no, 4계절아름다운정원뷰",신동엽 공인중개사사무소,매매,101,저,78.70,59.94,"125,000",0,0,2026-08-13
1635,41013896,23 계단식 전망좋은뷰 방3 남향 초등한강공원둘레길 시장병원인접 조용한집,선사아이파크428-2225공인중개사사무소,매매,101,23,78.70,59.94,"135,000",0,0,2026-08-12
1635,41013897,23 계단식 뻥뷰 방3 남향 초등한강공원둘레길 시장병원인접 조용한집,선사아이파크428-2225공인중개사사무소,매매,101,18,78.70,59.94,"135,000",0,0,2026-08-12
1635,40991529,,단지앞고금숙공인중개사사무소,매매,101,23,78.70,59.94,"135,000",0,0,2026-08-11
1635,40986904,"hot추천, 입주 계단식,뻥똟린뷰, 밝고깨끗, 학세권, 역세권",신동엽 공인중개사사무소,매매,101,23,78.70,59.94,"135,000",0,0,2026-08-11
1635,40986902,"HOT급매, 남향,예전특수리 내집마련Chance 거실넓은 탁트인뷰",신동엽 공인중개사사무소,매매,103,중,151.01,115.00,"152,000",0,0,2026-08-11
1635,40873181,"hot추천, 계단식, 내집마련Chance 거실넓은 탁트인뷰, 역세권",신동엽 공인중개사사무소,매매,101,23,78.70,59.94,"135,000",0,0,2026-08-07
1635,40809016,추천매매 부분수리  남향  로얄층  깨끗  세안고 투자,부동산뱅크신세계공인중개사사무소,매매,103,중,151.01,115.00,"152,000",0,0,2026-08-06
1635,40647149,"HOT추천, 특올수리,사계절아름다운 정원뷰,층간소음걱정NO,학세권",신동엽 공인중개사사무소,매매,101,저,78.70,59.94,"125,000",0,0,2026-07-31
1635,40588730,추천매매 부분수리  남향  로얄층  깨끗  세안고 투자,부동산뱅크신세계공인중개사사무소,매매,103,9,202.66,115.00,"152,000",0,0,2026-07-30
1635,40558296,,고덕강남부동산 공인중개사 사무소,매매,103,중,151.01,115.00,"152,000",0,0,2026-07-29
1635,40512095,,고덕강남부동산 공인중개사 사무소,매매,103,중,202.66,115.00,"152,000",0,0,2026-07-28
1635,40470080,남서향 샤시 포함 특올수리 확장형 학세권,스타공인중개사사무소,매매,101,저,105.63,59.94,"125,000",0,0,2026-07-27
1635,40469399,추천매매 올수리 남향 로얄층 롯데타워뷰 입주,부동산뱅크신세계공인중개사사무소,매매,101,고,149.68,84.93,"153,000",0,0,2026-07-27
20121590,41391259,"역세권,한강과그림같은아차산조망,추천매물,입주협의",단지앞고금숙공인중개사사무소,매매,103,중,0.00,84.98,"150,000",0,0,2026-08-24
20121590,41355625,암사역세권 로얄층 신암초근교 영구한강조망,강동공인중개사사무소,매매,103,중,0.00,84.98,"150,000",0,0,2026-08-22
20121590,41259563,깔끔 공원뷰 조용 살기 좋은 추천매물,칠성공인중개사,매매,102,저,105.82,84.98,"148,000",0,0,2026-08-19
20121590,41218560,추천 32B 올확장형 공원뷰 신암초1분 한강시민공원3분  초품격 입주,선사현대상가부자공인중개사사무소,매매,102,저,141.43,84.98,"148,000",0,0,2026-08-19
20121590,41127549,"창밖으로 펼쳐지는 공원, 아차산 전망. 생활 및 교통인프라  우수",솔로몬공인중개사사무소,매매,102,4,105.82,84.98,"148,000",0,0,2026-08-14
1500059737,41461178,"34.역세권신축급,시에3,알파룸,초품아,단지커뮤니티시설굿 ",선사현대크로바부동산공인중개사사무소,매매,103,11,113.96,84.99,"175,000",0,0,2026-08-25
1500059737,41428390,신축급컨디션. 판상형구조. 에컨3대등 옵션. 교통생활인프라 최상,솔로몬공인중개사사무소,매매,101,11,112.46,84.99,"170,000",0,0,2026-08-24
1500059737,41312850,"신축급.타워조망 굿. 알파룸. 에컨3대. 생활,교통 인프라 굿",솔로몬공인중개사사무소,매매,103,중,170.77,84.99,"175,000",0,0,2026-08-21
1500059737,41311379,역세권 신축급 학세권 에4 풀옵션 하시입주,스타공인중개사사무소,전세,103,중,0.00,84.99,0,"98,000",0,2026-08-21
1500059737,41177528,확트인조망. 판상형. 로얄층. 시티뷰. 에어컨4대,선사현대 골드공인중개사사무소,월세,103,중,0.00,84.99,0,"50,000",200,2026-08-18
1500059737,41177510,34. 어에컨4대. 채광좋은 로얄층. 확트인조망. 아주깔끔함.,선사현대 골드공인중개사사무소,전세,103,중,0.00,84.99,0,"98,000",0,2026-08-18
1500059737,41234893,추천매매 암사초역세권 로얄층 일조권최상 입주매물,부동산뱅크신세계공인중개사사무소,매매,103,중,113.96,84.99,"175,000",0,0,2026-08-18
1500059737,41144700,환상 조망.  일조 굿.  최로얄. 주인거주로 느낌 좋은집,선사현대 대영공인중개사사무소,매매,103,20,113.96,84.99,"193,000",0,0,2026-08-15
1500059737,40932291,"힐스테이트암사,3룸화장실2,27년2월달실입주가능,84제곱,넓은쓰리룸APT",동현대공인중개사사무소,매매,103,26,112.46,84.99,"190,000",0,0,2026-08-10
1500059737,40880360,추천매매 암사초역세권 로얄층 일조권최상 입주매물,부동산뱅크신세계공인중개사사무소,매매,103,중,170.77,84.99,"175,000",0,0,2026-08-08
1500060617,41489796,"탁트인 조망 최상 올확장  교통편리 신명초,중학교앞 학세권",반석공인중개사사무소,매매,102,7,110.52,84.99,"181,000",0,0,2026-08-26
1500060617,41482653,"25 귀한 신축6년차,9호선 28년개통예정,초중인접,풀에",강동헤리티지자이스마트(477-6910)공인중개사사무소,매매,105,18,132.76,59.97,"160,000",0,0,2026-08-26
1500060617,41444137,트인조망  9호선공사중  신명초중  인접,미래부동산공인중개사사무소,매매,105,18,132.76,59.97,"160,000",0,0,2026-08-25
1500060617,41426550,"급매 남동향  앞트조망 신명초,중학교,인접 9호선 역세권",반도부동산,매매,105,18,82.71,59.97,"160,000",0,0,2026-08-24
1500060617,41390987,"남동향,에어컨4대,탁트인조망권,",경성공인중개사사무소,매매,104,중,132.76,59.97,"165,000",0,0,2026-08-24
1500060617,41368519,트인조망 시스템에어컨풀 신명초중 9호선수혜단지,GS자이공인중개사사무소,매매,105,18,82.71,59.97,"160,000",0,0,2026-08-22
1500060617,41368520,탁트인최고전망 에어컨 관리아주잘됨,GS자이공인중개사사무소,매매,102,고,110.52,84.99,"180,000",0,0,2026-08-22
1500060617,41326644,"남동향,에어컨4대,탁트인조망권,",경성공인중개사사무소,매매,104,중,82.71,59.97,"165,000",0,0,2026-08-21
1500060617,41326645,"신명초,중학교 인접,주인 거주로 깨끗하며 중문,에어컨,붙박이장등",경성공인중개사사무소,매매,102,고,110.52,84.99,"180,000",0,0,2026-08-21
1500060617,41326642,"남동향,에어컨4,중문,신명초,중학교 인접,입주는10월협의가능",경성공인중개사사무소,매매,105,18,82.71,59.97,"160,000",0,0,2026-08-21
1500060617,41326643,"9호선 역세권,초,중학교 인접,주인 거주로 깨끗하며 중문,에어컨,등",경성공인중개사사무소,매매,102,7,110.52,84.99,"180,000",0,0,2026-08-21
1500060617,41311438,신축6년 귀한물건 에어컨플 중문 9호선연장호재 신명초중,신동아공인중개사무소,매매,105,18,132.76,59.97,"160,000",0,0,2026-08-21
1500060617,41275155,"남동향 신명초,중학교 학세권 입주협의",반석공인중개사사무소,매매,105,18,82.71,59.97,"160,000",0,0,2026-08-20
1500060617,41239232,"33 귀한 신축6년차,9호선 28년개통예정,초중인접,풀에",강동헤리티지자이스마트(477-6910)공인중개사사무소,매매,101,고,110.52,84.99,"180,000",0,0,2026-08-19
1500060617,41239231,"25 귀한 신축6년차,9호선 28년개통예정,초중인접,풀에",강동헤리티지자이스마트(477-6910)공인중개사사무소,매매,105,18,82.71,59.97,"160,000",0,0,2026-08-19
1500060617,41239230,"25 귀한 신축6년차,9호선 28년개통예정,초중인접,풀에",강동헤리티지자이스마트(477-6910)공인중개사사무소,매매,104,21,83.43,59.99,"160,000",0,0,2026-08-19
1500060617,41253563,신축6년 귀한물건 에어컨플 중문 9호선연장호재 신명초중,신동아공인중개사무소,매매,105,18,82.71,59.97,"160,000",0,0,2026-08-19
1500060617,41253564,신축5년 귀한물건 롯데타워뷰 9호선연장호재 신명초중,신동아공인중개사무소,매매,101,고,110.52,84.99,"180,000",0,0,2026-08-19
1500060617,41234809,"앞전망굿 고층 신명초,중학교인접 학세권",반석공인중개사사무소,매매,104,21,83.43,59.99,"160,000",0,0,2026-08-18
1500060617,41175672,"시스템 에어콘3대,중문,주인거주 입주가능",경성공인중개사사무소,매매,102,7,181.45,84.99,"180,000",0,0,2026-08-18
1500060617,41175649,"신명초,중학교인접,시스템 에어콘,중문,붙박이장,주인거주로 입주협의가능",경성공인중개사사무소,매매,102,고,181.45,84.99,"180,000",0,0,2026-08-18
1500060617,41175058,"신명초,중학교인접,남동향,중문,에어컨4개,9호선 개통예정,입주협의",경성공인중개사사무소,매매,105,18,132.76,59.97,"160,000",0,0,2026-08-18
1500060617,40951661,신축5년 귀한물건 에어컨플 중문 일자산뷰 9호선연장호재 신명초중,신동아공인중개사무소,매매,104,21,83.43,59.99,"160,000",0,0,2026-08-10
1500060617,40755802,"조망권굿 신명초,중학교,바로앞 학세권 9호선공사",반도부동산,매매,104,21,83.43,59.99,"160,000",0,0,2026-08-04
1500060617,40708609, 탁 트인전망 최상 남향 올확장 9호선연장 역세권,반도부동산,매매,102,7,110.52,84.99,"181,000",0,0,2026-08-03
1500060617,40690462,"남동향  탁트인 앞조망 신명초,중학교,바로앞  9호선공사",반도부동산,매매,106,고,82.71,59.97,"165,000",0,0,2026-08-01
50547,41447735,밝은 남향 부분수리  9호선생태사거리역세권,반도부동산,매매,112,저,172.42,147.17,"190,000",0,0,2026-08-25
50547,41413341,최근 화이트톤  특급 올수리 l 탁트인뷰 l 여유입주 l 9호선 초인접,강동하나공인중개사사무소,매매,103,중,110.62,84.88,"172,000",0,0,2026-08-24
50547,41390911,"생태공원역 인접,거실확장,입주협의",경성공인중개사사무소,매매,104,17,154.47,84.88,"165,000",0,0,2026-08-24
50547,41368518,남향 로얄동로얄층 거실작은방확장 9호선생태공원사거리역개통임박,GS자이공인중개사사무소,매매,104,17,110.62,84.88,"165,000",0,0,2026-08-22
50547,41357473,"탁트인전망 남향 거실,작은방확장 9호선생태사거리초역세권 ",반도부동산,매매,104,17,110.62,84.88,"165,000",0,0,2026-08-22
50547,41310321,채광우수 전망굿 거실확장 방확장 9호선생태공원사거리역호재,GS자이공인중개사사무소,매매,104,17,154.47,84.88,"165,000",0,0,2026-08-21
50547,41326641,"남향,생태공원역 인접지,버스정류장인근,입주협의",경성공인중개사사무소,매매,104,17,110.62,84.88,"165,000",0,0,2026-08-21
50547,41156609,탁 트인 일자산뷰 특급조망 최상  남향 ,반석공인중개사사무소,매매,110,중,172.42,147.17,"195,000",0,0,2026-08-17
50547,41088003,남향 일자산최상뷰 입주협의 9호선생태공원사거리역개통예정,GS자이공인중개사사무소,매매,110,중,248.44,147.17,"200,000",0,0,2026-08-14
50547,40975812,탁 트인 조망권 남향 채광굿. 9호선초역세권공사,반석공인중개사사무소,매매,104,17,110.62,84.88,"165,000",0,0,2026-08-11
50547,40995287, 남향 트인밝은전망  9호선 생태사거리연장 호재 초역세권,반도부동산,매매,109,저,150.60,126.43,"176,000",0,0,2026-08-11
50547,40938312,저렴한매물 l 예쁜 정원뷰 l 9호선 생태공원  l 투자와거주,강동하나공인중개사사무소,매매,111,저,150.60,126.43,"180,000",0,0,2026-08-10
50547,40843521,밝은남향 9호선생태사거리초역세권 공사중,반도부동산,매매,104,6,110.62,84.88,"160,000",0,0,2026-08-07
50547,40856597,남향 일자산전망최상 9호선생태공원사거래역호재,GS자이공인중개사사무소,매매,110,중,172.42,147.17,"195,000",0,0,2026-08-07
50547,40802824,최고의뷰 특급조망 상태최고 9호선생태사거리공사초역세권,반도부동산,매매,103,고,110.62,84.88,"166,000",0,0,2026-08-06
50547,40815335,일자산뷰 깔끔함 9호선생태공원역개통예정,GS자이공인중개사사무소,매매,102,고,150.60,126.43,"185,000",0,0,2026-08-06
50547,40737744,남향 채광굿 거실 작은방확장. 9호선연장 역세권,반석공인중개사사무소,매매,109,저,150.60,126.43,"177,000",0,0,2026-08-04
50547,40675179,앞전망 남향 채광굿. 9호선공사 생태사거리역세권,반석공인중개사사무소,매매,104,6,110.62,84.88,"160,000",0,0,2026-08-01
50547,40638473,전망 남향 로얄층  바로앞버스정류장 ,반도부동산,매매,110,중,172.42,147.17,"200,000",0,0,2026-07-31
50547,40638472, 남향 트인밝은전망  9호선 생태사거리연장 호재 초역세권,반도부동산,매매,109,저,150.60,126.43,"177,000",0,0,2026-07-31
50547,40614219," 탁트인 일자산뷰 최상 남향 교통, 학군, 편의시설 좋음",반도부동산,매매,102,고,150.60,126.43,"185,000",0,0,2026-07-30
20460585,41416492,25형 첫입주 굽은다리역3분 3룸2화 에2 이뻐요 서두르세요,(단지내)청춘공인중개사사무소,전세,1,10,77.75,59.99,0,"73,000",0,2026-08-24
20460585,41416493,25형 첫입주 굽은다리역3분 3룸2화 이뻐요,(단지내)청춘공인중개사사무소,전세,1,10,77.75,59.99,0,"73,000",0,2026-08-24
20460585,41364374,신축 첫입주 25형 대로변 3룸2화 굽은다리역5분 6억이상대출可,(단지내)청춘공인중개사사무소,매매,1,8,77.75,59.99,"107,050",0,0,2026-08-22
20460585,41333634,첫입주 조용주택가 25형 에4 굽은다리역 3룸2화 이뻐요 대출가능,(단지내)청춘공인중개사사무소,전세,1,4,77.75,59.99,0,"70,000",0,2026-08-21
20460585,41258862,첫입주 조용주택가 25형 에4 굽은다리역 3룸2화 이뻐요 대출가능,(단지내)청춘공인중개사사무소,전세,1,4,77.75,59.99,0,"70,000",0,2026-08-19
20460585,41078979,첫입주 조용주택가 25형 에4 굽은다리역 3룸2화 이뻐요 대출가능,(단지내)청춘공인중개사사무소,전세,1,4,77.75,59.99,0,"70,000",0,2026-08-14
20460585,41056567,전세대출 보증보험O 초역세 신축아파트 에어컨 인덕셕 조명특화 안방팬트리,(단지내)세진공인중개사사무소,전세,1,4,77.75,59.99,0,"70,000",0,2026-08-13
20460585,40985132,,열린공인중개사사무소,전세,1,4,77.75,59.99,0,"70,000",0,2026-08-12
20460585,41019020,신축 첫입주 25형 대로변 3룸2화 굽은다리역5분 6억이상대출可,(단지내)청춘공인중개사사무소,매매,1,2,77.75,59.99,"106,050",0,0,2026-08-12
20460585,41019018,신축 첫입주 25형 대로변 3룸2화 굽은다리역5분 6억이상대출,(단지내)청춘공인중개사사무소,매매,1,11,77.75,59.99,"107,550",0,0,2026-08-12
20460585,40895916,강추 신축 굽은다리역3분 방3화2 깔끔한 인테리어 빠른입주가능,(단지내)청춘공인중개사사무소,전세,1,4,77.75,59.99,0,"70,000",0,2026-08-08
20460585,40895915,신축 에4 첫입주 25형 대로변 3룸2화 굽은다리역5분 6억이상대출可,(단지내)청춘공인중개사사무소,매매,1,15,77.75,59.99,"108,550",0,0,2026-08-08
20460585,40734568,굽은다리역 초역세권 신축아파트,홈링크부동산중개법인주식회사,전세,1,4,115.23,59.99,"108,050","70,000",0,2026-08-04
20460585,40734515,굽은다리역 초역세권 신축아파트,홈링크부동산중개법인주식회사,전세,1,10,115.23,59.99,"108,050","73,000",0,2026-08-04
20460585,40513462,굽은다리역 초역세권 신축아파트,홈링크부동산중개법인주식회사,전세,1,16,115.23,59.99,"108,050","80,000",0,2026-07-28
20460585,40513392,굽은다리역 초역세권 신축아파트,홈링크부동산중개법인주식회사,매매,1,15,115.23,59.99,"108,550",0,0,2026-07-28
20460585,40513283,굽은다리역 초역세권 신축아파트,홈링크부동산중개법인주식회사,매매,1,14,115.23,59.99,"108,550",0,0,2026-07-28
20061660,41484381,부분수리  붙박이장 강동역역세권,래미안강동열매공인중개사사무소,매매,1,10,157.43,84.94,"95,000",0,0,2026-08-26
20061660,41493095,방3화2 올수리 강동역세권 주인거주 빠른입주가,둔촌스타공인중개사사무소,매매,1,10,108.57,84.94,"95,000",0,0,2026-08-26
20061660,41481349,"올수리, 강동역3분, 입주협의",래미안친구공인중개사사무소,매매,1,10,157.43,84.94,"95,000",0,0,2026-08-26
20061660,41432728,"수리되어깔끔, 강동역역세권, 주인분거주, 빠른입주가능",일광공인중개사사무소,매매,1,10,157.43,84.94,"95,000",0,0,2026-08-25
20061660,41393775,"수리,붙박이장  강동역과 길동역 역세권, 주인거주",열매공인중개사사무소,매매,1,10,157.43,84.94,"95,000",0,0,2026-08-24
20061660,40922045,빠른입주 깔끔하게 수리된 집,강동팰리스공인중개사사무소,매매,1,10,157.43,84.94,"95,000",0,0,2026-08-10
20172358,40534932,"월세수입 갭투자, 강동역세권, 월세임대 양호",래미안공인중개사사무소,매매,1,중,24.13,15.12,"9,500",0,0,2026-07-28
1500073962,41485798,"시스템에어컨,초,중학교 인접지,입주협의,애완동물불가",경성공인중개사사무소,전세,108,9,128.97,59.98,0,"83,000",0,2026-08-26
1500073962,41484638,빠른입주 l 일자산뷰 l 신혼부부추천 l 신축2년차 l 커뮤니티시설굿,강동하나공인중개사사무소,전세,108,9,0.00,59.98,0,"83,000",0,2026-08-26
1500073962,41489797,"트인전망 9호선생태사거리연장 역세권  바로앞신명초,중인접",반석공인중개사사무소,매매,102,고,82.05,59.98,"180,000",0,0,2026-08-26
1500073962,41482505,"29 신동아,깔끔한 화이트톤 고급 특올수리,입주협의,9호선 28년 개통",신동아공인중개사무소,매매,102,12,157.78,74.97,"200,000",0,0,2026-08-26
1500073962,41445418,입주2년차 녹색뷰 시스템에어컨4 빠른입주가능 반려견불가,GS자이공인중개사사무소,전세,108,9,0.00,59.98,0,"83,000",0,2026-08-25
1500073962,41445313,신축2년 귀한전세 판상형 예쁜조경 신명초중인접 입주일 협의가능,신동아공인중개사무소,전세,102,10,128.97,59.98,0,"86,000",0,2026-08-25
1500073962,41448967,6개월 단기 트인조망 하시입주,라임공인중개사사무소,월세,105,중,64.50,45.79,0,"2,000",250,2026-08-25
1500073962,41471038,신축2년 고급풀옵션 롯데타워뷰 최고급커뮤니티 신명초중인접,신동아공인중개사무소,매매,107,20,82.05,59.98,"179,500",0,0,2026-08-25
1500073962,41447732,"신축 2년 신명초,중학교인접  9호선 생태사거리공사중 역세권",반도부동산,매매,102,12,99.12,74.97,"200,000",0,0,2026-08-25
1500073962,41424211,"29형,고급인테리어,풀옵션,입주협의",경성공인중개사사무소,매매,102,12,99.12,74.97,"200,000",0,0,2026-08-24
1500073962,41401001,"신축2년차 풀옵션 신명초,중,인접 9호선연장",반석공인중개사사무소,매매,102,12,99.12,74.97,"200,000",0,0,2026-08-24
1500073962,41393860,강력추천 월세 신축2년 풀에어컨 최고급커뮤니티 입주협의가능,신동아공인중개사무소,월세,108,중,178.17,84.97,0,"40,000",320,2026-08-24
1500073962,41401000,"  탁트인조망  특급 뷰  신명초,중,인접 9호선연장 초역세권",반석공인중개사사무소,매매,107,20,82.05,59.98,"179,500",0,0,2026-08-24
1500073962,41390898,"에어콘등 ,남서향,탁트인 뷰,입주협의",경성공인중개사사무소,매매,103,고,128.97,59.98,"180,000","180,000",0,2026-08-24
1500073962,41390881,"29형,9호선역세권인접,입주협의,에어컨등",경성공인중개사사무소,매매,102,12,157.78,74.97,"200,000",0,0,2026-08-24
1500073962,41415249,입주2년차 시스템에어컨풀 그린뷰,GS자이공인중개사사무소,전세,108,저,82.05,59.98,0,"83,000",0,2026-08-24
1500073962,41358848,29 최고 메리트 입주협의가능 최고급커뮤니티 ,강동헤리티지자이스마트(477-6910)공인중개사사무소,전세,104,중,99.12,74.97,0,"85,000",0,2026-08-22
1500073962,41379169,,신동아공인중개사무소,전세,104,중,99.12,74.97,0,"85,000",0,2026-08-22
1500073962,41379170,강력추천 월세 신축2년 풀에어컨 최고급커뮤니티 입주협의가능,신동아공인중개사무소,월세,108,중,111.68,84.97,0,"40,000",320,2026-08-22
1500073962,41358847,33 최고 메리트 풀에 입주협의가능 최고급커뮤니티 ,강동헤리티지자이스마트(477-6910)공인중개사사무소,월세,108,중,111.68,84.97,0,"40,000",320,2026-08-22
1500073962,41350640,"24 귀한 전세,신축2년차,로얄동,신혼부부추천,입주협의가능",강동헤리티지자이스마트(477-6910)공인중개사사무소,전세,102,중,82.05,59.98,0,"81,000",0,2026-08-21
1500073962,41350639,"24 귀한 전세,신축2년차,로얄동,신혼부부추천,입주협의가능",강동헤리티지자이스마트(477-6910)공인중개사사무소,전세,102,10,82.05,59.98,0,"86,000",0,2026-08-21
1500073962,41350637,"24 풀옵션,롯데타워 뻥뷰,신축2년차,9호선 역세권 개통예정",강동헤리티지자이스마트(477-6910)공인중개사사무소,매매,107,20,82.05,59.98,"179,500",0,0,2026-08-21
1500073962,41311827,신축2년 시스템에어컨4개 식세기 중문 최고급커뮤니티 9호선연장호재 신명초,신동아공인중개사무소,매매,102,고,128.97,59.98,"180,000",0,0,2026-08-21
1500073962,41328079,신축2년 귀한전세 판상형 예쁜조경 신명초중인접 입주일 협의가능,신동아공인중개사무소,전세,102,10,82.05,59.98,0,"86,000",0,2026-08-21
1500073962,41310977,신축2년 고급풀옵션 롯데타워뷰 최고급커뮤니티 신명초중인접,신동아공인중개사무소,매매,107,20,128.97,59.98,"179,500",0,0,2026-08-21
1500073962,41310950,"24 귀한 전세,신축2년차,로얄동,신혼부부추천,입주협의가능",강동헤리티지자이스마트(477-6910)공인중개사사무소,전세,102,10,128.97,59.98,0,"86,000",0,2026-08-21
1500073962,41334859,입주2년차 시스템에어컨 예쁜정원뷰신명초신명중,GS자이공인중개사사무소,전세,102,10,82.05,59.98,0,"86,000",0,2026-08-21
1500073962,41350638,"29 스마트,신축2년차,로얄동,9호선 역세권 개통예정",강동헤리티지자이스마트(477-6910)공인중개사사무소,매매,102,12,99.12,74.97,"200,000",0,0,2026-08-21
1500073962,41328080,강력추천 전세 신축2년 풀에어컨 최고급커뮤니티 신명초중인접,신동아공인중개사무소,전세,102,중,82.05,59.98,0,"81,000",0,2026-08-21
1500073962,41270609,신축2년차 시스템에어컨 신명초신명중,GS자이공인중개사사무소,전세,102,10,128.97,59.98,0,"86,000",0,2026-08-20
1500073962,41286639,6개월 이내 단기 공실 하시입주 트인조망 ,라임공인중개사사무소,월세,105,중,64.50,45.79,0,"2,000",250,2026-08-20
1500073962,41268036,전자계약 공동환영 특인테리어된 깨끗한집,가온누리부동산중개법인주식회사,매매,102,12,157.78,74.97,"200,000",0,0,2026-08-20
1500073962,41286637,6개월 이내 단기 임대 트인조망 커뮤니티운영,라임공인중개사사무소,월세,105,중,64.50,45.79,0,"2,000",250,2026-08-20
1500073962,41234806,롯데타워 뷰 전망 최상 9호선생태사거리연장 역세권,반석공인중개사사무소,매매,101,31,82.08,59.98,"180,000",0,0,2026-08-19
1500073962,41239233,"24 풀옵션,로얄층,신축2년차,9호선 역세권 개통예정",강동헤리티지자이스마트(477-6910)공인중개사사무소,매매,102,고,82.05,59.98,"180,000",0,0,2026-08-19
1500073962,41177895,"입주협의,에어컨,공기청정기,식세기,오븐,주방마루특화,롯데타워조망,",경성공인중개사사무소,매매,107,20,128.97,59.98,"179,500",0,0,2026-08-18
1500073962,41195517,"시스템에어컨,초,중학교 인접지,입주협의",경성공인중개사사무소,전세,105,고,82.05,59.98,0,"82,000",0,2026-08-18
1500073962,41175414,"시스템에어컨,초,중학교 인접지,입주협의",경성공인중개사사무소,전세,105,고,128.97,59.98,0,"82,000",0,2026-08-18
1500073962,41175295,"신명초,중학교 인접,시스템에어컨,전세대출,입주협의",경성공인중개사사무소,전세,102,10,128.97,59.98,0,"86,000",0,2026-08-18
1500073962,41195516,"신명초,중학교 인접,시스템에어컨,전세대출,입주협의",경성공인중개사사무소,전세,102,10,82.05,59.98,0,"86,000",0,2026-08-18
1500073962,41174634,신축2년 고급풀옵션 롯데타워뷰 최고급커뮤니티 신명초중인접,강동헤리티지자이스마트(477-6910)공인중개사사무소,매매,107,20,128.97,59.98,"179,500",0,0,2026-08-18
1500073962,41210381,입주 l 로얄동 l 신축2년차 l 9호선 생태공원역예정,강동하나공인중개사사무소,매매,102,고,82.05,59.98,"180,000",0,0,2026-08-18
1500073962,41133376,입주2년차 시스템에어컨 신명초신명중,GS자이공인중개사사무소,전세,104,중,0.00,59.98,0,"80,000",0,2026-08-15
1500073962,41143460,"에어콘등 ,남서향,탁트인 뷰,입주협의",경성공인중개사사무소,매매,103,고,82.05,59.98,"180,000",0,0,2026-08-15
1500073962,41092460,"  최고의뷰 특급조망 올확형 교통, 학군, 편의시설 좋음",반도부동산,매매,107,20,82.05,59.98,"179,500",0,0,2026-08-14
1500073962,41089824,귀한전세 시스템에어컨 중문 예쁜조경 일자산뻥뷰 신명초중인접,신동아공인중개사무소,전세,108,5,178.17,84.97,0,"120,000",0,2026-08-14
1500073962,41092461,"탁트인조망 신축2년차 올확장 신명초, 신명중,근접 ",반도부동산,전세,105,고,82.05,59.98,0,"80,000",0,2026-08-14
1500073962,41115517,"  신명초,중,인접 신축2년차 9호선연장공사 초역세권",반석공인중개사사무소,전세,102,10,82.05,59.98,0,"86,000",0,2026-08-14
1500073962,41120417,귀한전세 시스템에어컨 중문 예쁜조경 일자산뻥뷰 신명초중인접 ,신동아공인중개사무소,전세,108,5,111.68,84.97,0,"120,000",0,2026-08-14
1500073962,41094190,"33 귀한 전세,스마트,신축2년차,로얄동",강동헤리티지자이스마트(477-6910)공인중개사사무소,전세,108,5,111.68,84.97,0,"120,000",0,2026-08-14
1500073962,41120419,"29 신동아,깔끔한 화이트톤 고급 특올수리,입주협의,9호선 28년 개통",신동아공인중개사무소,매매,102,12,99.12,74.97,"200,000",0,0,2026-08-14
1500073962,41037320,신축2년 시스템에어컨4개 식세기 중문 최고급커뮤니티 9호선연장호재 신명초,신동아공인중개사무소,매매,102,고,82.05,59.98,"180,000",0,0,2026-08-13
1500073962,41012896,,강동헤리티지자이스마트(477-6910)공인중개사사무소,매매,108,중,111.68,84.97,"230,000",0,0,2026-08-12
1500073962,40973330,"24 스마트,신축2년차,로얄동,9호선 역세권 도보4분 개통예정",강동헤리티지자이스마트(477-6910)공인중개사사무소,매매,102,고,128.97,59.98,"180,000",0,0,2026-08-11
1500073962,40973208,신축2년 시스템에어컨 입주협의,GS자이공인중개사사무소,전세,105,고,0.00,59.98,0,"80,000",0,2026-08-11
1500073962,40972675,"29 스마트,신축2년차,로얄동,9호선 역세권 개통예정",강동헤리티지자이스마트(477-6910)공인중개사사무소,매매,102,12,157.78,74.97,"200,000",0,0,2026-08-11
1500073962,40972363,전망굿 올인테리어특화 풀옵션 9호선생태공원역호재,GS자이공인중개사사무소,매매,102,12,157.78,74.97,"200,000",0,0,2026-08-11
1500073962,40969149,"신명초,중학교인접,뷰맛집,에어콘,입주협의",경성공인중개사사무소,전세,103,고,82.05,59.98,0,"85,000",0,2026-08-11
1500073962,40995285,"입주2년차 신축 로얄층 신명초,중학교 인접 학세권",반도부동산,전세,102,10,82.05,59.98,0,"86,000",0,2026-08-11
1500073962,40975813,"  트인전망 신명초,중,인접 신축2년차  빠른입주",반석공인중개사사무소,전세,102,중,82.05,59.98,0,"85,000",0,2026-08-11
1500073962,40995286,"  입주2년차 올확형 풀옵션 교통, 신명초,중학교 바로앞",반도부동산,매매,102,고,82.05,59.98,"180,000",0,0,2026-08-11
1500073962,40968972,타워뷰최상 풀에어컨 풀옵션 고급마감특화 최고급커뮤니티,GS자이공인중개사사무소,매매,107,20,128.97,59.98,"179,500",0,0,2026-08-11
1500073962,40967335,"신명초,중학교및 재래시장인접,시스템에어컨",경성공인중개사사무소,전세,103,고,128.97,59.98,0,"90,000",220,2026-08-11
1500073962,40921814,입주 l 24 탁트인뷰 l 신축2년차 l 9호선 생태공원역예정,강동하나공인중개사사무소,매매,102,고,0.00,59.98,"180,000",0,0,2026-08-10
1500073962,40953787,"에어콘,식세기,오븐,주방,마루등 고급특화,남서향,탁트인 뷰,입주협의",경성공인중개사사무소,매매,107,20,82.05,59.98,"179,500",0,0,2026-08-10
1500073962,40864794,"  트인고층 신명초,중,인접 9호선연장공사 초역세권",반석공인중개사사무소,전세,105,고,82.05,59.98,0,"80,000",0,2026-08-07
1500073962,40856596,타워전망최상 풀에어컨 풀옵션 마감특화 9호선생태공원사거리역호재,GS자이공인중개사사무소,매매,107,20,82.05,59.98,"179,500",0,0,2026-08-07
1500073962,40731066,"24 스마트,신축2년차,로얄동,9호선 역세권 도보4분 개통예정",강동헤리티지자이스마트(477-6910)공인중개사사무소,매매,107,저,82.05,59.98,"180,000",0,0,2026-08-03
1500073962,40711437,신축 플에어컨 탁트인정원뷰 9호선생태공원연장호재 교통편리 최고급커뮤니티,신동아공인중개사무소,매매,107,저,82.05,59.98,"180,000",0,0,2026-08-03
1500073962,40675180," 탁트인 뷰 최상 신명초,중,인접 9호선연장공사 초역세권",반석공인중개사사무소,월세,103,고,82.05,59.98,0,"20,000",250,2026-08-01
1500073962,40519722,일자산전망 탁트인 전망 9호선생태사거리연장 역세권,반석공인중개사사무소,매매,102,33,82.08,59.98,"180,000",0,0,2026-07-28
1500073962,40530607,,GS자이공인중개사사무소,매매,102,12,99.12,74.97,"200,000",0,0,2026-07-28
1583,40659598,"  올수리 교통, 학군, 편의시설 좋음",반석공인중개사사무소,월세,101,중,117.71,81.50,0,"35,000",150,2026-07-31
1583,40556887,"  남향 올수리 신명초, 중학교  바로앞 교통, 학군, 편의시설 좋음",반도부동산,월세,101,중,117.71,81.50,0,"35,000",150,2026-07-29
1570,41444141,수리 리모델링시범단지 안전진단1차통과   초중도서관 인접 9호선공사중,미래부동산공인중개사사무소,매매,102,9,119.77,84.75,"133,000",0,0,2026-08-25
1570,41444134,남향  특수리  확장  풀옵션  길동역세권,미래부동산공인중개사사무소,전세,106,4,84.50,57.10,0,"57,000",0,2026-08-25
1570,41392800,길동역도보 리모델릴시범단지 깨끗,열매공인중개사사무소,매매,107,5,0.00,40.36,"100,000",0,0,2026-08-24
1570,41097143,남향   급매물  역세권  언제든지 입주가능함,호박(971-0300)공인중개사사무소,매매,102,10,108.45,84.75,"133,000",0,0,2026-08-14
1570,40665137,길동역도보 9호선공사중 리모델링추진중 예전수리,래미안강동열매공인중개사사무소,매매,107,중,0.00,40.36,"100,000",0,0,2026-08-01
1570,40681755,"주인거주, 남동향",열매공인중개사사무소,매매,107,중,54.87,40.36,"100,000",0,0,2026-08-01
20429833,41338494,,브이아이피프로부동산중개법인(주),매매,1,고,42.19,33.12,"47,500",0,0,2026-08-21
1572,41396531,남향 1층 이라  아이 키우기 좋습니다,래미안강동열매공인중개사사무소,매매,1,1,0.00,59.91,"62,000",0,0,2026-08-24
1578,41234807,남향 올수리 입주협의  교통편리 ,반석공인중개사사무소,매매,1,고,105.55,84.85,"90,000",0,0,2026-08-19
1578,40903622,귀한입주 남향 9호선공사중 초역세권,반도부동산,매매,1,중,105.55,84.85,"92,000",0,0,2026-08-08
1578,40659599, 남향  특올수리 9호선 생태사거리연장 호재 초역세권,반석공인중개사사무소,매매,1,중,105.55,84.85,"91,000",0,0,2026-07-31
1578,40577750,귀한매물 전세안고 27.7입주가 9호선연장초역세권 교통편리,신동아공인중개사무소,매매,1,고,105.55,84.85,"90,000",0,0,2026-07-29
1578,40508288,남향 올수리   9호선 생태사거리연장 역세권 올수리,반석공인중개사사무소,매매,1,고,105.55,84.85,"90,000",0,0,2026-07-27
1579,41447734,조합원승계 25신청 59D형 배정 이주확정 7월부터11월,반도부동산,매매,510,3,63.35,59.65,"135,000",0,0,2026-08-25
1579,41204109,,현대공인중개사사무소,매매,502,고,141.25,130.84,"220,000",0,0,2026-08-18
20449135,41364373,직분양 큰방큰거실붙박이장 럭셔리호텔느낌 대출o 길동역3분,(단지내)청춘공인중개사사무소,매매,1,8,37.66,29.65,"39,400",0,0,2026-08-22
20449135,41204747,최저가 뻥뷰 분리형원룸 아파트 풀옵션 건조기 80퍼대출가능 길동역4분,(단지내)청춘공인중개사사무소,매매,1,12,34.67,27.29,"33,600",0,0,2026-08-19
20449135,41101853,직분양 로얄층 뻥뷰 3룸2화 아파트 붙박이장 길동역4분 신혼강추노을짱,(단지내)청춘공인중개사사무소,매매,1,14,53.95,42.47,"59,900",0,0,2026-08-14
20449135,40916563,강동구 길동 강동센텀2차 1.5룸 신축,홈링크부동산중개법인주식회사,매매,1,고,39.25,29.65,"41,000",0,0,2026-08-10
20449135,40882355,길동 강동센텀2차 주상복합 아파트 신축 첫 입주,홈링크부동산중개법인주식회사,매매,1,고,55.63,42.03,"59,900",0,0,2026-08-08
20449135,40895918,보금자리 직분양 큰방큰거실붙박이장 럭셔리호텔느낌 대출o 길동역3분,(단지내)청춘공인중개사사무소,매매,1,14,37.66,29.65,"41,000",0,0,2026-08-08
256600,41309675,"가격조정가,강동역세권, 편리한생활인프라, 강동성심병원, 천동초등학교",래미안친구공인중개사사무소,매매,103,11,148.79,78.13,"83,000",0,0,2026-08-21
1592,41447733,"남향 특올수리 교통, 학군, 편의시설 좋음 9호선연장초역세권",반도부동산,매매,102,2,107.37,84.87,"125,000",0,0,2026-08-25
1592,41357474,  탁트인조망 남향  9호선연장 역세권 바로앞버스정류장,반도부동산,매매,101,중,82.06,59.98,"120,000",0,0,2026-08-22
1592,41352044,남향   올수리  9호선공사중 일자산  교통굿,미래부동산공인중개사사무소,매매,102,2,126.76,84.87,"125,000",0,0,2026-08-22
1592,41234808,남향 앞단지전망 바로앞버스정류장  9호선연장 초역세권,반석공인중개사사무소,매매,102,2,107.37,84.87,"125,000",0,0,2026-08-18
1592,40737745,탁트인 남향  9호선연장 초역세권,반석공인중개사사무소,매매,102,고,107.37,84.87,"135,000",0,0,2026-08-04
20154900,41333211,빠른입주가 가능한 매매물건으로 보시면 마음에 드실겁니다.,현대공인중개사사무소,매매,101,3,25.72,16.95,"11,000",0,0,2026-08-21
20154900,41221654,"현대웰하임1단지 매매,27년4월실입주가능,주담대가능,아파트형원룸,수익률짱",동현대공인중개사사무소,매매,101,5,25.72,16.95,"11,500",0,0,2026-08-18
20154900,40796066,"남향,풀옵션,무주택자 세안고",경성공인중개사사무소,매매,101,4,34.97,16.95,"12,500",0,0,2026-08-06
20154900,40765383,"풀옵션,도배,보일러,입주협의",경성공인중개사사무소,매매,101,저,34.97,16.95,"12,300",0,0,2026-08-05
20154900,40584103,"보일러,도배,입주협의",경성공인중개사사무소,매매,101,저,25.72,16.95,"12,300",0,0,2026-07-29
20154900,40556885," 추천 월세수익 남향 교통, 학군, 편의시설 좋음",반도부동산,매매,101,7,25.72,16.95,"12,000",0,0,2026-07-29
20154868,40837554,"입주협의,풀옵션,주차가능",경성공인중개사사무소,매매,201,5,26.59,13.10,"7,700","1,000",40,2026-08-07
20154868,40796058,"남향,풀옵션, 베란다,즉시 입주 가능",경성공인중개사사무소,매매,201,5,26.59,13.10,"9,000",0,0,2026-08-06
20154868,40584102,"풀옵션,무주택자 세안고",경성공인중개사사무소,매매,201,3,21.11,14.46,"8,700",0,0,2026-07-29
1500074838,41282450,프리미엄단지첫입주 빠른입주판상형4bay 에4 다양한커뮤니티 공공수영장,(단지내)세진공인중개사사무소,전세,102,5,112.66,84.93,0,"105,000",0,2026-08-20
1500074838,41234844,프리미엄단지첫입주 추천 판상형4bay 에4 중문 붙박이장 커뮤니티,(단지내)세진공인중개사사무소,전세,102,5,0.00,84.93,0,"105,000",0,2026-08-19
1500074838,41216393,프리미엄단지첫입주 빠른입주판상형4bay 에4 다양한커뮤니티 공공수영장,(단지내)세진공인중개사사무소,전세,102,저,112.66,84.93,0,"105,000",0,2026-08-18
1500071349,40801417,천호역신축2년 멋진한강뷰채광굿 선호하는판상형 편의시설 역세권신축매수,(단지내)세진공인중개사사무소,매매,101,28,168.59,84.19,"220,000",0,0,2026-08-06
1500071349,41494027,"중간층 구조좋은 귀한매물 팬트리,시스템에어컨4 등 풀옵션",일등학사부동산공인중개사사무소,전세,102,10,134.73,98.49,0,"115,000",0,2026-08-26
1500071349,41486634,"최고로얄층 전망최고 안방,작은방붙박이장 인덕션 시스템에어컨5대 등",일등학사부동산공인중개사사무소,매매,102,37,168.59,84.19,"220,000",0,0,2026-08-26
1500071349,41494033,최고로얄층 한강뷰 전세대출가능 전세ok 시스템에어컨5 등 풀옵션,일등학사부동산공인중개사사무소,월세,103,31,113.74,84.19,0,"40,000",280,2026-08-26
1500071349,41494024,시원한뷰 보증금월세 조정가능 시스템에어컨 붙박이장 오븐 인덕션 등,일등학사부동산공인중개사사무소,월세,103,20,113.74,84.19,0,"40,000",280,2026-08-26
1500071349,41494035,"중간층 구조좋은 귀한매물 팬트리,시스템에어컨4 등 풀옵션",일등학사부동산공인중개사사무소,전세,102,10,134.73,98.49,0,"115,000",0,2026-08-26
1500071349,41494041,로얄층 전세대출가능 반전세ok 입주협의 붙박이장 시스템에어컨 등,일등학사부동산공인중개사사무소,전세,101,중,113.74,84.19,0,"105,000",0,2026-08-26
1500071349,41494042,"로얄층 전세대출가능 전세도가능 입주협의 시스템에어컨,붙박이장 풀옵션",일등학사부동산공인중개사사무소,월세,101,중,113.74,84.19,0,"75,000",120,2026-08-26
1500071349,41494025,최고로얄층 한강뷰 전세대출가능 입주협의 보증금월세 조정가능 풀옵션,일등학사부동산공인중개사사무소,월세,103,33,113.74,84.19,0,"30,000",320,2026-08-26
1500071349,41494046,분리세대 1.5룸 출입구넓고베란다 있는 좋은구조  전망좋음 풀옵션,일등학사부동산공인중개사사무소,월세,101,저,153.57,114.81,0,"30,000",70,2026-08-26
1500071349,41494022,"최고로얄층 시원한전망 뻥뷰 안방,작은방붙박이장 시스템에어컨5,인덕션",일등학사부동산공인중개사사무소,매매,102,37,113.74,84.19,"220,000",0,0,2026-08-26
1500071349,41494045,"로얄층 전세대출가능 전세도가능 입주협의 시스템에어컨,붙박이장 풀옵션",일등학사부동산공인중개사사무소,월세,101,중,113.74,84.19,0,"75,000",120,2026-08-26
1500071349,41494038,시원한뷰 보증금월세 조정가능 시스템에어컨 붙박이장 오븐 인덕션 등,일등학사부동산공인중개사사무소,월세,103,20,113.74,84.19,0,"40,000",280,2026-08-26
1500071349,41494044,로얄층 전세대출가능 반전세ok 입주협의 붙박이장 시스템에어컨 등,일등학사부동산공인중개사사무소,전세,101,중,113.74,84.19,0,"105,000",0,2026-08-26
1500071349,41483464,"로얄층 전세대출가능 전세도가능 입주협의 시스템에어컨,붙박이장 풀옵션",일등학사부동산공인중개사사무소,월세,101,중,168.59,84.19,0,"75,000",120,2026-08-26
1500071349,41483349,로얄층 전세대출가능 반전세ok 입주협의 붙박이장 시스템에어컨 등,일등학사부동산공인중개사사무소,전세,101,중,168.59,84.19,0,"105,000",0,2026-08-26
1500071349,41483283,"중간층 구조좋은 귀한매물 팬트리,시스템에어컨4 등 풀옵션",일등학사부동산공인중개사사무소,전세,102,10,207.55,98.49,"250,000","115,000",0,2026-08-26
1500071349,41483200,최고로얄층 한강뷰 전세대출가능 반전세ok 시스템에어컨5 등 풀옵션,일등학사부동산공인중개사사무소,전세,103,31,168.59,84.19,0,"105,000",0,2026-08-26
1500071349,41483152,"신축 구조좋음 판상형구조 붙박이장,인덕션,오븐 시스템에어컨 등 풀옵션",일등학사부동산공인중개사사무소,전세,102,3,125.62,59.97,0,"85,000",0,2026-08-26
1500071349,41494037,최고로얄층 한강뷰 전세대출가능 반전세ok 시스템에어컨5 등 풀옵션,일등학사부동산공인중개사사무소,전세,103,31,113.74,84.19,0,"105,000",0,2026-08-26
1500071349,41494026,"신축 구조좋음 붙박이장,인덕션,오븐 시스템에어컨 등 풀옵션 입주하시",일등학사부동산공인중개사사무소,전세,102,3,82.10,59.97,0,"85,000",0,2026-08-26
1500071349,41494040,"로얄층 시스템에어컨3,중문,오븐,인덕션,비데,작은방시스템헹거,줄눈 풀옵션",일등학사부동산공인중개사사무소,매매,104,중,76.86,47.84,"135,000",0,0,2026-08-26
1500071349,41494034,최고로얄층 한강뷰 전세대출가능 입주협의 보증금월세 조정가능 풀옵션,일등학사부동산공인중개사사무소,월세,103,33,113.74,84.19,0,"40,000",280,2026-08-26
1500071349,41481619,"바로계약,큰집전9.3억 작은집4.5억가능 ,트인뷰",래미안강동열매공인중개사사무소,전세,101,7,238.45,114.81,0,"138,000",0,2026-08-26
1500071349,41481577,전용36 1.5룸  풀옵션 전세4.5억가능,래미안강동열매공인중개사사무소,월세,101,저,238.45,114.81,0,"30,000",60,2026-08-26
1500071349,41494036,"신축 구조좋음 붙박이장,인덕션,오븐 시스템에어컨등 풀옵션 입주하시",일등학사부동산공인중개사사무소,전세,102,3,82.10,59.97,0,"85,000",0,2026-08-26
1500071349,41494028,최고로얄층 한강뷰 전세대출가능 반전세ok 시스템에어컨5 등 풀옵션,일등학사부동산공인중개사사무소,전세,103,31,113.74,84.19,0,"105,000",0,2026-08-26
1500071349,41494021,최고로얄층 한강뷰 전세대출가능 전세ok 보증금월세조정가능 풀옵션,일등학사부동산공인중개사사무소,월세,103,31,113.74,84.19,0,"40,000",280,2026-08-26
1500071349,41494023,"중간층 구조좋은 귀한매물 팬트리,시스템에어컨4 등 풀옵션",일등학사부동산공인중개사사무소,매매,102,10,134.73,98.49,"250,000",0,0,2026-08-26
1500071349,41449010,"중간층 구조좋은 귀한매물 팬트리,시스템에어컨4 등 풀옵션",일등학사부동산공인중개사사무소,매매,102,10,134.73,98.49,"250,000",0,0,2026-08-25
1500071349,41461546,신축2년차선호하는단지 전102방4 화2 4bay 중문 에6 드레스룸등,(단지내)세진공인중개사사무소,전세,102,중,138.70,102.94,0,"137,000",0,2026-08-25
1500071349,41461532,천호역신축2년  귀한98  에어컨 안방붙박이장 팬트리 드레스룸등,(단지내)세진공인중개사사무소,전세,102,10,134.73,98.49,0,"115,000",0,2026-08-25
1500071349,41449029,"로얄층 ,시스템에어컨3,중문,인덕션,오븐,비데,작은방시스템헹거 풀옵션",일등학사부동산공인중개사사무소,매매,104,중,76.86,47.84,"135,000",0,0,2026-08-25
1500071349,41461540,신축2년차선호하는단지 전102방4 화2 4bay 중문 에6 드레스룸등,(단지내)세진공인중개사사무소,전세,102,중,138.70,102.94,0,"140,000",0,2026-08-25
1500071349,41449011,"최고로얄층 시원한전망 뻥뷰 안방,작은방붙박이장 시스템에어컨5,인덕션",일등학사부동산공인중개사사무소,매매,102,37,113.74,84.19,"220,000",0,0,2026-08-25
1500071349,41444518,"로얄층 ,시스템에어컨3,중문,인덕션,오븐,비데,작은방시스템헹거 풀옵션",일등학사부동산공인중개사사무소,매매,104,중,111.58,47.84,"135,000",0,0,2026-08-25
1500071349,41444504,"중간층 구조좋은 귀한매물 팬트리,시스템에어컨4 등 풀옵션",일등학사부동산공인중개사사무소,매매,102,10,207.55,98.49,"250,000",0,0,2026-08-25
1500071349,41444499,시원한뷰 보증금월세 조정가능 시스템에어컨 붙박이장 오븐 인덕션 등,일등학사부동산공인중개사사무소,월세,103,20,168.59,84.19,0,"40,000",280,2026-08-25
1500071349,41444483,최고로얄층 한강뷰 전세대출가능 입주협의 보증금월세 조정가능 풀옵션,일등학사부동산공인중개사사무소,월세,103,33,168.59,84.19,0,"30,000",320,2026-08-25
1500071349,41461528,천호 신축투룸 상태최상 작은방 별도 시스템장 에어컨3대 풀옵션 중문,(단지내)세진공인중개사사무소,매매,104,9,76.86,47.84,"130,000",0,0,2026-08-25
1500071349,41449031,분리세대 1.5룸 출입구넓고베란다 있는 좋은구조  전망좋음 풀옵션,일등학사부동산공인중개사사무소,전세,101,저,153.57,114.81,0,"45,000",0,2026-08-25
1500071349,41461530,"신축2년 판상형 고층한강뷰 에이컨5  공공수영장, 단지내 롯데마트다이소등",(단지내)세진공인중개사사무소,월세,103,33,113.74,84.19,0,"40,000",280,2026-08-25
1500071349,41461541,천호역신축2년  귀한98  에어컨 안방붙박이장 팬트리 드레스룸 등,(단지내)세진공인중개사사무소,전세,102,저,134.73,98.49,0,"115,000",0,2026-08-25
1500071349,41443414,최고로얄층 한강뷰 전세대출가능 전세ok 보증금월세조정가능 풀옵션,일등학사부동산공인중개사사무소,월세,103,31,168.59,84.19,0,"50,000",240,2026-08-25
1500071349,41461531,천호역신축2년  귀한98 10월입주협의 에어컨 안방붙박이장  팬트리등,(단지내)세진공인중개사사무소,매매,102,10,134.73,98.49,"250,000",0,0,2026-08-25
1500071349,41449027,"최고로얄층 시원한한강뷰 붙박이장 시스템에어컨4,인덕션,오븐 등 풀옵션",일등학사부동산공인중개사사무소,매매,102,고,113.74,84.19,"230,000",0,0,2026-08-25
1500071349,41449012,"최고로얄층 한강조망 안방,작은방붙박이장 오븐 인덕션 주방고급마감재 등",일등학사부동산공인중개사사무소,매매,101,28,113.74,84.19,"220,000",0,0,2026-08-25
1500071349,41399628,세대분리형 78. 신축.방2화2 넓은거실. 추천매물.11월이후 협의,홍익포레온475-8889(단지내)공인중개사사무소,전세,101,중,153.57,114.81,0,"95,000",0,2026-08-24
1500071349,41410514,신축 2년차 만족도 높은단지  방4 화2 4bay 중문 에6 드레스룸등,(단지내)세진공인중개사사무소,전세,102,중,138.70,102.94,0,"140,000",0,2026-08-24
1500071349,41410512,신축2년 시원하게 트인뷰 에5 다양한 커뮤니티 공공수영장,(단지내)세진공인중개사사무소,월세,103,중,113.74,84.19,0,"50,000",240,2026-08-24
1500071349,41410516,천호역신축2년  에어컨 인덕션 중문 오븐 안방붙박이장등 롯데마트다이소,(단지내)세진공인중개사사무소,전세,102,중,113.74,84.19,0,"110,000",0,2026-08-24
1500071349,41410517,신축2년 확장형 트인뷰 보증금 조정O 고층조망 에어컨5 집상태최상,(단지내)세진공인중개사사무소,월세,103,중,113.74,84.19,0,"40,000",280,2026-08-24
1500071349,41410513,천호역신축2년  멋진한강뷰 보증금조정o 빠른입주 롯데마트 다이소등,(단지내)세진공인중개사사무소,월세,103,고,113.74,84.19,0,"30,000",320,2026-08-24
1500071349,41339644,"천호역신축  2룸과 거실 인기많은소형,단지내 롯데마트 다이소등편의시설",(단지내)세진공인중개사사무소,매매,104,중,76.86,47.84,"135,000",0,0,2026-08-21
1500071349,41335042,신축 세대분리형 전용78 방2 거실 화2 입주협의 천호역세권,반포큰공인중개사사무소,전세,101,중,153.57,114.81,0,"95,000",0,2026-08-21
1500071349,41335043,신축 세대분리형 전용78 방2 거실 화2 입주협의 천호역세권,반포큰공인중개사사무소,월세,101,중,153.57,114.81,0,"80,000",60,2026-08-21
1500071349,41343277,"최고로얄층 한강조망 안방,작은방붙박이장 오븐 인덕션 주방고급마감재 등",일등학사부동산공인중개사사무소,매매,101,28,113.74,84.19,"220,000",0,0,2026-08-21
1500071349,41335011,40 풀에 날짜협의가능 편리한생활권 천호역더블역세권,반포큰공인중개사사무소,매매,102,10,134.73,98.49,"250,000",0,0,2026-08-21
1500071349,41335010,34 신축 한강뷰 빠른입주 롯데마트 다이소입점 편의시설좋은 천호역세권,반포큰공인중개사사무소,월세,103,33,113.74,84.19,0,"40,000",280,2026-08-21
1500071349,41279317,분리세대 1.5룸 출입구넓고베란다 있는 좋은구조  전망좋음 풀옵션,일등학사부동산공인중개사사무소,전세,101,저,153.57,114.81,0,"45,000",0,2026-08-20
1500071349,41272004,"최고로얄층 한강조망 안방,작은방붙박이장 오븐 인덕션 주방고급마감재 등",일등학사부동산공인중개사사무소,매매,101,28,168.59,84.19,"220,000","110,000",0,2026-08-20
1500071349,41279316,분리세대 1.5룸 출입구넓고베란다 있는 좋은구조  전망좋음 풀옵션,일등학사부동산공인중개사사무소,월세,101,저,153.57,114.81,0,"30,000",70,2026-08-20
1500071349,41235579,천호역신축  고층 한강뷰 반전세가능 조정가능 롯데마트다이소등편의시설,(단지내)세진공인중개사사무소,전세,103,31,168.59,84.19,0,"110,000",0,2026-08-19
1500071349,41234606,신축2년차 귀한102 트인뷰 4bay  방4 화2  중문 에6 드레스룸등,(단지내)세진공인중개사사무소,전세,102,중,214.80,102.94,0,"140,000",0,2026-08-19
1500071349,41215496,귀한전세 신축 전용78 세대분리형 방2화2 장기거주 전세대출 무융자,동현대공인중개사사무소,전세,101,중,0.00,114.81,0,"95,000",0,2026-08-19
1500071349,41176938,"전용78전세,보증금2억도가능 10월13일부터 가능",열매공인중개사사무소,월세,101,7,238.45,114.81,0,"80,000",50,2026-08-18
1500071349,41176601,"오래거주,트인뷰.넓은9.3억. 좁은4.5억 ,보증금협의가능,월세",열매공인중개사사무소,전세,101,7,238.45,114.81,0,"93,000",0,2026-08-18
1500071349,41197880,"전용36, 방1개, 욕실1개, 원룸원거실, 전세대출가능, 10월12일이후",열매공인중개사사무소,전세,101,저,153.57,114.81,0,"45,000",0,2026-08-18
1500071349,41109061,"천호역신축 멋진 한강뷰 2룸 거실 ,단지내 롯데마트 다이소등 편의시설",(단지내)세진공인중개사사무소,매매,104,37,76.66,47.44,"140,000",0,0,2026-08-14
1500071349,41109079,천호역신축2년 멋진한강뷰채광굿 선호하는판상형 편의시설 역세권신축매수,(단지내)세진공인중개사사무소,매매,101,28,113.74,84.19,"220,000",0,0,2026-08-14
1500071349,41109432,10월입주협의 장기거주가능 세대분리 방3화3,잠실르엘원픽공인중개사사무소,전세,101,저,153.57,114.81,0,"138,000",0,2026-08-14
1500071349,41109073,"천호역신축  2룸,거실 인기많은소형,단지내 롯데마트 다이소등편의시설",(단지내)세진공인중개사사무소,매매,104,저,76.86,47.84,"130,000",0,0,2026-08-14
1500071349,41056569,천호역신축 2년 세대분리 방3화3 에5 오븐등 롯데마트다이소등편의시설,(단지내)세진공인중개사사무소,전세,101,저,153.57,114.81,0,"140,000",0,2026-08-13
1500071349,40935264,천호역신축  고층 한강뷰 전세가능 풀옵션 롯데마트다이소등편의시설,(단지내)세진공인중개사사무소,월세,103,31,113.74,84.19,0,"40,000",280,2026-08-10
1500071349,40935265,천호역신축  고층 한강뷰 반전세가능 풀옵션 롯데마트다이소등편의시설,(단지내)세진공인중개사사무소,전세,103,31,113.74,84.19,0,"110,000",0,2026-08-10
1500071349,40891415,천호역신축2년 시원하게트인뷰 선호하는판상형 편의시설 역세권신축매수,(단지내)세진공인중개사사무소,매매,102,37,113.74,84.19,"220,000",0,0,2026-08-08
1500071349,40858734,천호역신축 2년 세대분리호실 전23 방2화2 에3 오븐 인덕션등옵션,(단지내)세진공인중개사사무소,전세,101,7,153.57,114.81,0,"95,000",0,2026-08-07
1500071349,40858735,천호역신축 2년 세대분리 방3화3 에5 오븐등 롯데마트다이소등편의시설,(단지내)세진공인중개사사무소,전세,101,7,153.57,114.81,0,"140,000",0,2026-08-07
1500071349,40801449,천호역신축2년 시원한고층뷰채광굿 선호하는판상형 편의시설 역세권신축매수,(단지내)세진공인중개사사무소,매매,102,37,168.59,84.19,"220,000",0,0,2026-08-06
1500071349,40817223,천호역신축  고층 한강뷰 반전세가능 풀옵션 롯데마트다이소등편의시설,(단지내)세진공인중개사사무소,전세,103,고,113.74,84.19,0,"105,000",0,2026-08-06
1500071349,40588059,천호역신축2년  고층한강뷰 보증금월세 조정가능 롯데마트다이소등편의시설,(단지내)세진공인중개사사무소,월세,103,31,168.59,84.19,0,"40,000",280,2026-07-30
1500071349,40569257,천호역신축  고층 한강뷰 반전세가능 풀옵션 롯데마트다이소등편의시설,(단지내)세진공인중개사사무소,전세,103,고,113.74,84.19,0,"110,000",0,2026-07-29
1500071349,40569256,천호역신축 고층 트인뷰  빠른입주 안방붙박이장 롯데마트다이소등편의시설,(단지내)세진공인중개사사무소,전세,103,고,113.74,84.19,0,"103,000",0,2026-07-29
20065634,41355437,"풀에어컨, 특수리, 입주",열매공인중개사사무소,매매,1,고,217.10,119.70,"140,000",0,0,2026-08-22
20065634,41270804,남향 롯데타워뷰  갭투,래미안강동열매공인중개사사무소,매매,1,고,217.10,119.70,"125,000",0,0,2026-08-20
20065634,40797045,"최근특올수리 풀에5대  천호,강동역도보5분",래미안강동열매공인중개사사무소,매매,1,고,217.10,119.70,"140,000",0,0,2026-08-06
20323378,41484295,"강동역세권 풀에어컨 방4,화2 입주일협의",래미안강동열매공인중개사사무소,매매,1102,저,215.93,107.34,"155,000",0,0,2026-08-26
20323378,41484279,풀에어컨 귀한반전세 강동역직결  깨끗,열매공인중개사사무소,월세,1102,저,215.93,107.34,0,"60,000",200,2026-08-26
20323378,41483359,"강동역직결, 남향, 풀옵션, 입주협의",래미안친구공인중개사사무소,매매,1102,2,0.00,107.34,"155,000",0,0,2026-08-26
20323378,41445758,"최고로얄층 전망최고 내부상태,구조 좋습니다 강동역지하연결되어 편리",일등학사부동산공인중개사사무소,매매,1102,31,215.93,107.34,"195,000",0,0,2026-08-25
20323378,41442006,강동역초역세권 풀에어컨6대 입주일협의,열매공인중개사사무소,매매,1102,저,215.93,107.34,"155,000",0,0,2026-08-25
20323378,41440383,"로얄층 고층뷰, 내부상태굿, 입주협의",래미안친구공인중개사사무소,매매,1102,31,215.93,107.34,"195,000",0,0,2026-08-25
20323378,41412181,,성심포레온(483-0070)단지내공인중개사사무소,매매,1102,고,144.30,107.34,"180,000",0,0,2026-08-24
20323378,41406778,"최고로얄층 전망최고 내부상태,구조 좋습니다 강동역지하연결되어 편리",일등학사부동산공인중개사사무소,전세,1102,31,144.30,107.34,0,"115,000",0,2026-08-24
20323378,41418118,"주인의뢰,최강뷰고급스러운 인테리어를 누려보세요.",롯데캐슬가교공인중개사사무소,매매,1102,31,144.30,107.34,"195,000",0,0,2026-08-24
20323378,41355338,귀한반전세 강동역직결 보증금협의가능 풀에,래미안강동열매공인중개사사무소,월세,1102,저,215.93,107.34,0,"60,000",200,2026-08-22
20323378,41354560,"최고로얄층 전망최고 내부상태,구조 좋습니다 강동역지하연결되어 편리",일등학사부동산공인중개사사무소,전세,1102,31,215.93,107.34,0,"115,000",0,2026-08-22
20323378,41197879,"귀한 월세, 풀에어컨, 방4개",열매공인중개사사무소,월세,1102,저,144.30,107.34,0,"60,000",200,2026-08-18
20323378,41223646,"최고로얄층 전망최고 내부상태,구조 좋습니다 강동역지하연결되어 편리",일등학사부동산공인중개사사무소,매매,1102,31,144.30,107.34,"195,000",0,0,2026-08-18
20323378,41072492,"최고로얄층 전망최고 내부상태,구조 좋습니다 강동역지하연결되어 편리",일등학사부동산공인중개사사무소,매매,1102,31,144.30,107.34,"195,000",0,0,2026-08-13
20323378,41024847,"강동역직결, 고층뻥뷰, 풀에어컨, 입주협의 가능",래미안친구공인중개사사무소,매매,1102,고,189.73,94.61,"168,000",0,0,2026-08-13
20323378,40920437,전자계약 공동환영 로얄층 강동역 핵심입지 강동역 직연결 주상복합,가온누리부동산중개법인주식회사,매매,1102,31,215.93,107.34,"195,000",0,0,2026-08-10
20323378,40840154,강동역1분. 넓고 여유로운 구조. 시원하게 펼쳐지는 막힘없는 뻥뷰.,솔로몬공인중개사사무소,매매,1102,31,215.93,107.34,"195,000",0,0,2026-08-07
20323378,40797080,입주 깨끗한관리최상 강동역초역세권,래미안강동열매공인중개사사무소,매매,1102,저,215.93,107.34,"170,000",0,0,2026-08-06
20323378,40767988,전세가능 특인테리어 고층뷰 가격협의 깨끗 강동역바로,열매공인중개사사무소,매매,1102,31,215.93,107.34,"195,000",0,0,2026-08-05
20323378,40698516,올수리 트인뷰  강동역바로,래미안강동열매공인중개사사무소,매매,1102,31,215.93,107.34,"195,000",0,0,2026-08-03
20323378,40679420,강동역지하연결 남향 멋진조망굿 롯데타워뷰 귀한43 방4 부분리모델링,(단지내)세진공인중개사사무소,매매,1102,31,144.30,107.34,"195,000",0,0,2026-08-01
20064875,41445825,"특올수리,일조권최고,트인뻥뷰,한강공원인접,추천매물",단지앞고금숙공인중개사사무소,매매,105,13,143.52,84.93,"165,000",0,0,2026-08-25
20064875,41445791,"5bay,탁트인한강과사계절그림같은아차산조망,확장수리,뻥뷰",단지앞고금숙공인중개사사무소,매매,102,5,0.00,84.99,"155,000",0,0,2026-08-25
20064875,41396301,"한강과아차산뷰,확장수리,도심속자연힐링뷰,신암초인접",선사현대크로바부동산공인중개사사무소,매매,102,5,146.25,84.99,"155,000",0,0,2026-08-24
20064875,41428391,"사계절 아차산 풍경과 한강 조망, 힐링 뻥뷰. 확장형 수리",솔로몬공인중개사사무소,매매,102,5,114.16,84.99,"155,000",0,0,2026-08-24
20064875,41392040,한강 아차산뷰 올수리되어 깨끗함 입주,한강부동산공인중개사사무소,매매,102,저,146.25,84.99,"155,000",0,0,2026-08-24
20064875,41259562,한강벨트  확장수리됨,칠성공인중개사,매매,102,5,114.16,84.99,"155,000",0,0,2026-08-19
20064875,40919702,"한강 조망 가능한, 확장 수리된 깔끔한 매물",선사현대 골드공인중개사사무소,매매,102,5,0.00,84.99,"155,000",0,0,2026-08-10
20064875,40941131,"아차산, 한강 뷰. 확장 수리.",(TOP)선사현대공인중개사사무소,매매,102,5,114.16,84.99,"155,000",0,0,2026-08-10
20064875,40626773,한강전망 확장특수리 중층 천천히입주됩니다.,선사현대상가한양공인중개사사무소,매매,102,5,0.00,84.99,"155,000",0,0,2026-07-31
1700,41448813,굽은다리역세권에 올수리되어 있어 보시면 마음에 드실겁니다.,현대공인중개사사무소,월세,1,6,37.42,27.61,0,"12,000",50,2026-08-25
1700,41333212,"굽은다리초역세권, 1.5룸,수리된 세안고 매매로 마음에 드실겁니다.",현대공인중개사사무소,매매,1,저,37.42,27.61,"35,000",0,0,2026-08-21
1700,40810369,"입주, 굽은다리초역세권,올수리 남향,교통편의시설좋아요",래미안공인중개사사무소,매매,1,중,37.42,27.61,"36,000",0,0,2026-08-06
20064804,41475779,"협의입주가능,45P,쓰리룸화장실2 APT,초역세권 최상의주거환경,",동현대공인중개사사무소,매매,101,15,151.88,114.63,"140,000",0,0,2026-08-25
20064804,41407792,,동현대공인중개사사무소,전세,102,12,151.88,114.63,0,"85,000",0,2026-08-24
20064804,41217203,천호더블역세권 트인뷰 방3화2,래미안강동열매공인중개사사무소,매매,102,고,0.00,130.13,"160,000",0,0,2026-08-19
20064804,40553935,천호더블역세권  정상입주  부분수리 인프라풍부,래미안강동열매공인중개사사무소,매매,101,고,229.28,114.63,"140,000",0,0,2026-07-29
1500074821,41109081,"천호역세권 시원한파노라마 산뷰 4bay선호하는판상형,강동신축마지막기회",(단지내)세진공인중개사사무소,매매,101,고,118.69,84.98,"198,000",0,0,2026-08-14
20355515,41484265,"정원 조망, 빠른 입주, 오래 거주",열매공인중개사사무소,월세,103,저,182.36,84.97,0,"20,000",340,2026-08-26
20355515,41481375,관리상태좋음 트인뷰  전세안고매매 무주택자매수,래미안강동열매공인중개사사무소,매매,101,저,182.36,84.97,"185,000",0,0,2026-08-26
20355515,41469313,무주택자 갭투자가능  .롯데타워뷰.   호텔급커뮤니티시설. 헬스무료,임미령(팰리스)공인중개사사무소,매매,101,저,121.39,84.97,"185,000",0,0,2026-08-25
20355515,41475156,"36 서울직접진행, 올수리, 풀옵션, 최고의 커뮤니티, 입주 협의",서울공인중개사사무소,매매,102,27,121.39,84.97,"200,000",0,0,2026-08-25
20355515,41444367,바로계약가능  빠른입주 정원뷰 오래거주가능,래미안강동열매공인중개사사무소,월세,103,저,182.36,84.97,0,"20,000",340,2026-08-25
20355515,41469315,입주.입구 드레스룸확장. 중문.풀에어컨.완벽한 인프라및 커뮤니티시설,임미령(팰리스)공인중개사사무소,매매,102,저,121.39,84.97,"192,000",0,0,2026-08-25
20355515,41469312,예쁜 단지뷰. 주차장과 강동역 직결. 호텔급커뮤니티시설. 헬스무료.,임미령(팰리스)공인중개사사무소,매매,102,저,121.39,84.97,"182,000",0,0,2026-08-25
20355515,41469311,한강뷰.풀에어컨. 상태최상.  호텔급커뮤니티시설. 헬스무료,임미령(팰리스)공인중개사사무소,매매,102,중,121.39,84.97,"200,000",0,0,2026-08-25
20355515,41469314,갭투가능. 방3화2구조. 관리상태최상. 호텔급커뮤니티시설. 강동역직결,임미령(팰리스)공인중개사사무소,매매,101,중,85.30,59.98,"172,000",0,0,2026-08-25
20355515,41439623,"강동역직결, 최고의 커뮤니티, 철저한보안",래미안친구공인중개사사무소,전세,103,중,182.36,84.97,0,"95,000",0,2026-08-25
20355515,41412180,36.방금나온 반전세 풀에어컨 정원뷰 즉시입주가능 최상의 상태,성심포레온(483-0070)단지내공인중개사사무소,월세,101,저,121.39,84.97,0,"55,000",160,2026-08-24
20355515,41426655,"롯데타워 한강뷰.   오래거주,  관리상태 굿. 무융자",임미령(팰리스)공인중개사사무소,전세,102,고,121.39,84.97,0,"98,000",0,2026-08-24
20355515,41412184,36.햇살좋은 남향의 단지내조경  풀에어컨 입주가능 최상의 상태,성심포레온(483-0070)단지내공인중개사사무소,매매,102,저,121.39,84.97,"185,000",0,0,2026-08-24
20355515,41412187,36.햇살좋은 남향.뻥뷰 무주택매수자만 세안고매매 가능해요.,성심포레온(483-0070)단지내공인중개사사무소,매매,102,저,121.39,84.97,"185,000",0,0,2026-08-24
20355515,41412183,36.베란다중문.정원뷰.입주날짜협의가능,성심포레온(483-0070)단지내공인중개사사무소,월세,101,저,121.39,84.97,0,"30,000",280,2026-08-24
20355515,41412186,36.방금나온전세 풀에어컨 정원뷰 즉시입주가능 최상의 상태,성심포레온(483-0070)단지내공인중개사사무소,전세,101,저,121.39,84.97,0,"97,000",0,2026-08-24
20355515,41412185,귀한전세 3룸 올인테리어 풀에어컨 신혼거주  호텔식 커뮤니티,성심포레온(483-0070)단지내공인중개사사무소,전세,103,저,85.30,59.98,0,"82,000",0,2026-08-24
20355515,41412182,귀한25월세.11월초중순협의가능. 호텔식 커뮤니티 연결동,성심포레온(483-0070)단지내공인중개사사무소,월세,101,저,85.30,59.98,0,"50,000",120,2026-08-24
20355515,41355320,"롯데타워뷰,트인뷰 갭투",열매공인중개사사무소,매매,101,저,182.36,84.97,"185,000",0,0,2026-08-22
20355515,41310782,방3 화2 보증보험가입가능,열매공인중개사사무소,전세,103,저,0.00,59.98,0,"79,000",0,2026-08-21
20355515,41310484,빠른입주 탁트인뷰 방3화2 강동역직결 월세협의,열매공인중개사사무소,월세,102,고,0.00,59.98,0,"10,000",350,2026-08-21
20355515,41296917,탁 트인 최고최고의뷰 특급조망  강동역초역세권,반도부동산,매매,103,45,215.63,151.84,"420,000",0,0,2026-08-20
20355515,41265719,"남향, 주인거주, 베스트초이스, 최고의 커뮤니티",래미안친구공인중개사사무소,매매,101,고,182.36,84.97,"195,000",0,0,2026-08-20
20355515,41212275,갭투매물 트인뷰 강동역직결,래미안강동열매공인중개사사무소,매매,102,고,182.36,84.97,"200,000",0,0,2026-08-19
20355515,41006995,방3.화2 귀한전세1뿐,래미안강동열매공인중개사사무소,전세,103,저,128.34,59.98,0,"79,000",0,2026-08-12
20355515,40991455,"뷰 좋은 3룸, 욕실2개, 즉시입주가능",열매공인중개사사무소,월세,102,고,85.30,59.98,0,"10,000",350,2026-08-11
20355515,40966893,"바로계약가능 고층 뻥뷰 방3,화2 즉시입주가능",래미안강동열매공인중개사사무소,월세,102,고,0.00,59.98,0,"10,000",350,2026-08-11
20355515,40841884,"강동역직결, 최고의 커뮤니티",래미안친구공인중개사사무소,매매,103,중,182.36,84.97,"190,000","98,000",0,2026-08-07
20355515,40801825,"강동역직결, 부분수리, 입주협의 가능, 롯데타워뷰",래미안친구공인중개사사무소,매매,101,중,182.36,84.97,"190,000",0,0,2026-08-06
20355515,40797583,"갭투선호 입주일협의  철저한보안,관리 정원뷰",래미안강동열매공인중개사사무소,매매,101,저,128.34,59.98,"160,000",0,0,2026-08-06
20355515,40796095,"강동역직결, 최고의 커뮤니티, 입주협의 가능",래미안친구공인중개사사무소,매매,101,저,128.34,59.98,"160,000",0,0,2026-08-06
20355515,40767981,"귀한매물  입주가능,갭투28년12월선호 강동역연결",열매공인중개사사무소,매매,101,저,128.34,59.98,"160,000",0,0,2026-08-05
20355515,40786072,잠실타워뷰 풀에어컨 붙박이장 세안고,퍼스트푸르지오공인중개사사무소,매매,102,중,121.39,84.97,"200,000",0,0,2026-08-05
20355515,40519720,펜트하우스 특급파노라마 뷰 초역세권,반석공인중개사사무소,매매,103,45,215.63,151.84,"420,000",0,0,2026-07-28
20400508,41296253,천호 강동역 도시형주택 풀옵션,대한공인중개사사무소,매매,1,중,21.01,12.14,"27,000",0,0,2026-08-20
20400508,41125623,"주담대가능,실입주가능,미사아름채 복층초저렴매매,천호,강동더블역세권,깔끔",동현대공인중개사사무소,매매,1,중,22.49,12.99,"17,000",0,0,2026-08-14
20400508,41077145,"미사아름채복층 매매,세안고매매가능,실거주가능,천호역세권,복층풀옵션원룸,",동현대공인중개사사무소,매매,1,11,22.49,12.99,"22,500",0,0,2026-08-13
20459781,41455475,시크릿하이엔드 층고2.6m 25A타입 3룸2화 풀옵션 천호역 비교불가,(단지내)청춘공인중개사사무소,매매,1,중,79.89,59.35,0,0,0,2026-08-25
20459781,41406785,"신축첫입주,로얄층,하이엔드,멋진한강뷰냉장고,식세기,세탁건조기 등",일등학사부동산공인중개사사무소,매매,1,중,79.89,59.35,0,0,0,2026-08-24
20459781,41416494,시크릿하이엔드 층고2.6m 30타입 3룸2화 풀옵션 천호역 비교불가,(단지내)청춘공인중개사사무소,매매,1,저,100.98,75.76,0,0,0,2026-08-24
20459781,41282452,야외테라스한강뷰 팬트하우스 개인자쿠지 스파 특화된 호텔식인테리어아파트,(단지내)세진공인중개사사무소,매매,1,16,113.39,84.92,0,0,0,2026-08-20
20459781,41211279,"신축첫입주,로얄층,하이엔드,멋진한강뷰냉장고,식세기,세탁건조기 등",일등학사부동산공인중개사사무소,매매,1,중,0.00,59.35,"123,500",0,0,2026-08-19
20459781,41211185,"신축첫입주,중간층,하이엔드급아파트 역세권 전철역도보5분 광진교한강공원인접",일등학사부동산공인중개사사무소,매매,1,저,0.00,59.35,"120,000",0,0,2026-08-19
20459781,41094057,"신축첫입주,중간층,하이엔드급,냉장고,식세기,세탁건조기 천호역도보5분",일등학사부동산공인중개사사무소,매매,1,4,79.89,59.35,0,0,0,2026-08-14
20459781,41109074,신축하이엔드 멋진 한강뷰 냉장고식세기 세탁건조기 에어컨등 특화된호텔식,(단지내)세진공인중개사사무소,매매,1,고,79.89,59.35,0,0,0,2026-08-14
20459781,41056563,신축 하이엔드 특화된 호텔식 프리미엄 고급아파트 한강뷰와 더블역세권,(단지내)세진공인중개사사무소,월세,1,중,79.89,59.35,0,"30,000",200,2026-08-13
20459781,40935259,"신축하이엔드,멋진한강뷰 에4 냉장고 식세기,세탁 건조기 특화된호텔식",(단지내)세진공인중개사사무소,월세,1,중,79.89,59.35,0,"25,000",220,2026-08-10
20459781,40895921,혼을갈아지었습니다 첫입주 25B타입 3룸2화 풀옵션 천호역 비교불가,(단지내)청춘공인중개사사무소,매매,1,저,80.61,59.11,0,0,0,2026-08-08
20459781,40895922,시크릿하이엔드 층고2.6m 30형 3룸2화 풀옵션 천호역 비교불가,(단지내)청춘공인중개사사무소,매매,1,중,113.52,84.62,0,0,0,2026-08-08
20459781,40743864,신축하이엔드 멋진 한강뷰 냉장고식세기 세탁건조기 에어컨등 특화된호텔식,(단지내)세진공인중개사사무소,매매,1,12,80.61,59.11,0,0,0,2026-08-04
20459781,40679419,"신축하이엔드,멋진 한강뷰 에4 냉장고 식세기,세탁건조기 특화된호텔식",(단지내)세진공인중개사사무소,전세,1,15,113.52,84.62,0,"120,000",0,2026-08-01
20427701,41407791,"실입주가능,주담대가능,복층형원룸,깔끔복층,천호역세권,계약일로2달협의",동현대공인중개사사무소,매매,1,16,18.07,12.88,"18,950",0,0,2026-08-24
20020026,41234896,"추천매매  암사역초역세권 방3,화2 넓은구조 수리깨끗 갭투자",부동산뱅크신세계공인중개사사무소,매매,102,5,106.94,84.97,"138,000",0,0,2026-08-18
20020026,41009388,"암사역세권, 재래시장초입, 생활이편리한위치아파트,세안고 매매가능",한강부동산공인중개사사무소,매매,102,5,141.99,84.97,"138,000",0,0,2026-08-12
20020026,41017219,추천매매 암사초역세권 갭투자추천 로얄 올수리확장,부동산뱅크신세계공인중개사사무소,매매,101,고,106.94,84.97,"139,000",0,0,2026-08-12
20385852,40723511,"엘림스퀘어2매매,수익률좋고,실입주가능,천호역세권,아파트단지인근오피스텔상권",동현대공인중개사사무소,매매,1,4,22.85,14.92,"15,900",0,0,2026-08-03
1710,41130950,입주 암사역세권  방4 화2 올수리 상태굿  탑층,래미안강동열매공인중개사사무소,매매,101,9,203.81,114.68,"125,000",0,0,2026-08-15
1710,40698561,암사역세권 올수리 방4화2 학세권,열매공인중개사사무소,매매,101,9,203.81,114.68,"125,000",0,0,2026-08-03
1704,41311790,입주 강동역세권 올수리,래미안강동열매공인중개사사무소,매매,102,저,124.81,84.97,"130,000",0,0,2026-08-21
1704,40880655,특올수리 입주 강동역7분  강동성심병원인근,열매공인중개사사무소,매매,102,저,124.81,84.97,"130,000",0,0,2026-08-08
249637,41484316,내집마련기회 구분다리역도보,래미안강동열매공인중개사사무소,매매,201,중,106.46,84.70,"90,000",0,0,2026-08-26
249637,41089604,구분다리역도보5분  정상입주,열매공인중개사사무소,매매,201,중,106.46,84.70,"90,000",0,0,2026-08-14
249637,40968859,남향 구분다리역,래미안강동열매공인중개사사무소,매매,201,중,106.75,84.97,"93,000",0,0,2026-08-11
249637,40839401,남향 입주 구분다리역5분,열매공인중개사사무소,매매,201,중,106.75,84.97,"93,000",0,0,2026-08-07
1714,41451956,"올수리하여깔끔, 막힘없는뷰, 천호역강동역역세권, 교통편리",일광공인중개사사무소,매매,102,18,0.00,84.88,"160,000",0,0,2026-08-25
1716,41407794,,동현대공인중개사사무소,전세,1,13,107.89,81.60,0,"60,000",0,2026-08-24
1717,41178982,강동역세권 방2화1 귀한월세 내부깔끔,동현대공인중개사사무소,월세,101,7,0.00,44.10,0,"5,000",140,2026-08-18
1718,41484303,입주 강동역바로 방5 화2 가격협의가능,래미안강동열매공인중개사사무소,매매,1,8,243.19,136.77,"130,000",0,0,2026-08-26
1718,41481309,"급매,기본상태.입주협의 가능, 방4화2",래미안친구공인중개사사무소,매매,1,고,208.68,117.36,"100,000",0,0,2026-08-26
1718,41392633,"28년 2월 협의, 급매, 정남향, 강동역 초역세권",열매공인중개사사무소,매매,1,6,142.21,79.98,"84,000",0,0,2026-08-24
1718,41178391,"급매 전세5.2억안고,강동역연결 남향",래미안강동열매공인중개사사무소,매매,1,저,0.00,79.98,"84,000",0,0,2026-08-18
1718,41089317,강동역바로 상태좋음 거실확장 롯데타워뷰,열매공인중개사사무소,매매,1,고,211.67,119.04,"120,000",0,0,2026-08-14
1718,40970448,"입주 ,수리 , 깨끗 강동역 바로",열매공인중개사사무소,매매,1,8,243.19,136.77,"130,000",0,0,2026-08-11
1718,40626065,거실확장  롯데타워뷰  깨끗,래미안강동열매공인중개사사무소,매매,1,고,211.67,119.04,"120,000",0,0,2026-07-31
20441320,41215053,신축4년차 트인뷰 방3화2 옵션 천호역세권 남향,동현대공인중개사사무소,월세,101,고,0.00,84.96,0,"65,000",120,2026-08-19
1500058938,41487427,25p 초역세권 로얄동층 트인뷰 채광굿 입주일협의,고덕리더스공인중개사사무소,전세,120,중,132.60,59.78,0,"90,000",0,2026-08-26
1500058938,41495229,금터. 25A 최상입지 압도적 미래가치 상가 이용편리 현관문열면 지하철,고덕그라시움금터부동산공인중개사사무소,매매,144,10,82.55,59.78,"207,000",0,0,2026-08-26
1500058938,41487106,25p 귀한 반전세 융무 시스템에어컨3 채광좋은집,고덕리더스공인중개사사무소,월세,128,고,82.55,59.78,0,"80,000",40,2026-08-26
1500058938,41480308,1단지귀한전세 관리R 강덕초 지하철연결 무융 컨디션최상 선한임대인,나이스공인중개사사무소,전세,126,중,100.95,73.87,0,"100,000",0,2026-08-26
1500058938,41486408,"그라시움 point   그라시움 34p 좋은동,좋은타입, 소개해요",포인트공인중개사사무소,매매,109,중,185.18,84.24,"265,000",0,0,2026-08-26
1500058938,41495235,금터 34A 놓쳐선 안될 로얄동 로얄층 올 A급 컨디션 현관문열면 지하철,고덕그라시움금터부동산공인중개사사무소,매매,109,중,114.66,84.24,"260,000",0,0,2026-08-26
1500058938,41487109,25p 선호하는 타입 강덕초 시원한 뷰  뻥뷰  손님만연락주세요,고덕리더스공인중개사사무소,전세,122,고,82.40,59.02,0,"85,000",0,2026-08-26
1500058938,41487116,25p 초역세권 로얄동층 트인뷰 채광굿,고덕리더스공인중개사사무소,전세,120,중,82.55,59.78,0,"90,000",0,2026-08-26
1500058938,41487108,25p 강추 강덕초 초역세권 최고 로얄동층 선호하는 타워형  트인뷰,고덕리더스공인중개사사무소,전세,119,중,82.36,59.05,0,"88,000",0,2026-08-26
1500058938,41495244,금터 24D 바로아래 커뮤니티 가슴뻥 사이다뷰 강덕초 현관 문열면지하철,고덕그라시움금터부동산공인중개사사무소,전세,119,중,82.36,59.05,0,"88,000",0,2026-08-26
1500058938,41495238,금터. 25P 인기타입 채광좋은 트인뷰 깔끔관리 풀에어컨 초역세권,고덕그라시움금터부동산공인중개사사무소,매매,147,중,82.36,59.05,"210,000",0,0,2026-08-26
1500058938,41495241,금터 25A  한적한 로얄동 뷰나오는 정남향 학세권 전세 9억 可,고덕그라시움금터부동산공인중개사사무소,월세,128,고,82.55,59.78,0,"80,000",40,2026-08-26
1500058938,41495237,금터. 25P 귀한 선호타입 트인뷰 채광굿 깔끔한내부상태 편리한생활권,고덕그라시움금터부동산공인중개사사무소,매매,146,중,82.36,59.05,"207,000",0,0,2026-08-26
1500058938,41487104,30p 귀한전세 시스템에어컨 입주협의 초역세권,고덕리더스공인중개사사무소,전세,149,중,101.76,73.56,0,"100,000",0,2026-08-26
1500058938,41487105,30p 강추  풀에어컨 융무 강덕초 고덕중 가까운동,고덕리더스공인중개사사무소,전세,126,중,100.95,73.87,0,"100,000",0,2026-08-26
1500058938,41472480,추천 융자없음  집깨끗함   관리잘된집       전망트임   역세권,푸르지오플러스(031-795-9933)공인중개사사무소,월세,108,20,82.55,59.78,0,"50,000",140,2026-08-26
1500058938,41495236,금터. 30P 추천 귀한전세 강덕초 고덕중 초근접  풀에어컨 밝고 환한집,고덕그라시움금터부동산공인중개사사무소,전세,126,중,100.95,73.87,0,"100,000",0,2026-08-26
1500058938,41487118,25p  초역세권 트인뷰 시스템에어컨 깨끗이 관리된집,고덕리더스공인중개사사무소,매매,145,중,82.55,59.78,"210,000",0,0,2026-08-26
1500058938,41487107,25p 귀한 전세  융무 정남향 시스템3  채광좋은집,고덕리더스공인중개사사무소,전세,128,고,82.55,59.78,0,"90,000",0,2026-08-26
1500058938,41495240,금터. 30P 한적한 로얄동 초록뷰 시원하게 열린 조망 늦은입주,고덕그라시움금터부동산공인중개사사무소,전세,149,중,101.76,73.56,0,"100,000",0,2026-08-26
1500058938,41472479,추천  융자없음 집깨끗함   관리잘된집       전망트임   역세권,푸르지오플러스(031-795-9933)공인중개사사무소,전세,108,20,82.55,59.78,0,"85,000",0,2026-08-26
1500058938,41482746,강추 로얄동층 융자무 귀한전세 컨디션최상,고덕선경(428-3939)공인중개사사무소,전세,108,고,132.60,59.78,0,"85,000",0,2026-08-26
1500058938,41482729,강추 입주매물 로얄동 로얄층 뻥트인조망 채광굿,고덕선경(428-3939)공인중개사사무소,매매,107,고,132.60,59.78,"220,000",0,0,2026-08-26
1500058938,41495242,금터 25A  한적한 로얄동 뷰나오는 정남향 학세권 8억 40만원 可,고덕그라시움금터부동산공인중개사사무소,전세,128,고,82.55,59.78,0,"90,000",0,2026-08-26
1500058938,41487117,30p 입주매매 강덕초  9호선 호재 더블역세권 투자가치상승예상,고덕리더스공인중개사사무소,매매,126,저,100.95,73.87,"236,000",0,0,2026-08-26
1500058938,41495239,금터. 25P 찐단독 초역세권 로얄동층 트인뷰 상가인접 커뮤니티인접,고덕그라시움금터부동산공인중개사사무소,매매,146,고,82.55,59.78,"210,000",0,0,2026-08-26
1500058938,41452404,금터. 46P 로얄동층 확트인 숲뷰 9호선호재 더블역세권 강덕초,고덕그라시움금터부동산공인중개사사무소,매매,101,중,155.27,113.19,"340,000",0,0,2026-08-25
1500058938,41480310,나이스 타워형 급매 강덕초 지하철연결 뻥뷰 주인거주 10월입주,나이스공인중개사사무소,전세,119,중,82.36,59.05,0,"88,000",0,2026-08-25
1500058938,41452410,금터. 34D 보시면 반할 똘똘한 한채  4BAY 판상형 사계절품은 숲뷰,고덕그라시움금터부동산공인중개사사무소,매매,106,저,115.63,84.24,"260,000",0,0,2026-08-25
1500058938,41446786,강덕초 귀한전세.무융자.풀에어컨.쾌적한환경,해피부동산공인중개사사무소,전세,126,중,100.95,73.87,0,"100,000",0,2026-08-25
1500058938,41478064,25 독일 강추. 로얄동 중 1순위 매물. 풀에어컨. 관리상태최상.,고덕독일489-4100공인중개사사무소,매매,119,중,82.55,59.78,"223,000",0,0,2026-08-25
1500058938,41487120,25p 강추 입주매매 초역세권1분 트인뷰 관리잘된집,고덕리더스공인중개사사무소,매매,143,중,82.55,59.78,"220,000",0,0,2026-08-25
1500058938,41446788,강덕초.초역세권.로얄동호.학교 커뮤니티 인접.생활완전편리,해피부동산공인중개사사무소,매매,109,중,114.66,84.24,"265,000",0,0,2026-08-25
1500058938,41458141,"단독 .최저가. 로열동.층,세안고",이화공인중개사,매매,118,고,114.66,84.24,"245,000",0,0,2026-08-25
1500058938,41466515,매도인의뢰 강덕초 뻥 뷰 지하철 커뮤니티 상가 이용편리,동서울부동산공인중개사사무소,매매,124,저,114.66,84.24,"260,000",0,0,2026-08-25
1500058938,41473080,"남향,풀옵션,상일역3분,생활편리",고덕종점그라시움공인중개사사무소,월세,128,고,82.55,59.78,0,"80,000",40,2026-08-25
1500058938,41464220,로얄동층.트인뷰.전철역.상가 바로.풀에어컨.커뮤니티 이용편리,키움공인중개사사무소,매매,109,중,114.66,84.24,"265,000",0,0,2026-08-25
1500058938,41452393,금터. 30P 추천 귀한전세 강덕초 고덕중 초근접  풀에어컨 밝고 환한집,고덕그라시움금터부동산공인중개사사무소,전세,126,중,100.95,73.87,0,"100,000",0,2026-08-25
1500058938,41446782,최로얄동호.보증금조정가.초역세권.강덕초.학교인접.생활편리동,해피부동산공인중개사사무소,월세,108,20,82.55,59.78,0,"50,000",140,2026-08-25
1500058938,41452411,금터. 25A  눈에 띄는 미래가치 고품격 커뮤니티 현관문열면 지하철,고덕그라시움금터부동산공인중개사사무소,매매,143,중,82.55,59.78,"220,000",0,0,2026-08-25
1500058938,41468767,그라시움 point  확트인뷰   로얄매물  추천,포인트공인중개사사무소,매매,119,중,82.55,59.78,"223,000",0,0,2026-08-25
1500058938,41452396,금터. 30P 한적한 로얄동 초록뷰 시원하게 열린 조망 늦은입주,고덕그라시움금터부동산공인중개사사무소,전세,149,중,101.76,73.56,0,"100,000",0,2026-08-25
1500058938,41464216,전철역 상가 바로. 시스템에어컨. 채광 좋은뷰.대단지 커뮤니티,키움공인중개사사무소,매매,144,10,82.55,59.78,"207,000",0,0,2026-08-25
1500058938,41417857,초역세권.생활편리동.여유로운입주.우수커뮤니티 수영장 인접,해피부동산공인중개사사무소,전세,149,중,101.76,73.56,0,"100,000",0,2026-08-25
1500058938,41452407,금터. 34P  트인뷰 채광굿 초역세권 상가이용편리 에어컨풀,고덕그라시움금터부동산공인중개사사무소,매매,109,중,114.66,84.24,"265,000",0,0,2026-08-25
1500058938,41446790,강덕초.로얄동호.학교인접 통학편리 생활편리동.9호선호재.우수커뮤니티,해피부동산공인중개사사무소,매매,111,중,114.66,84.24,"300,000",0,0,2026-08-25
1500058938,41469790,STAR추천 귀한반전세 초역세권 로얄동호 에어컨O,스타공인중개사사무소,월세,108,20,82.55,59.78,0,"50,000",180,2026-08-25
1500058938,41473079,"초역세권,탁트인뷰,초품아,생활편리",고덕종점그라시움공인중개사사무소,매매,109,중,114.66,84.24,"265,000",0,0,2026-08-25
1500058938,41469801,STAR추천 27년입주 세안고 융무 판상형 강덕초 트인뷰 관리굿,스타공인중개사사무소,매매,144,중,82.55,59.78,"207,000",0,0,2026-08-25
1500058938,41478054,독일 강추. 정남향. 고덕초배정. 귀한 전세. 에어컨3대. 옵션 좋은 집,고덕독일489-4100공인중개사사무소,전세,128,고,82.55,59.78,0,"90,000",0,2026-08-25
1500058938,41417859,강추급매.로얄동호 찐매물.입주협의.강덕초.9호선호재.풀에어컨,해피부동산공인중개사사무소,매매,109,중,114.66,84.24,"260,000",0,0,2026-08-25
1500058938,41478066,34 강추. 로얄동. 로얄층. 트인뷰. 강덕초 고덕중. 초역세권.,고덕독일489-4100공인중개사사무소,매매,109,중,114.66,84.24,"265,000",0,0,2026-08-25
1500058938,41466518,매도인의뢰  지하철 상가 커뮤니티 강덕초,동서울부동산공인중개사사무소,매매,146,중,82.36,59.05,"210,000",0,0,2026-08-25
1500058938,41464225,로얄동층.고덕역 바로.학원가 인접.풀에어컨.대단지 커뮤니티,키움공인중개사사무소,매매,113,저,115.67,84.04,"280,000",0,0,2026-08-25
1500058938,41466512,매도인 의뢰  강덕초 지하철 상가 커뮤니티 이용 편리,동서울부동산공인중개사사무소,매매,119,중,82.55,59.78,"223,000",0,0,2026-08-25
1500058938,41446796,세안고.초역세권단지.트인뷰.상가인접.생활편리,해피부동산공인중개사사무소,매매,147,중,82.55,59.78,"230,000",0,0,2026-08-25
1500058938,41454799,"입주매매, 뻥뷰, 에어컨풀, 관리상태좋음, 지하철역세권",고덕굿모닝(437-6009)공인중개사사무소,매매,147,중,82.36,59.05,"210,000",0,0,2026-08-25
1500058938,41435467,추천 융자없음  집깨끗함   관리잘된집       전망트임   역세권,푸르지오플러스(031-795-9933)공인중개사사무소,월세,108,20,82.55,59.78,0,"50,000",140,2026-08-25
1500058938,41476141,메인동 역세권 편의시설 다양 아이키우기 정말좋은곳,조은동네부동산426-9800공인중개사사무소,전세,108,20,82.55,59.78,0,"85,000",0,2026-08-25
1500058938,41470323,넓게트인뷰. 접근성 최고 로얄동. 귀한 반전세. 10월 입주협의,고덕자이(441-0109)공인중개사사무소,월세,108,20,82.55,59.78,0,"50,000",180,2026-08-25
1500058938,41470329,세안고 트인뷰초역세권 상가커뮤니티이용편리,고덕자이(441-0109)공인중개사사무소,매매,144,중,82.55,59.78,"207,000",0,0,2026-08-25
1500058938,41446785,입주일 맞춰드려요.9호선최인접동.최로얄동호.강덕초.우수학군.우수커뮤니티,해피부동산공인중개사사무소,매매,101,중,155.27,113.19,"340,000",0,0,2026-08-25
1500058938,41478062,25 강추. 관리상태최상. 학교가까운로얄동. 9호선개통호재. 풀에어컨.,고덕독일489-4100공인중개사사무소,매매,135,저,82.55,59.78,"215,000",0,0,2026-08-25
1500058938,41478067,독일 강추. 귀한 40P. 9호선 역세권. 4계절이 예쁜 숲조망 최고.,고덕독일489-4100공인중개사사무소,매매,102,저,133.41,97.80,"300,000",0,0,2026-08-25
1500058938,41452397,금터. 25P 귀한 선호타입 트인뷰 채광굿 깔끔한내부상태 편리한생활권,고덕그라시움금터부동산공인중개사사무소,매매,146,중,82.36,59.05,"207,000",0,0,2026-08-25
1500058938,41449142,"초초역세권, 로얄동층, 트인뷰, 시스템에어컨, 강덕초",고덕현대공인중개사사무소,매매,107,중,82.40,59.02,"230,000",0,0,2026-08-25
1500058938,41454798,트인뷰. 풀에어컨. 풀옵션. 더블역세권호재. 학군우수. 세안고,고덕굿모닝(437-6009)공인중개사사무소,매매,102,저,133.41,97.80,"300,000",0,0,2026-08-25
1500058938,41476142,메인동 역세권 편의시설 다양 아이키우기 정말좋은곳,조은동네부동산426-9800공인중개사사무소,월세,108,고,82.55,59.78,0,"50,000",140,2026-08-25
1500058938,41452398,금터. 25P 찐단독 초역세권 로얄동층 트인뷰 상가인접 커뮤니티인접,고덕그라시움금터부동산공인중개사사무소,매매,146,고,82.55,59.78,"210,000",0,0,2026-08-25
1500058938,41446780,초역세권.커뮤니티 상가 지하철 다인접한 생활편리동.트인뷰.수영장,해피부동산공인중개사사무소,매매,144,10,82.55,59.78,"207,000",0,0,2026-08-25
1500058938,41454797,트인뷰. 풀에어컨. 더블역세권호재. 학군우수,고덕굿모닝(437-6009)공인중개사사무소,매매,135,저,82.55,59.78,"215,000",0,0,2026-08-25
1500058938,41449170,입주 강덕초 에어컨4  중문  예쁜 정원뷰  밝고환한집,고덕강남부동산 공인중개사 사무소,매매,127,중,82.55,59.78,"220,000",0,0,2026-08-25
1500058938,41478070,독일 추천. 2블록 로얄동층. 개방감 좋은 트인뷰. 지하철2분 초역세권.,고덕독일489-4100공인중개사사무소,매매,143,고,82.55,59.78,"230,000",0,0,2026-08-25
1500058938,41417858,강추 로얄동호 귀한전세.강덕초.우수학군.우수커뮤니티,해피부동산공인중개사사무소,전세,119,중,82.36,59.05,0,"88,000",0,2026-08-25
1500058938,41452409,금터. 25A 놓쳐선 안될 똘똘한 한채 주인거주 관리최상 문열면 지하철,고덕그라시움금터부동산공인중개사사무소,매매,108,중,82.55,59.78,"230,000",0,0,2026-08-25
1500058938,41478055,독일 강추. 인기 많은 타워형. 강덕초. 귀한 전세 놓치지 마세요.,고덕독일489-4100공인중개사사무소,전세,119,중,82.36,59.05,0,"90,000",0,2026-08-25
1500058938,41446784,5호선 9호선고덕역인접.그린그린숲뷰.우수학군.우수커뮤니티.세안고,해피부동산공인중개사사무소,매매,106,저,115.63,84.24,"260,000",0,0,2026-08-25
1500058938,41478068,독일 강추. 인기 좋은 타워형. 초역세권. 풀에어컨. 편의시설 이용편리,고덕독일489-4100공인중개사사무소,매매,146,중,82.36,59.05,"210,000",0,0,2026-08-25
1500058938,41452413,금터. 25A 놓쳐선 안될 로얄동 로얄층  바로아래 커뮤니티 선호하는타입,고덕그라시움금터부동산공인중개사사무소,매매,119,중,82.55,59.78,"223,000",0,0,2026-08-25
1500058938,41452391,금터 24D 바로아래 커뮤니티 가슴뻥 사이다뷰 강덕초 현관 문열면지하철,고덕그라시움금터부동산공인중개사사무소,전세,119,중,82.36,59.05,0,"88,000",0,2026-08-25
1500058938,41470327,강추 30p의 귀한전세. 풀에어컨  입주.협의 관리잘된집,고덕자이(441-0109)공인중개사사무소,전세,149,중,101.76,73.56,0,"100,000",0,2026-08-25
1500058938,41480312,귀하고저렴한전세 강덕초 전망최고 컨디션최고 주인거주 선한임대인,나이스공인중개사사무소,전세,119,중,82.36,59.05,0,"88,000",0,2026-08-25
1500058938,41418478,,나이스공인중개사사무소,전세,128,고,82.55,59.78,0,"90,000",0,2026-08-25
1500058938,41466514,입주가 초록 초록 뻥 뷰 강덕초 지하철 상가 커뮤니티 이용 편리,동서울부동산공인중개사사무소,매매,105,저,114.66,84.24,"265,000",0,0,2026-08-25
1500058938,41466783,커뮤너티 바로 근접 선호타입 내부상태최상 단지정원뷰 강덕초,고덕무지개공인중개사사무소,전세,119,중,82.36,59.05,0,"88,000",0,2026-08-25
1500058938,41464224,로얄동층.큰평수.더블역세권.우수학군. 학원가 밀집.우수커뮤니티,키움공인중개사사무소,매매,102,저,133.41,97.80,"300,000",0,0,2026-08-25
1500058938,41454802,"에풀, 넓은동간거리, 상일역초역세권, 세대창고, 우수커뮤, 상가이용편리",고덕굿모닝(437-6009)공인중개사사무소,전세,149,중,101.76,73.56,0,"100,000",0,2026-08-25
1500058938,41446787,강추 로얄동호.빠른입주가능.강덕초.9호선호재.우수학군.우수커뮤니티,해피부동산공인중개사사무소,매매,119,중,82.55,59.78,"223,000",0,0,2026-08-25
1500058938,41480311,나이스 추천 강덕초 옵션굿 전망굿 채광굿 컨디션최고 선한임대인,나이스공인중개사사무소,월세,126,중,100.95,73.87,0,"90,000",40,2026-08-25
1500058938,41452403,금터 25A  한적한 로얄동 뷰나오는 정남향 학세권 전세 9억 可,고덕그라시움금터부동산공인중개사사무소,월세,128,고,82.55,59.78,0,"80,000",40,2026-08-25
1500058938,41464239,로얄동층. 전철역 상가 바로. 초중품아. 더블역세권. 대단지 커뮤니티,키움공인중개사사무소,전세,119,중,82.36,59.05,0,"88,000",0,2026-08-25
1500058938,41446792,로얄동호.선호구조.강덕초.입주협의.명문학군.우수커뮤니티,해피부동산공인중개사사무소,매매,113,저,115.67,84.04,"280,000",0,0,2026-08-25
1500058938,41452408,금터.25P 최상의 로얄동층 선호타입 탁트인뷰 초역세권 상가인접,고덕그라시움금터부동산공인중개사사무소,매매,107,중,82.40,59.02,"230,000",0,0,2026-08-25
1500058938,41466513,매도인의뢰 뻥 뷰  강덕초 지하철 커뮤니티,동서울부동산공인중개사사무소,매매,107,중,82.40,59.02,"220,000",0,0,2026-08-25
1500058938,41458140,풀옵션.편안한 조망.커뮤니티이용편리,이화공인중개사,전세,151,저,132.69,97.78,0,"130,000",0,2026-08-25
1500058938,41470334,넓게트인뷰. 접근성 최고 로얄동. 귀한 반전세. 10월 입주협의,고덕자이(441-0109)공인중개사사무소,전세,108,고,82.55,59.78,0,"90,000",0,2026-08-25
1500058938,41478069,독일 강추. 전세안고. 늦은 입주. 초역세권. 개방감 채광 굿.,고덕독일489-4100공인중개사사무소,매매,144,중,82.55,59.78,"207,000",0,0,2026-08-25
1500058938,41452415,금터. 25P 탁트인조망 채광통풍굿 풀옵션  9호선 최인접동 강덕초,고덕그라시움금터부동산공인중개사사무소,매매,135,저,82.55,59.78,"215,000",0,0,2026-08-25
1500058938,41454795,"입주일협의, 시스템에어컨. 더블역세권호재. 학군우수",고덕굿모닝(437-6009)공인중개사사무소,매매,146,고,82.55,59.78,"210,000",0,0,2026-08-25
1500058938,41469802,STAR추천 강덕초 고덕중 풀에어컨 트인조망 채광굿 관리굿,스타공인중개사사무소,전세,126,중,100.95,73.87,0,"100,000",0,2026-08-25
1500058938,41452412,금터. 25P 입주 채광좋고 개방감있는거실뷰,고덕그라시움금터부동산공인중개사사무소,매매,127,중,82.55,59.78,"220,000",0,0,2026-08-25
1500058938,41452414,금터. 25A 놓쳐선 안될 똘똘한 한채 프라이빗한 초록뷰 초역세권,고덕그라시움금터부동산공인중개사사무소,매매,148,저,82.55,59.78,"220,000",0,0,2026-08-25
1500058938,41466516,매도인의뢰 뻥 뷰 강덕초 지하철 상가 커뮤니티 이용 편리,동서울부동산공인중개사사무소,매매,125,중,114.66,84.24,"265,000",0,0,2026-08-25
1500058938,41466517,매도인의뢰 뻥 뷰 지하철 상가 커뮤니티 이용 편리,동서울부동산공인중개사사무소,매매,148,저,82.55,59.78,"220,000",0,0,2026-08-25
1500058938,41441866,강추 입주 로얄동층 트인조망 채광굿 강덕초 고덕중,고덕선경(428-3939)공인중개사사무소,매매,109,중,185.18,84.24,"260,000",0,0,2026-08-25
1500058938,41441856,입주 로얄동 로얄층 관리잘된세대 햇살가득,고덕선경(428-3939)공인중개사사무소,매매,110,중,163.35,73.56,"240,000",0,0,2026-08-25
1500058938,41441848,강추 입주매물 탁트인조망 상권이용편리 조용한동,고덕선경(428-3939)공인중개사사무소,매매,145,중,132.60,59.78,"210,000",0,0,2026-08-25
1500058938,41464240,늦은 입주.채광굿. 전철 상가 바로. 풀에어컨. 대단지 커뮤니티,키움공인중개사사무소,전세,149,중,101.76,73.56,0,"100,000",0,2026-08-25
1500058938,41441554,강추 9호선호재 로얄동 로얄층 선호타입 세안고,고덕선경(428-3939)공인중개사사무소,매매,119,중,131.79,59.05,"215,000",0,0,2026-08-25
1500058938,41441541,입주 9호선호재 탁트인조망 채광굿 밝고환한집,고덕선경(428-3939)공인중개사사무소,매매,135,저,132.60,59.78,"215,000",0,0,2026-08-25
1500058938,41464241,추천.로얄동층.풀에어컨.융무.초중학교 바로.대단지 커뮤니티,키움공인중개사사무소,전세,126,중,100.95,73.87,0,"100,000",0,2026-08-25
1500058938,41441526,강추 입주10월 로얄동층 선호타입 컨디션최상,고덕선경(428-3939)공인중개사사무소,전세,119,중,131.79,59.05,0,"88,000",0,2026-08-25
1500058938,41441497,추천 귀한전세 8억40가능 정남향 채광굿 시스템에어컨,고덕선경(428-3939)공인중개사사무소,전세,128,고,132.60,59.78,0,"90,000",0,2026-08-25
1500058938,41452384,금터. 25A 최상입지 압도적 미래가치 상가 이용편리 현관문열면 지하철,고덕그라시움금터부동산공인중개사사무소,매매,144,10,82.55,59.78,"207,000",0,0,2026-08-25
1500058938,41478065,독일 강추. 로얄동. 트인뷰. 세안고. 4베이 선호도 좋은 판상형.,고덕독일489-4100공인중개사사무소,매매,106,저,115.63,84.24,"260,000",0,0,2026-08-25
1500058938,41441484,세대분리형원룸 입주협의가 1인가구추천 풀옵션 커뮤니티이용가능,고덕선경(428-3939)공인중개사사무소,월세,101,저,249.27,113.39,0,"3,000",90,2026-08-25
1500058938,41469799,STAR 귀한전세 트인조망 커뮤니티이용편리 늦은입주가능,스타공인중개사사무소,전세,149,중,101.76,73.56,0,"100,000",0,2026-08-25
1500058938,41458139,파노라마뷰. 9호선고덕역호재. 한영고.배제고.광문등 우수학군,이화공인중개사,매매,102,저,133.41,97.80,"300,000",0,0,2026-08-25
1500058938,41464227,풀인테리어.확트인뷰.전철 상가바로.대단지 커뮤니티,키움공인중개사사무소,매매,146,고,82.55,59.78,"210,000",0,0,2026-08-25
1500058938,41466788,강추 입주 탁트인숲조망  초역세권  컨디션굿,고덕선경(428-3939)공인중개사사무소,매매,105,저,114.66,84.24,"260,000",0,0,2026-08-25
1500058938,41449171,상일동역 3분컷  밝고환한 막힘없는뷰  관리잘된집,고덕강남부동산 공인중개사 사무소,매매,146,고,82.55,59.78,"210,000",0,0,2026-08-25
1500058938,41454796,"급매,입주일협의, 세탁실이 넓음,에풀, 지하철역세권,인기있는 타입",고덕굿모닝(437-6009)공인중개사사무소,매매,146,중,82.36,59.05,"205,000",0,0,2026-08-25
1500058938,41454803,"에4 선호평형, 융무, 세대지하창고, 강덕초배정, 우수커뮤",고덕굿모닝(437-6009)공인중개사사무소,전세,126,중,100.95,73.87,0,"100,000",0,2026-08-25
1500058938,41469800,STAR추천 인테리어굿 입주매매 시에4 트인뷰 관리굿,스타공인중개사사무소,매매,135,저,82.55,59.78,"215,000",0,0,2026-08-25
1500058938,41478053,독일 강추. 정남향. 고덕초배정. 귀한 전세. 에어컨3대. 옵션 좋은,고덕독일489-4100공인중개사사무소,월세,128,고,82.55,59.78,0,"80,000",40,2026-08-25
1500058938,41449169,"9호선인접동,  밝고환한 예쁜 정원뷰 ,강덕초 5분컷 시에2",고덕강남부동산 공인중개사 사무소,매매,135,저,82.36,59.05,"212,000",0,0,2026-08-25
1500058938,41452399,금터. 34A 똘똘한 한채 누구나 선호하는 로얄동 층 현관문 열면 지하철,고덕그라시움금터부동산공인중개사사무소,매매,106,중,114.66,84.24,"280,000",0,0,2026-08-25
1500058938,41439131,매도인 의뢰 뻥 뻥 뻥 뷰  입주가능 강덕초 상가 커뮤니티 지하철 편리,동서울부동산공인중개사사무소,매매,125,중,185.18,84.24,"265,000",0,0,2026-08-25
1500058938,41439120,정원 뷰 뻥 뷰 입주가 지하철 상가 커뮤니티 이용 편리,동서울부동산공인중개사사무소,매매,148,저,132.60,59.78,"220,000",0,0,2026-08-25
1500058938,41439107,단 독 입주가 좋아하는 타입 지하철 상가 커뮤니티 이용 편리,동서울부동산공인중개사사무소,매매,146,중,131.79,59.05,"210,000",0,0,2026-08-25
1500058938,41478063,독일 강추. 로얄동층. 단지내 정원뷰. 관리상태최상. 지하철연결동.,고덕독일489-4100공인중개사사무소,매매,108,중,82.55,59.78,"230,000",0,0,2026-08-25
1500058938,41439084,정원 뷰 강덕초 커뮤니티 상가 지하철 이용 편리,동서울부동산공인중개사사무소,매매,124,저,185.18,84.24,"260,000",0,0,2026-08-25
1500058938,41439072,매도의뢰 뻥 뷰 집상태우수 지하철 상가 뷰커뮤니티 이용 편리,동서울부동산공인중개사사무소,매매,107,중,131.81,59.02,"230,000",0,0,2026-08-25
1500058938,41468770,그라시움 point   그라시움  34p 최고매물 추천합니다,포인트공인중개사사무소,매매,102,중,114.66,84.24,"275,000",0,0,2026-08-25
1500058938,41453177,"25, 확트인 막힘없는 뷰, 조용하고 뒷동산 뷰도,",고일공인중개사사무소,매매,146,고,82.55,59.78,"210,000",0,0,2026-08-25
1500058938,41452401,금터 25A  한적한 로얄동 뷰나오는 정남향 학세권 8억 40만원 可,고덕그라시움금터부동산공인중개사사무소,전세,128,고,82.55,59.78,0,"90,000",0,2026-08-25
1500058938,41446781,초역세권.강덕초.최로얄동호 학교인접.생활편리동.우수학군.우수커뮤니티,해피부동산공인중개사사무소,전세,108,20,82.55,59.78,0,"85,000",0,2026-08-25
1500058938,41452394,금터. 25P 인기타입 채광좋은 트인뷰 깔끔관리 풀에어컨 초역세권,고덕그라시움금터부동산공인중개사사무소,매매,147,중,82.36,59.05,"210,000",0,0,2026-08-25
1500058938,41449172,"상일동역5분컷, 트인뷰, 시스템에어컨2, 밝고환한집",고덕강남부동산 공인중개사 사무소,매매,144,중,82.55,59.78,"207,000",0,0,2026-08-25
1500058938,41464226,로얄동층.전철역 바로.시스템에어컨.채광좋은 선호타입,키움공인중개사사무소,매매,107,중,82.40,59.02,"230,000",0,0,2026-08-25
1500058938,41466511,매도인의뢰  뻥 뷰 강덕초 지하철 상가 커뮤니티 이용,동서울부동산공인중개사사무소,매매,102,저,133.41,97.80,"300,000",0,0,2026-08-25
1500058938,41465532,강덕초 인접 . 밝은 채광.  안정적인 조망권. 상가 지하철 인접.,일등그라시움 부동산중개,전세,126,중,100.95,73.87,0,"100,000",0,2026-08-25
1500058938,41458138,강력추천 최고 선호동.층. 주인거주 관리상태최상. 풀옵션,이화공인중개사,매매,109,중,114.66,84.24,"260,000",0,0,2026-08-25
1500058938,41397826,"대단지역세권,탁트인뷰,편의시설인접 명문학군 9호선호재 수영장",고덕거성공인중개사사무소,매매,144,10,132.60,59.78,"207,000",0,0,2026-08-24
1500058938,41397462,매도 의뢰 단 독  초록 초록 뻥 뷰 커뮤니티 지하철 상가,동서울부동산공인중개사사무소,매매,105,저,185.18,84.24,"265,000",0,0,2026-08-24
1500058938,41411260,입주 풀에어컨  트인뷰,고덕자이(441-0109)공인중개사사무소,매매,119,중,82.55,59.78,"223,000",0,0,2026-08-24
1500058938,41408349,금터 34A 올 A급 컨디션 말이 필요없는 고층의 개방감 풀에컨,고덕그라시움금터부동산공인중개사사무소,매매,109,고,114.66,84.24,"275,000",0,0,2026-08-24
1500058938,41433280,"강.추, 주인거주, 뻥뷰, 단지내 초중고",이화공인중개사,매매,107,고,82.55,59.78,"220,000",0,0,2026-08-24
1500058938,41435517,전망트임  관리 잘된집 역세권 초중고,푸르지오플러스(031-795-9933)공인중개사사무소,전세,108,고,82.55,59.78,0,"85,000",0,2026-08-24
1500058938,41421764,명문학군 9호선 비즈밸리호재 수영장  귀한전세매물 강덕초 고덕중,고덕거성공인중개사사무소,전세,108,20,82.55,59.78,0,"85,000",0,2026-08-24
1500058938,41396718,강추 입주10월 로얄동층 뻥트인시원한조망,고덕선경(428-3939)공인중개사사무소,월세,108,20,0.00,59.78,0,"50,000",140,2026-08-24
1500058938,41487138,25p 강추 초역세권 트인뷰 풀옵션 집상태최상,고덕리더스공인중개사사무소,매매,146,고,82.55,59.78,"210,000",0,0,2026-08-24
1500058938,41422209,풀에어컨.초중학교 인접.채광굿.판상형구조.생활권 우수,키움공인중개사사무소,매매,127,중,82.55,59.78,"220,000",0,0,2026-08-24
1500058938,41487145,25p  입주매매 초역세권 로얄동층 탁트인 전망,고덕리더스공인중개사사무소,매매,142,고,82.55,59.78,"230,000",0,0,2026-08-24
1500058938,41419719,일등추천전세.  밝은 채광. 트인뷰. 접근성 최고. 융무,일등그라시움 부동산중개,전세,108,고,82.55,59.78,0,"85,000",0,2026-08-24
1500058938,41487136,34p 세안고  초역세권 풀옵션 정원뷰 커뮤니티 인접동,고덕리더스공인중개사사무소,매매,151,저,115.63,84.24,"250,000",0,0,2026-08-24
1500058938,41422911,강추 로얄동층 귀한전세 융자무 시스템에어컨 강덕초 고덕중,고덕선경(428-3939)공인중개사사무소,전세,108,고,82.55,59.78,0,"85,000",0,2026-08-24
1500058938,41426886,로얄동 트인뷰 풀에어컨 생활편리,파크자이(428-4270)공인중개사사무소,월세,108,20,82.55,59.78,0,"50,000",180,2026-08-24
1500058938,41487139,"40p  강추 방4개 귀한대형평수, 고급 풀옵션, 커뮤니티인접동 초역세권",고덕리더스공인중개사사무소,매매,151,중,132.69,97.78,"300,000",0,0,2026-08-24
1500058938,41433281,귀한 펜트매물입니다.,이화공인중개사,매매,101,고,242.99,175.90,"550,000",0,0,2026-08-24
1500058938,41421771,명문학군 9호선 비즈밸리호재 수영장  귀한전세매물 강덕초 고덕중,고덕거성공인중개사사무소,전세,119,중,82.36,59.05,0,"88,000",0,2026-08-24
1500058938,41487170,25p 강추 입주매매 초역세권 스템에어컨,고덕리더스공인중개사사무소,매매,153,중,82.40,59.02,"205,000",0,0,2026-08-24
1500058938,41422208,로얄동층.채광좋은 선호타입. 빠른입주. 풀에어컨.대단지 커뮤니티,키움공인중개사사무소,매매,119,중,82.55,59.78,"223,000",0,0,2026-08-24
1500058938,41487137,25p 입주매매 시스템에어컨4 귀한D타입 초역세권,고덕리더스공인중개사사무소,매매,147,중,82.36,59.05,"210,000",0,0,2026-08-24
1500058938,41422915,추천 파노라마숲조망 더블역세권 9호선호재  채광굿,고덕선경(428-3939)공인중개사사무소,매매,102,저,133.41,97.80,"300,000",0,0,2026-08-24
1500058938,41487134,34p 강추 로얄동 강덕초 수영장 커뮤니티우수 초역세권,고덕리더스공인중개사사무소,매매,111,중,114.66,84.24,"280,000",0,0,2026-08-24
1500058938,41429325,뛰어라. 10월입주. 25귀한전세. 로얄동 . 강덕초 . 거주만족도최고,뛰어라공인중개사사무소,전세,119,중,82.36,59.05,0,"88,000",0,2026-08-24
1500058938,41422428,"입주,초역세권,로얄동층,풀에어컨,상태굿,최상급매물",고덕현대공인중개사사무소,매매,119,중,82.55,59.78,"223,000",0,0,2026-08-24
1500058938,41422905,귀한반전세  뻥트인조망 밝고환한집 시스템에어컨 강덕초,고덕선경(428-3939)공인중개사사무소,월세,108,20,82.55,59.78,0,"50,000",140,2026-08-24
1500058938,41418476,"탁트인뷰,선호구조,입주",고덕종점그라시움공인중개사사무소,매매,147,중,82.36,59.05,"210,000",0,0,2026-08-24
1500058938,41487142,34p 로얄동층  초역세권 탁트인 숲전망 컨디션최상 9호선 더블역세권,고덕리더스공인중개사사무소,매매,106,고,114.66,84.24,"280,000",0,0,2026-08-24
1500058938,41418477,"9호선,5호선더블역세권,숲뷰의 전망굿,시원한공간",고덕종점그라시움공인중개사사무소,매매,101,중,155.27,113.19,"340,000",0,0,2026-08-24
1500058938,41419720,일등 단독. 상일역 초역세. 시원하게 트인뷰. 깔끔 관리. 옵션 풍부,일등그라시움 부동산중개,월세,143,중,82.55,59.78,0,"63,000",90,2026-08-24
1500058938,41422910,강추 입주 더블역세권 컨디션최상 명문학군지,고덕선경(428-3939)공인중개사사무소,매매,127,중,82.55,59.78,"220,000",0,0,2026-08-24
1500058938,41392837,강추 빠른입주협의가 로얄동 로얄층 뻥트인시원한조망,고덕선경(428-3939)공인중개사사무소,매매,119,중,132.60,59.78,"223,000",0,0,2026-08-24
1500058938,41392806,세안고 로얄동층 뻥트인조망 채광굿 9호선호재 명문학군지,고덕선경(428-3939)공인중개사사무소,매매,118,고,185.18,84.24,"245,000",0,0,2026-08-24
1500058938,41421762,"대단지역세권,탁트인뷰.명문학군  9호선호재 수영장 조식서비스 세안고",고덕거성공인중개사사무소,매매,144,10,82.55,59.78,"207,000",0,0,2026-08-24
1500058938,41392772,강추 전면동 로얄동 더블역세권 컨디션최상,고덕선경(428-3939)공인중개사사무소,매매,105,저,185.18,84.24,"260,000",0,0,2026-08-24
1500058938,41392759,추천 입주 로얄동층 탁트인조망 초초역세권,고덕선경(428-3939)공인중개사사무소,매매,109,중,185.18,84.24,"265,000",0,0,2026-08-24
1500058938,41419721,일등단독. 무융자. 풀옵션. 조용하고 안정적인 로얄층. 하시입주,일등그라시움 부동산중개,전세,138,중,82.55,59.78,0,"82,000",0,2026-08-24
1500058938,41422909,강추 로얄동층 채광굿 조망굿 초초역세권 시스템에어컨,고덕선경(428-3939)공인중개사사무소,매매,109,중,114.66,84.24,"265,000",0,0,2026-08-24
1500058938,41421763,명문학군 9호선 비즈밸리호재 수영장  귀한월세매물 강덕초 고덕중,고덕거성공인중개사사무소,월세,108,20,82.55,59.78,0,"50,000",140,2026-08-24
1500058938,41418481,초역세권 상일동역2분  수영장 조식배달 늦은입주,나이스공인중개사사무소,매매,144,중,82.55,59.78,"207,000",0,0,2026-08-24
1500058938,41487140,"34p 강덕초,고덕중 인접동 초역세권 탁트인뷰 채광굿",고덕리더스공인중개사사무소,매매,125,저,114.66,84.24,"280,000",0,0,2026-08-24
1500058938,41422906,초초역세권  시스템에어컨 로얄동층 커뮤니티우수,고덕선경(428-3939)공인중개사사무소,매매,144,10,82.55,59.78,"207,000",0,0,2026-08-24
1500058938,41422908,강추 귀한입주매물 9호선호재  로얄동층 탁트인조망,고덕선경(428-3939)공인중개사사무소,매매,101,중,155.27,113.19,"340,000",0,0,2026-08-24
1500058938,41426892,초록숲뷰 로얄동 세안고 9호선 더블역세권 대단지커뮤니티,파크자이(428-4270)공인중개사사무소,매매,102,저,133.41,97.80,"300,000",0,0,2026-08-24
1500058938,41487141,25p 초역세권 초록정원뷰 9호선 더블역세권 커뮤니티인접동,고덕리더스공인중개사사무소,매매,148,저,82.55,59.78,"220,000",0,0,2026-08-24
1500058938,41487135,34p 입주매매 초역세권 강덕초 로얄동층 예쁜정원뷰,고덕리더스공인중개사사무소,매매,111,저,114.66,84.24,"280,000",0,0,2026-08-24
1500058938,41387045,1단지귀한전세 관리R 강덕초 지하철연결 무융 컨디션최상 선한임대인,나이스공인중개사사무소,전세,126,중,100.95,73.87,0,"100,000",0,2026-08-23
1500058938,41378018,STAR추천 로얄동층 뻥뷰 강덕초 관리굿 에어컨,스타공인중개사사무소,매매,106,중,114.66,84.24,"280,000",0,0,2026-08-22
1500058938,41361517,금터 34A  누구나 선호하는 로얄동 올A급 컨디션  안정감 있는 뷰,고덕그라시움금터부동산공인중개사사무소,매매,111,저,114.66,84.24,"280,000",0,0,2026-08-22
1500058938,41378011,STAR추천 판상형 강덕초 고덕중 트인뷰 관리굿 에어컨풀,스타공인중개사사무소,매매,113,저,115.67,84.04,"280,000",0,0,2026-08-22
1500058938,41378021,STAR추천 시에풀 뻥뷰 채광굿 깔끔 입주매매 관리굿,스타공인중개사사무소,매매,147,중,82.36,59.05,"210,000",0,0,2026-08-22
1500058938,41378016,STAR추천 로얄동 초역세권 더블역세권 뻥뷰 강덕초 관리굿 에어컨,스타공인중개사사무소,매매,106,저,115.63,84.24,"260,000",0,0,2026-08-22
1500058938,41379530,대단지역세권 명문학군 9호선 비즈밸리호재 수영장  귀한입주물건 로얄동층,고덕거성공인중개사사무소,매매,109,중,114.66,84.24,"260,000",0,0,2026-08-22
1500058938,41378010,STAR추천 판상형 강덕초 고덕중 트인뷰 관리굿 에어컨풀,스타공인중개사사무소,매매,111,중,114.66,84.24,"280,000",0,0,2026-08-22
1500058938,41367050,분리형 원룸. 풀옵션,이화공인중개사,월세,101,저,154.34,113.39,0,"3,000",90,2026-08-22
1500058938,41379528,"대단지역세권,탁트인뷰,편의시설인접 명문학군 9호선호재 수영장 입주",고덕거성공인중개사사무소,매매,146,중,82.36,59.05,"210,000",0,0,2026-08-22
1500058938,41378013,STAR추천 로얄동층 뻥뷰 강덕초 관리굿 에어컨,스타공인중개사사무소,매매,102,저,133.41,97.80,"300,000",0,0,2026-08-22
1500058938,41487208,강추  25p 로얄동 로얄층 풀옵션 관리 잘된 깨끗한 집,고덕리더스공인중개사사무소,월세,108,고,82.55,59.78,0,"50,000",140,2026-08-22
1500058938,41378033,STAR추천 선호평면 입주매매 시에4 트인뷰 관리굿,스타공인중개사사무소,매매,146,중,82.36,59.05,"210,000",0,0,2026-08-22
1500058938,41378017,STAR추천 판상형 강덕초 고덕중 트인뷰 관리굿 에어컨풀,스타공인중개사사무소,매매,109,중,114.66,84.24,"265,000",0,0,2026-08-22
1500058938,41387046,,나이스공인중개사사무소,전세,128,고,82.55,59.78,0,"90,000",0,2026-08-22
1500058938,41378020,STAR추천 로얄동층 뻥뷰 강덕초 관리굿 에어컨,스타공인중개사사무소,매매,107,중,82.40,59.02,"230,000",0,0,2026-08-22
1500058938,41379529,"대단지역세권,탁트인뷰,편의시설인접 명문학군 9호선호재 수영장 입주",고덕거성공인중개사사무소,매매,146,고,82.55,59.78,"210,000",0,0,2026-08-22
1500058938,41375259,정남향 에어컨3 식세기 융자무 관리잘된집 커뮤니티우수,파크자이(428-4270)공인중개사사무소,월세,128,고,82.55,59.78,0,"80,000",40,2026-08-22
1500058938,41372806,채광좋은 선호타입.풀에어컨.전철 상가이용편리.우수 커뮤니티,키움공인중개사사무소,매매,147,중,82.36,59.05,"210,000",0,0,2026-08-22
1500058938,41379531,대단지역세권 명문학군  9호선호재 수영장 비즈밸리 타워형 입주,고덕거성공인중개사사무소,매매,147,중,82.36,59.05,"210,000",0,0,2026-08-22
1500058938,41378023,STAR추천 초역세권 강덕초 관리굿 에어컨,스타공인중개사사무소,매매,108,중,82.55,59.78,"230,000",0,0,2026-08-22
1500058938,41354304,"그라시움 point  시스템 에어컨 ,관리잘된집",포인트공인중개사사무소,전세,128,고,132.60,59.78,0,"90,000",0,2026-08-22
1500058938,41378022,STAR추천 에어컨 중문 판상형 강덕초 트인뷰 관리굿,스타공인중개사사무소,매매,127,중,82.55,59.78,"230,000",0,0,2026-08-22
1500058938,41378012,STAR추천 방4 5bay판상형 엘베2 로얄동층 파노라마뻥뷰 관리굿,스타공인중개사사무소,매매,101,중,155.27,113.19,"340,000",0,0,2026-08-22
1500058938,41367051,파노라마 뷰. 귀한대형. 9호선호재. 풀옵션,이화공인중개사,매매,101,중,155.27,113.19,"340,000",0,0,2026-08-22
1500058938,41367622,초역세권 로얄동층 빠른입주가능 풀에어컨 협의가능,강동위드공인중개사사무소,매매,119,중,82.55,59.78,"223,000",0,0,2026-08-22
1500058938,41367621,입주매물.  로얄동.  선호타입.  풀에어컨. 대단지커뮤니티. 세대창고,강동위드공인중개사사무소,매매,109,중,114.66,84.24,"265,000",0,0,2026-08-22
1500058938,41378032,STAR추천 선호평면 입주매매 시에4 트인뷰 관리굿,스타공인중개사사무소,매매,146,고,82.55,59.78,"210,000",0,0,2026-08-22
1500058938,41341698,금터. 34D 보시면 반할 똘똘한 한채  4BAY 판상형 사계절품은 숲뷰,고덕그라시움금터부동산공인중개사사무소,매매,106,저,115.63,84.24,"260,000",0,0,2026-08-22
1500058938,41375103,강추 귀한전세 시스템에어컨 강덕초  고덕중  커뮤니티우수,고덕선경(428-3939)공인중개사사무소,전세,126,중,100.95,73.87,0,"100,000",0,2026-08-22
1500058938,41487218,25p 선호타입 평면 초역세권 풀옵션 트인뷰,고덕리더스공인중개사사무소,매매,146,중,82.36,59.05,"207,000",0,0,2026-08-21
1500058938,41487212,34p 강추 입주매매 초역세권 상일동역1분 풀옵션 확트인뷰,고덕리더스공인중개사사무소,매매,109,중,114.66,84.24,"265,000",0,0,2026-08-21
1500058938,41341732,금터. 25P 탁트인조망 채광통풍굿 풀옵션  9호선 최인접동 강덕초,고덕그라시움금터부동산공인중개사사무소,매매,135,저,82.55,59.78,"215,000",0,0,2026-08-21
1500058938,41327871,입주 로얄동층 탁트인시원한조망 밝고환한집  더블역세권,고덕선경(428-3939)공인중개사사무소,매매,109,중,114.66,84.24,"260,000",0,0,2026-08-21
1500058938,41341731,금터. 25A 놓쳐선 안될 똘똘한 한채 주인거주 관리최상 문열면 지하철,고덕그라시움금터부동산공인중개사사무소,매매,108,중,82.55,59.78,"230,000",0,0,2026-08-21
1500058938,41327874,강추 강덕초 예쁜단지조망 컨디션굿 풀시스템에어컨,고덕선경(428-3939)공인중개사사무소,전세,126,중,100.95,73.87,0,"100,000",0,2026-08-21
1500058938,41327870,추천 입주매물  로얄동 트인조망 채광굿 관리잘된세대,고덕선경(428-3939)공인중개사사무소,매매,143,중,82.55,59.78,"220,000",0,0,2026-08-21
1500058938,41312780,"대단지역세권,탁트인뷰,편의시설인접 명문학군 9호선호재 수영장 입주",고덕거성공인중개사사무소,매매,146,중,131.79,59.05,"210,000",0,0,2026-08-21
1500058938,41312776,9호선 비즈밸리호재 명문학군  조식서비스 로얄동층  입주,고덕거성공인중개사사무소,매매,147,중,131.79,59.05,"210,000",0,0,2026-08-21
1500058938,41341717,금터. 34A 똘똘한 한채 누구나 선호하는 로얄동 층 현관문 열면 지하철,고덕그라시움금터부동산공인중개사사무소,매매,106,중,114.66,84.24,"280,000",0,0,2026-08-21
1500058938,41312716,"대단지역세권,탁트인뷰,편의시설인접 명문학군 9호선호재 수영장 입주",고덕거성공인중개사사무소,매매,146,고,132.60,59.78,"210,000",0,0,2026-08-21
1500058938,41487213,25p 상일역1분 초역세권  세안고 27년 입주  2단지 전면동,고덕리더스공인중개사사무소,매매,144,중,82.55,59.78,"207,000",0,0,2026-08-21
1500058938,41487215,34p 선호타입 초역세권 풀에어컨 커뮤니티이용 편리 조용한단지,고덕리더스공인중개사사무소,매매,151,중,115.67,84.04,"250,000",0,0,2026-08-21
1500058938,41332379,로얄동호.입주협의.강덕초.9호선호재.우수학군.우수커뮤니티,해피부동산공인중개사사무소,매매,108,중,82.55,59.78,"230,000",0,0,2026-08-21
1500058938,41487214,46p 9호선호재 로얄층.동 풀옵션 햇빛 가득한 숲 전망,고덕리더스공인중개사사무소,매매,101,중,155.27,113.19,"340,000",0,0,2026-08-21
1500058938,41341726,금터. 34P  트인뷰 채광굿 초역세권 상가이용편리 에어컨풀,고덕그라시움금터부동산공인중개사사무소,매매,109,중,114.66,84.24,"265,000",0,0,2026-08-21
1500058938,41487210,25p 로얄동 층 확트인 뷰 상가인접동 더블역세권 시스템에어컨등 풀옵션,고덕리더스공인중개사사무소,매매,108,중,82.55,59.78,"230,000",0,0,2026-08-21
1500058938,41487216,25p 강추 초역세권 9호선호재 최고 로얄동층 강덕초,고덕리더스공인중개사사무소,매매,107,중,82.40,59.02,"230,000",0,0,2026-08-21
1500058938,41487217,25p 상일역1분 초역세권 확트인 밝고환한집,고덕리더스공인중개사사무소,매매,142,중,82.55,59.78,"210,000",0,0,2026-08-21
1500058938,41487222,25p 입주매매 초역세권 풀에어컨 강덕초 명문학군 예쁜조경뷰 채광굿,고덕리더스공인중개사사무소,매매,127,중,82.55,59.78,"230,000",0,0,2026-08-21
1500058938,41487211,"40p 초역세권 5,9호선 더블역세권 풀옵션 세안고 밝고환한 트인뷰",고덕리더스공인중개사사무소,매매,102,저,133.41,97.80,"300,000",0,0,2026-08-21
1500058938,41341730,금터. 25A 놓쳐선 안될 똘똘한 한채 프라이빗한 초록뷰 초역세권,고덕그라시움금터부동산공인중개사사무소,매매,148,저,82.55,59.78,"220,000",0,0,2026-08-21
1500058938,41341734,금터. 25P 입주 채광좋고 개방감있는거실뷰,고덕그라시움금터부동산공인중개사사무소,매매,127,중,82.55,59.78,"220,000",0,0,2026-08-21
1500058938,41328810,대단지역세권 명문학군 9호선 비즈밸리호재 수영장 입주물건,고덕거성공인중개사사무소,매매,127,중,82.55,59.78,"220,000",0,0,2026-08-21
1500058938,41487221,34p강추 선호타입평면 공원숲뷰 초역세권 풀옵션 더블역세권 강덕초 세안고,고덕리더스공인중개사사무소,매매,106,저,115.63,84.24,"260,000",0,0,2026-08-21
1500058938,41487209,34p 입주매매 9호선호재 풀옵션 강덕초 선호하는타입 밝고환한집,고덕리더스공인중개사사무소,매매,113,저,115.67,84.04,"280,000",0,0,2026-08-21
1500058938,41324068,로얄동 풀에어컨 강덕초 명문학군 예쁜조경뷰 채광 커뮤니티우수,파크자이(428-4270)공인중개사사무소,매매,127,중,82.55,59.78,"220,000",0,0,2026-08-21
1500058938,41332381,해피강추.강덕초.확트인뷰.학교인접.9호선 인접.밝고환한집,해피부동산공인중개사사무소,매매,135,저,82.55,59.78,"215,000",0,0,2026-08-21
1500058938,41332336,"급매, 9호선호재, 숲뷰, 커뮤니티시설우수, 세안고",고덕굿모닝(437-6009)공인중개사사무소,매매,106,저,115.63,84.24,"260,000",0,0,2026-08-21
1500058938,41328811,9호선 비즈밸리호재 명문학군 수영장 조식서비스 로얄동층,고덕거성공인중개사사무소,매매,109,중,114.66,84.24,"265,000",0,0,2026-08-21
1500058938,41341728,금터. 25A 놓쳐선 안될 로얄동 로얄층  바로아래 커뮤니티 선호하는타입,고덕그라시움금터부동산공인중개사사무소,매매,119,중,82.55,59.78,"223,000",0,0,2026-08-21
1500058938,41341733,금터. 25A  눈에 띄는 미래가치 고품격 커뮤니티 현관문열면 지하철,고덕그라시움금터부동산공인중개사사무소,매매,143,중,82.55,59.78,"220,000",0,0,2026-08-21
1500058938,41323678,역세권 슬세권  입주 풀옵션 최고커뮤니티 수영장 근거리 명문중고교학군,대일공인중개사사무소,매매,153,중,82.55,59.78,"218,000",0,0,2026-08-21
1500058938,41332382,초역세권.커뮤니티인접.생활편리동.조건협의.올인테리어,해피부동산공인중개사사무소,매매,146,고,82.55,59.78,"210,000",0,0,2026-08-21
1500058938,41328809,대단지역세권  명문학군 9호선 비즈밸리호재  선호동 세안고매매,고덕거성공인중개사사무소,매매,107,저,82.55,59.78,"220,000",0,0,2026-08-21
1500058938,41309404,추천 입주매물 로얄동층 트인조망 컨디션굿 시스템에어컨,고덕선경(428-3939)공인중개사사무소,매매,143,중,0.00,59.78,"220,000",0,0,2026-08-21
1500058938,41341722,금터. 46P 로얄동층 확트인 숲뷰 9호선호재 더블역세권 강덕초,고덕그라시움금터부동산공인중개사사무소,매매,101,중,155.27,113.19,"340,000",0,0,2026-08-21
1500058938,41487220,25p 로얄동층 강덕초 초역세권 채광굿 풀에어컨 빠른입주,고덕리더스공인중개사사무소,매매,119,중,82.55,59.78,"223,000",0,0,2026-08-21
1500058938,41341727,금터.25P 최상의 로얄동층 선호타입 탁트인뷰 초역세권 상가인접,고덕그라시움금터부동산공인중개사사무소,매매,107,중,82.40,59.02,"230,000",0,0,2026-08-21
1500058938,41290626,강덕초. 9호선 호재. 예쁜 인테리어. 옵션 풍부,일등그라시움 부동산중개,매매,135,저,82.55,59.78,"215,000",0,0,2026-08-20
1500058938,41256018,일등추천. 로얄동. 예쁜 트인 정원뷰.  옵션 풍부.  고덕역  인접,일등그라시움 부동산중개,매매,113,저,115.67,84.04,"260,000",0,0,2026-08-20
1500058938,41256016,상일역 초역세권. 상가 이용편리. 트인 밝은 채광. 세안고,일등그라시움 부동산중개,매매,144,중,82.55,59.78,"207,000",0,0,2026-08-20
1500058938,41290624,밝은 채광. 깔끔 관리. 옵션 풍부. 상일역 초역세. 조용한 숲세권,일등그라시움 부동산중개,매매,147,중,82.36,59.05,"210,000",0,0,2026-08-20
1500058938,41293035,"초역세권, 시스템 에어컨, 12월입주, 편의시설 우수",고덕현대공인중개사사무소,전세,149,중,101.76,73.56,0,"100,000",0,2026-08-20
1500058938,41299547,"뛰어라추천. 입주일협의, 귀한대형, 전면동, 로얄층, 9호선호재",뛰어라공인중개사사무소,매매,101,중,155.27,113.19,"340,000",0,0,2026-08-20
1500058938,41290621,초로얄동. 옵션 좋고 깔끔하게 관리된 세대. 트인뷰,일등그라시움 부동산중개,매매,108,중,82.55,59.78,"230,000",0,0,2026-08-20
1500058938,41290623,일등매물 입주일협의 로얄동 선호라인,일등그라시움 부동산중개,매매,109,중,114.66,84.24,"265,000",0,0,2026-08-20
1500058938,41487224,34p 입주매매 전면동 강덕초 초역세권 로얄동층 탁트인뷰 집상태최상,고덕리더스공인중개사사무소,매매,106,중,114.66,84.24,"280,000",0,0,2026-08-20
1500058938,41299558,뛰어라. 귀한30 전세 . 풀에어컨. 장기거주. 상태좋아요. 강덕초,뛰어라공인중개사사무소,전세,126,중,100.95,73.87,0,"100,000",0,2026-08-20
1500058938,41257695,해피강추.강덕초.확트인뷰.학교인접.9호선 인접.밝고환한집,해피부동산공인중개사사무소,매매,135,저,82.55,59.78,"215,000",0,0,2026-08-20
1500058938,41256019,명실상부 최고의 로얄동. 트인뷰 . 밝은 채광 판상형. 접근성 최고,일등그라시움 부동산중개,월세,108,고,82.55,59.78,0,"50,000",180,2026-08-20
1500058938,41256012,일등 추천. 로얄동층 시원한 뷰. 깔끔한 관리. 최상컨디션,일등그라시움 부동산중개,매매,109,중,114.66,84.24,"260,000",0,0,2026-08-20
1500058938,41299548,"뛰어라,입주가능. 컨디션최상. 로얄동층,트인뷰,채광굿,조식서비스",뛰어라공인중개사사무소,매매,142,고,82.55,59.78,"230,000",0,0,2026-08-20
1500058938,41299557,"뛰어라,로얄동,트인뷰,귀한 전세,풀에어컨,늦은 입주,커뮤니티이용 편리",뛰어라공인중개사사무소,전세,149,중,101.76,73.56,0,"100,000",0,2026-08-20
1500058938,41293507,추천매물 로얄동층  채광우수 더블역세권  밝은집 판상형,고덕선경(428-3939)공인중개사사무소,매매,108,중,82.55,59.78,"230,000",0,0,2026-08-20
1500058938,41290625,앞줄 선호라인 일등매물 입주일협의,일등그라시움 부동산중개,매매,106,중,114.66,84.24,"280,000",0,0,2026-08-20
1500058938,41293508,강추  선호타입 로얄동층 트인조망 밝고환한집,고덕선경(428-3939)공인중개사사무소,전세,119,중,82.36,59.05,0,"88,000",0,2026-08-20
1500058938,41292815,입주.풀에어컨. 채광좋은 선호타입.전철역 상가이용편리.대단지 커뮤니티,키움공인중개사사무소,매매,146,중,82.36,59.05,"210,000",0,0,2026-08-20
1500058938,41257693,초역세권.커뮤니티인접.생활편리동.조건협의.올인테리어,해피부동산공인중개사사무소,매매,146,고,82.55,59.78,"210,000",0,0,2026-08-20
1500058938,41290627,,일등그라시움 부동산중개,매매,146,고,82.55,59.78,"210,000",0,0,2026-08-20
1500058938,41256013,초역세권 일등매물 빨리 계약될 집,일등그라시움 부동산중개,매매,146,중,82.36,59.05,"210,000",0,0,2026-08-20
1500058938,41299543,25P. 추천매물. 인테리어잘된집. 초역세권 채광좋아요.,뛰어라공인중개사사무소,매매,146,고,82.55,59.78,"210,000",0,0,2026-08-20
1500058938,41299563,"뛰어라,40p,로얄동,채광좋은 트인뷰,풀에어컨,세안고매매,더블역세권",뛰어라공인중개사사무소,매매,102,저,133.41,97.80,"300,000",0,0,2026-08-20
1500058938,41293505,세대분리형원룸 입주협의가 1인가구선호 풀옵션  커뮤니티이용가능,고덕선경(428-3939)공인중개사사무소,월세,101,저,154.34,113.39,0,"3,000",90,2026-08-20
1500058938,41299545,"뛰어라. 완전로얄매물, 지하철연결, 상태최고, 지하철1분",뛰어라공인중개사사무소,매매,108,중,82.55,59.78,"230,000",0,0,2026-08-20
1500058938,41299559,"뛰어라. 추천 시스템에어컨, 햇빛잘드는 밝은집, 융자무 , 옵션좋아요",뛰어라공인중개사사무소,전세,128,고,82.55,59.78,0,"90,000",0,2026-08-20
1500058938,41290622,단독 .세안고.  로얄 인테리어 특급 물건. 전화작업금지,일등그라시움 부동산중개,매매,102,중,133.41,97.80,"300,000",0,0,2026-08-20
1500058938,41299556,뛰어라. 40 전세. 10월 협의. 풀에어컨. 커뮤니티편리한 동. 초역세,뛰어라공인중개사사무소,전세,151,저,132.69,97.78,0,"135,000",0,2026-08-20
1500058938,41256017,아름다운 트인뷰. 옵션 풍부. 관리 상태 최상. 상가 지하철 초인접,일등그라시움 부동산중개,매매,119,고,82.36,59.05,"230,000",0,0,2026-08-20
1500058938,41293509,급매 입주매물 트인조망 로얄동층 명문학군지,고덕선경(428-3939)공인중개사사무소,매매,109,중,114.66,84.24,"260,000",0,0,2026-08-20
1500058938,41299546,"뛰어라. 입주협의가능 수납 좋아요,  주인거주 상태최상",뛰어라공인중개사사무소,매매,131,고,82.55,59.78,"220,000",0,0,2026-08-20
1500058938,41284178,"입주매매 채광우수 개방감있는 뷰  풀에어컨 5호선,9호선 더블역세권",강동위드공인중개사사무소,매매,127,중,82.55,59.78,"220,000",0,0,2026-08-20
1500058938,41299540,뛰어라. 초역세권 . 27년 입주 세안고. 에어컨 트인뷰,뛰어라공인중개사사무소,매매,144,10,82.55,59.78,"207,000",0,0,2026-08-20
1500058938,41290620,로얄조망. 트인뷰. 로얄동층. 넓은 선호 구조 .선호타입,일등그라시움 부동산중개,매매,107,중,82.40,59.02,"230,000",0,0,2026-08-20
1500058938,41248244,"뛰어라.입주협의가능,강덕초,풀에어컨, 로얄층동, 트인뷰,  전망좋아요",뛰어라공인중개사사무소,매매,109,중,114.66,84.24,"265,000",0,0,2026-08-19
1500058938,41233876,그라시움 point   최고 선호타입  추천,포인트공인중개사사무소,매매,106,저,186.15,84.24,"260,000",0,0,2026-08-19
1500058938,41253382,귀한전세 시스템에어컨 융자무 우수한커뮤니티 장기거주가능,고덕선경(428-3939)공인중개사사무소,전세,128,고,82.55,59.78,0,"90,000",0,2026-08-19
1500058938,41245041,파노라마뷰.특올수리.주인거주,이화공인중개사,매매,106,저,114.66,84.24,"270,000",0,0,2026-08-19
1500058938,41263774,늦은잔금 로얄동 트인뷰  채광굿 에4  중문  붙박이장  강덕초,고덕강남부동산 공인중개사 사무소,매매,109,중,114.66,84.24,"265,000",0,0,2026-08-19
1500058938,41263771,입주매매  풀옵션  선호타입 에어컨4  뻥뚫린 환한뷰  집상태최상,고덕강남부동산 공인중개사 사무소,매매,147,중,82.36,59.05,"210,000",0,0,2026-08-19
1500058938,41248245,"뛰어라,입주가능,뻥뷰,방3화2.,풀에,강덕초,9호선 호재",뛰어라공인중개사사무소,매매,125,중,114.66,84.24,"265,000",0,0,2026-08-19
1500058938,41257062,"초록뷰,강덕초앞,9호선",고덕종점그라시움공인중개사사무소,매매,135,저,82.55,59.78,"215,000",0,0,2026-08-19
1500058938,41248243,"뛰어라.채광 통풍 굿, 예쁜 정원뷰 ,강덕초.고덕중 근방, 9호선 호재동",뛰어라공인중개사사무소,매매,127,중,82.55,59.78,"230,000",0,0,2026-08-19
1500058938,41259158,"강덕초, 전망뻥, 붙박이장, 시스템에어컨4, 집상태굿, 입주협의가능,",으뜸그라시움공인중개사사무소,매매,125,저,114.66,84.24,"270,000",0,0,2026-08-19
1500058938,41257065,"초역세권,뷰가예쁜집,10월중",고덕종점그라시움공인중개사사무소,월세,108,고,82.55,59.78,0,"50,000",180,2026-08-19
1500058938,41257057,"상일역 3분,시원한 숲뷰,커뮤니티이용굿",고덕종점그라시움공인중개사사무소,전세,149,중,101.76,73.56,0,"100,000",0,2026-08-19
1500058938,41259161,,으뜸그라시움공인중개사사무소,매매,147,중,82.55,59.78,"230,000",0,0,2026-08-19
1500058938,41263531,금터 24D 귀하디 귀한 전세 바로아래 커뮤니티 가슴뻥 사이다뷰 강덕초,고덕그라시움금터부동산공인중개사사무소,전세,119,중,82.36,59.05,0,"90,000",0,2026-08-19
1500058938,41254200,대형평수  9호선급행역 수영장 조식서비스 비즈밸리 귀한매물 입주,고덕거성공인중개사사무소,매매,101,중,155.27,113.19,"340,000",0,0,2026-08-19
1500058938,41255892,,포인트공인중개사사무소,매매,144,중,82.55,59.78,"207,000",0,0,2026-08-19
1500058938,41248242,"뛰어라,로얄층,채광굿,에어컨3대,김치냉장고,초역세권,우수커뮤니티",뛰어라공인중개사사무소,매매,143,중,82.55,59.78,"220,000",0,0,2026-08-19
1500058938,41253379,강추 입주 초초역세권 커뮤니티우수 상권이용편리,고덕선경(428-3939)공인중개사사무소,매매,145,중,82.55,59.78,"210,000",0,0,2026-08-19
1500058938,41178046,입주매물 주인거주 로얄동 로얄층 채광굿 명문학군 시스템에어컨,고덕선경(428-3939)공인중개사사무소,매매,108,중,132.60,59.78,"230,000",0,0,2026-08-18
1500058938,41200646,,포인트공인중개사사무소,매매,147,중,82.36,59.05,"210,000",0,0,2026-08-18
1500058938,41198158,로얄동층 명문학군  대단지역세권 9호선  비즈밸리 선호타입 뻥뷰 입주,고덕거성공인중개사사무소,매매,108,중,82.55,59.78,"230,000",0,0,2026-08-18
1500058938,41212425,급매 초역세권 채광 뷰 최상 시스템에어컨 세안고,강동위드공인중개사사무소,매매,144,중,82.55,59.78,"207,000",0,0,2026-08-18
1500058938,41198157,대단지역세권 명문학군 9호선 비즈밸리호재 수영장,고덕거성공인중개사사무소,월세,128,고,82.55,59.78,0,"80,000",40,2026-08-18
1500058938,41200647,그라시움 point  최고선호동  선호타입   추천,포인트공인중개사사무소,매매,107,중,82.40,59.02,"220,000",0,0,2026-08-18
1500058938,41182894,,미사강변동일하이빌공인중개사사무소,매매,143,저,82.55,59.78,"230,000",0,0,2026-08-18
1500058938,41212424,협의가능 초역세권 막힘없는 트인뷰  대단지커뮤니티,강동위드공인중개사사무소,매매,146,고,82.55,59.78,"210,000",0,0,2026-08-18
1500058938,41220397,금터 30P 단독 선호동 선호타입 풀에어컨 강덕초 고덕중 초근접,고덕그라시움금터부동산공인중개사사무소,전세,126,중,100.95,73.87,0,"100,000",0,2026-08-18
1500058938,41196952,세대분리형안에 원룸 풀옵션 커뮤니티이용가능 탁트인숲조망,고덕선경(428-3939)공인중개사사무소,월세,101,고,154.34,113.39,0,"2,000",110,2026-08-18
1500058938,41200775,상일역 바로 앞. 커뮤니티 이용편리. 빠른 입주 가능. 옵션 풍부.손님만,일등그라시움 부동산중개,전세,143,저,82.55,59.78,0,"80,000",0,2026-08-18
1500058938,41202265,"초역세권,세안고,정원뷰",고덕종점그라시움공인중개사사무소,매매,144,10,82.55,59.78,"207,000",0,0,2026-08-18
1500058938,41200649,그라시움 point   햇살가득 인프라 좋은집,포인트공인중개사사무소,매매,146,고,82.55,59.78,"210,000",0,0,2026-08-18
1500058938,41184991,정남향 채광우수.단지내수영장등 프로그램다양,이화공인중개사,전세,128,고,82.55,59.78,0,"90,000",0,2026-08-18
1500058938,41200650,그라시움 point  30p  귀한전세  인프라  좋은동,포인트공인중개사사무소,전세,149,중,101.76,73.56,0,"100,000",0,2026-08-18
1500058938,41184993,추천. 융자없는집. 초중고 인접.,이화공인중개사,월세,128,고,82.55,59.78,0,"80,000",40,2026-08-18
1500058938,41133668,입주매물 초초역세권 선호타입 풀옵션,고덕선경(428-3939)공인중개사사무소,매매,146,중,131.79,59.05,"207,000",0,0,2026-08-15
1500058938,41133483,추천 입주 선호타입 초역세권 상권이용편리,고덕선경(428-3939)공인중개사사무소,매매,147,중,131.79,59.05,"210,000",0,0,2026-08-15
1500058938,41142544,대단지역세권 명문학군 9호선 비즈밸리호재 수영장  귀한전세매물,고덕거성공인중개사사무소,전세,149,중,101.76,73.56,0,"100,000",0,2026-08-15
1500058938,41142545,"역세권,살기좋은 대단지아파트 최고의전망 9호선공사중 조식서비스 세안고매매",고덕거성공인중개사사무소,매매,106,저,115.63,84.24,"260,000",0,0,2026-08-15
1500058938,41145776,"뛰어라. 내집마련 기회, 선점하세요, 로얄동, 풀옵션, 입주일적극협의",뛰어라공인중개사사무소,매매,119,중,82.55,59.78,"223,000",0,0,2026-08-15
1500058938,41138137,세안고 매매 27년 06월입주가능 풀옵션의 로얄동 로얄층 매물,위례우미린공인중개사사무소,매매,144,중,82.55,59.78,"207,000",0,0,2026-08-15
1500058938,41142546,대단지역세권 명문학군 9호선 비즈밸리호재 수영장  귀한전세매물,고덕거성공인중개사사무소,전세,128,고,82.55,59.78,0,"90,000",0,2026-08-15
1500058938,41142532,대단지역세권  명문학군 9호선 비즈밸리호재 입주 선호동,고덕거성공인중개사사무소,매매,107,중,82.40,59.02,"220,000",0,0,2026-08-15
1500058938,41142533,"대단지역세권,살기좋은 대단지아파트  풀옵션 입주협의 세안고매매",고덕거성공인중개사사무소,매매,151,중,115.67,84.04,"250,000",0,0,2026-08-15
1500058938,41141173,,나이스공인중개사사무소,전세,149,중,101.76,73.56,0,"100,000",0,2026-08-15
1500058938,41117721,그라시움 point  융자없는 관리잘된집,포인트공인중개사사무소,월세,128,고,82.55,59.78,0,"80,000",40,2026-08-14
1500058938,41098038,금터. 40P   방4 풀옵션 앞뒤로전망굿 커뮤니티인접동,고덕그라시움금터부동산공인중개사사무소,매매,151,중,132.69,97.78,"300,000",0,0,2026-08-14
1500058938,41113954,단독 로얄매물. 막힘없이 트인 뷰. 상가 지하철 초역세. 깔끔관리,일등그라시움 부동산중개,매매,109,고,114.66,84.24,"260,000",0,0,2026-08-14
1500058938,41091365,초초역세권.선호구조.선호로얄동호.힐링숲뷰.강덕초.우수학군.우수커뮤니티,해피부동산공인중개사사무소,매매,107,중,82.40,59.02,"230,000",0,0,2026-08-14
1500058938,41098039,금터. 34P 인기타입 초역세권 트인뷰 채광굿 커뮤니티 상가이용편리,고덕그라시움금터부동산공인중개사사무소,매매,151,중,115.67,84.04,"250,000",0,0,2026-08-14
1500058938,41117720,"그라시움 point  시스템 에어컨 ,관리잘된집",포인트공인중개사사무소,전세,128,고,82.55,59.78,0,"90,000",0,2026-08-14
1500058938,41088257,추천 입주 초역세권 커뮤니티이용편리 판상형,고덕선경(428-3939)공인중개사사무소,매매,142,중,0.00,59.78,"210,000",0,0,2026-08-14
1500058938,41115340,강추  입주 선호타입 풀옵션 채광굿 조식서비스 초초역세권,고덕선경(428-3939)공인중개사사무소,매매,146,중,82.36,59.05,"210,000",0,0,2026-08-14
1500058938,41122600,"시원한뷰,초역세권,에4,인테리어굿,강덕초",고덕종점그라시움공인중개사사무소,매매,119,중,82.55,59.78,"223,000",0,0,2026-08-14
1500058938,41086095,강추 선호타입 전면동 트인숲조망 초초역세권,고덕선경(428-3939)공인중개사사무소,매매,106,저,186.15,84.24,"260,000",0,0,2026-08-14
1500058938,41113955,로얄뷰 분리형 원룸. 풀옵션.  커뮤니티 이용가능.  10월,일등그라시움 부동산중개,월세,101,고,154.34,113.39,0,"2,000",110,2026-08-14
1500058938,41115351,강추 귀한전세매물 초초역세권 채광굿 시스템에어컨 ,고덕선경(428-3939)공인중개사사무소,전세,149,중,101.76,73.56,0,"100,000",0,2026-08-14
1500058938,41115344,강추 입주 로얄동층  탁트인시원조망 밝고환한집 컨디션굿,고덕선경(428-3939)공인중개사사무소,매매,107,고,82.55,59.78,"220,000",0,0,2026-08-14
1500058938,41047735,일등추천. 로얄동. 예쁜 트인 정원뷰.  옵션 풍부.  고덕역  인접,일등그라시움 부동산중개,매매,113,저,115.67,84.04,"260,000",0,0,2026-08-13
1500058938,41067761,"25,트인 뷰,강덕초, 더블초역세권,다양한커뮤니티인접",고일공인중개사사무소,매매,127,중,82.55,59.78,"220,000",0,0,2026-08-13
1500058938,41047725,일등매물 입주일협의 로얄동 선호라인,일등그라시움 부동산중개,매매,109,중,114.66,84.24,"265,000",0,0,2026-08-13
1500058938,41047720,일등 추천. 로얄동층 시원한 뷰. 깔끔한 관리. 최상컨디션,일등그라시움 부동산중개,매매,109,중,114.66,84.24,"260,000",0,0,2026-08-13
1500058938,41047722,앞줄 선호라인 일등매물 입주일협의,일등그라시움 부동산중개,매매,106,중,114.66,84.24,"280,000",0,0,2026-08-13
1500058938,41045194,강추 입주 선호타입 초역세권 로얄동층 채광굿 트인조망,고덕선경(428-3939)공인중개사사무소,매매,107,중,82.40,59.02,"230,000",0,0,2026-08-13
1500058938,41074863,급매.강덕초.로얄동호.입주협의.9호선호재.우수학군.우수커뮤니티,해피부동산공인중개사사무소,매매,119,중,82.55,59.78,"223,000",0,0,2026-08-13
1500058938,41047734,아름다운 트인뷰. 옵션 풍부. 관리 상태 최상. 상가 지하철 초인접,일등그라시움 부동산중개,매매,119,고,82.36,59.05,"230,000",0,0,2026-08-13
1500058938,41047728,강덕초. 9호선 호재. 예쁜 인테리어. 옵션 풍부,일등그라시움 부동산중개,매매,135,저,82.55,59.78,"215,000",0,0,2026-08-13
1500058938,41068805,금터. 25P 초역세권 예쁜정원뷰와 조용한 숲세권 채광굿,고덕그라시움금터부동산공인중개사사무소,매매,148,저,82.55,59.78,"220,000",0,0,2026-08-13
1500058938,41047730,,일등그라시움 부동산중개,매매,146,고,82.55,59.78,"210,000",0,0,2026-08-13
1500058938,41047736,명실상부 최고의 로얄동. 트인뷰 . 밝은 채광 판상형. 접근성 최고,일등그라시움 부동산중개,월세,108,고,82.55,59.78,0,"50,000",180,2026-08-13
1500058938,41047729,초역세권 일등매물 빨리 계약될 집,일등그라시움 부동산중개,매매,146,중,82.36,59.05,"210,000",0,0,2026-08-13
1500058938,41074856,강덕초.더블역세권5호선9호선 딱 중간동이어서 미래가치 더높은집,해피부동산공인중개사사무소,매매,127,중,82.55,59.78,"230,000",0,0,2026-08-13
1500058938,41036614,대단지역세권 9호선호재 명문학군  숲세권 조식서비스 입주,고덕거성공인중개사사무소,매매,148,저,82.55,59.78,"220,000",0,0,2026-08-13
1500058938,41074862,추천.주인거주 입주협의.강덕초.우수학군.우수커뮤니티 수영장.9호선호재,해피부동산공인중개사사무소,매매,109,중,114.66,84.24,"260,000",0,0,2026-08-13
1500058938,41047732,상일역 초역세권. 상가 이용편리. 트인 밝은 채광. 세안고,일등그라시움 부동산중개,매매,144,중,82.55,59.78,"207,000",0,0,2026-08-13
1500058938,41030286,강추 입주매물 전면동 로얄동층 탁트인시원한숲조망,고덕선경(428-3939)공인중개사사무소,매매,106,고,0.00,84.24,"280,000",0,0,2026-08-13
1500058938,41047724,초로얄동. 옵션 좋고 깔끔하게 관리된 세대. 트인뷰,일등그라시움 부동산중개,매매,108,중,82.55,59.78,"230,000",0,0,2026-08-13
1500058938,41047723,로얄조망. 트인뷰. 로얄동층. 넓은 선호 구조 .선호타입,일등그라시움 부동산중개,매매,107,중,82.40,59.02,"230,000",0,0,2026-08-13
1500058938,41047726,밝은 채광. 깔끔 관리. 옵션 풍부. 상일역 초역세. 조용한 숲세권,일등그라시움 부동산중개,매매,147,중,82.36,59.05,"210,000",0,0,2026-08-13
1500058938,41047721,단독 .세안고.  로얄 인테리어 특급 물건. 전화작업금지,일등그라시움 부동산중개,매매,102,중,133.41,97.80,"300,000",0,0,2026-08-13
1500058938,41067763,"25남향,숲뷰,초역세권,강덕초,다양한 커뮤니티등",고일공인중개사사무소,매매,107,중,82.40,59.02,"220,000",0,0,2026-08-13
1500058938,41010895,추천로얄동호.고덕역최인접.입주협의.강덕초.9호선호재.우수학군.생활편리,해피부동산공인중개사사무소,매매,101,중,155.27,113.19,"340,000",0,0,2026-08-12
1500058938,41036618,대단지역세권 명문학군 9호선 비즈밸리호재 수영장  귀한입주물건,고덕거성공인중개사사무소,매매,143,고,82.55,59.78,"230,000",0,0,2026-08-12
1500058938,41010888,찐매물.풀에어컨.트인뷰.선호타입.입주일협의.우수커뮤니티 수영장,해피부동산공인중개사사무소,매매,147,중,82.36,59.05,"210,000",0,0,2026-08-12
1500058938,41045208,,고덕무지개공인중개사사무소,전세,128,고,82.55,59.78,0,"90,000",0,2026-08-12
1500058938,40980967,금터. 25A 보시면 반할 똘똘한 한채  품격있는 커뮤니티 우수 학군,고덕그라시움금터부동산공인중개사사무소,매매,142,고,82.55,59.78,"230,000",0,0,2026-08-11
1500058938,40988821,"남향,초역세권,무융,풀옵션",고덕종점그라시움공인중개사사무소,월세,128,고,82.55,59.78,0,"80,000",40,2026-08-11
1500058938,41000869,,이화공인중개사,매매,142,중,82.55,59.78,"210,000",0,0,2026-08-11
1500058938,41000875,관리상태 아주좋아요. 로열동.층. 에어킨4대.펜트리있음,이화공인중개사,매매,110,중,101.76,73.56,"240,000",0,0,2026-08-11
1500058938,41000867,관리상태최상. 초중고.초역세권 9호선호재.세안고,이화공인중개사,매매,107,고,82.40,59.02,"215,000",0,0,2026-08-11
1500058938,40989626,넓은 거실 구조. 아름다운 숲세권 조망. 더블 역세권. 세안고 .,일등그라시움 부동산중개,매매,102,저,133.41,97.80,"300,000",0,0,2026-08-11
1500058938,40978559,"초역세권,에어컨,커뮤니티 인접,조용하고 뒷동산 뷰도,",고일공인중개사사무소,전세,149,중,101.76,73.56,0,"100,000",0,2026-08-11
1500058938,40991257,로얄동 명문학군 상가 지하철역 근접 9호선 비즈밸리호재 로얄동 입주,고덕거성공인중개사사무소,매매,119,중,82.55,59.78,"223,000",0,0,2026-08-11
1500058938,40988819,"남향,초록뷰,풀옵션",고덕종점그라시움공인중개사사무소,전세,128,고,82.55,59.78,0,"90,000",0,2026-08-11
1500058938,41000876,채광. 뷰. 관리상태 최상. 풀옵션.,이화공인중개사,매매,144,고,82.36,59.05,"225,000",0,0,2026-08-11
1500058938,40980969,금터. 25A  세안고 개방감 좋은 트인뷰 채광굿 초역세권,고덕그라시움금터부동산공인중개사사무소,매매,147,중,82.55,59.78,"230,000",0,0,2026-08-11
1500058938,40935953,세안고 트인뷰초역세권 상가커뮤니티이용편리,고덕자이(441-0109)공인중개사사무소,매매,146,고,82.55,59.78,"210,000",0,0,2026-08-10
1500058938,40946954,,일등그라시움 부동산중개,매매,127,중,82.55,59.78,"220,000",0,0,2026-08-10
1500058938,40947092,"그라시움 point   그라시움 34p 좋은동,좋은타입, 소개해요",포인트공인중개사사무소,매매,109,중,114.66,84.24,"265,000",0,0,2026-08-10
1500058938,40950555,풀옵션 9호선 비즈밸리호재 명문학군 수영장 조식서비스 세안고매매,고덕거성공인중개사사무소,매매,102,저,133.41,97.80,"300,000",0,0,2026-08-10
1500058938,40944937,,나이스공인중개사사무소,월세,108,고,82.55,59.78,0,"50,000",180,2026-08-10
1500058938,40946955,지하철 바로 앞. 조용한 동. 넓은 타입. 12월이사. 시스템에어컨,일등그라시움 부동산중개,전세,149,중,101.76,73.56,0,"100,000",0,2026-08-10
1500058938,40946953,입주가능. 깔끔하게 관리 된 집. 시원하게 트인뷰. 채광 굿.,일등그라시움 부동산중개,매매,143,중,82.55,59.78,"220,000",0,0,2026-08-10
1500058938,40944935,나이스 융자x 상가인접 최고뷰 로얄동 채광굿 지하철직결,나이스공인중개사사무소,월세,128,고,82.55,59.78,0,"80,000",40,2026-08-10
1500058938,40946952,,일등그라시움 부동산중개,매매,143,고,82.55,59.78,"230,000",0,0,2026-08-10
1500058938,40947094,그라시움 point   최고 선호타입  추천,포인트공인중개사사무소,매매,106,저,115.63,84.24,"260,000",0,0,2026-08-10
1500058938,40889654,금터 25A 강덕초 선호동 선호타입 채광 좋고 위치좋음 월세도 가능,고덕그라시움금터부동산공인중개사사무소,전세,128,고,82.55,59.78,0,"90,000",0,2026-08-08
1500058938,40889655,금터 25A 강덕초 선호동 선호타입 채광 좋고 위치좋음 전세도 가능,고덕그라시움금터부동산공인중개사사무소,월세,128,고,82.55,59.78,0,"80,000",40,2026-08-08
1500058938,40897000,추천 로얄동호.입주협의.강덕초.9호선호재.우수학군.생활편리,해피부동산공인중개사사무소,매매,109,중,114.66,84.24,"265,000",0,0,2026-08-08
1500058938,40897003,9호선인접동.강덕초.환하고밝은집.예쁜공원뷰.입주협의,해피부동산공인중개사사무소,매매,135,저,82.55,59.78,"215,000",0,0,2026-08-08
1500058938,40897001,강추 로얄동호.입주협의.생활편리동.강덕초.우수학군.우수커뮤니티.9호선호재,해피부동산공인중개사사무소,매매,109,중,114.66,84.24,"260,000",0,0,2026-08-08
1500058938,40897002,급매.로얄동호.강덕초.9호선호재.입주협의.우수학군.우수커뮤니티,해피부동산공인중개사사무소,매매,119,중,82.55,59.78,"223,000",0,0,2026-08-08
1500058938,40880144,추천 입주매매.로얄동호.생활편리동.주인거주.옵션좋아요,해피부동산공인중개사사무소,매매,109,중,0.00,84.24,"270,000",0,0,2026-08-08
1500058938,40896994,강덕초.밝고환한집.예쁜공원뷰.입주협의.풀옵션.관리상태최상,해피부동산공인중개사사무소,매매,135,저,82.55,59.78,"215,000",0,0,2026-08-08
1500058938,40900020,"역세권,살기좋은 대단지아파트 최고의전망 9호선공사중 조식서비스",고덕거성공인중개사사무소,매매,106,10,114.66,84.24,"280,000",0,0,2026-08-08
1500058938,40898165,상일역 초 인접. 커뮤니티 이용편리. 트인뷰. 밝은 채광.,일등그라시움 부동산중개,매매,142,고,82.55,59.78,"230,000",0,0,2026-08-08
1500058938,40898166,영구조망  숲뷰  고덕역 9호선 호재동  귀한 대형평수,일등그라시움 부동산중개,매매,101,중,155.27,113.19,"340,000",0,0,2026-08-08
1500058938,40841850,"조망좋고 학교 가가운동,조용하고 깨끗함",럭키공인중개사사무소,매매,124,저,0.00,84.04,"270,000",0,0,2026-08-07
1500058938,40868044,로얄동 로얄층의 풀옵션 집 관리 잘 된 좋은 집,위례우미린공인중개사사무소,매매,144,중,82.55,59.78,"207,000",0,0,2026-08-07
1500058938,40857773,"초초역세권,입주,아름다운 숲뷰의 귀한C타입",으뜸그라시움공인중개사사무소,매매,107,중,82.40,59.02,"220,000",0,0,2026-08-07
1500058938,40848205,금터. 25A 말이 필요없는 사이다뷰 조망이 대세 현관문 열면 지하철,고덕그라시움금터부동산공인중개사사무소,매매,143,고,82.55,59.78,"230,000",0,0,2026-08-07
1500058938,40869396,대단지역세권 명문학군 조식서비스  자체수영장 9호선 비즈밸리호재  입주,고덕거성공인중개사사무소,매매,142,고,82.55,59.78,"230,000",0,0,2026-08-07
1500058938,40870877,입주협의. 강덕초. 확 트인 예쁜 단지 뷰.,고덕종점그라시움공인중개사사무소,매매,127,중,82.55,59.78,"220,000",0,0,2026-08-07
1500058938,40857777,"풀옵션,입주가,집상태 굿, 커뮤니티이용편리, 로얄타입,넓은구조",으뜸그라시움공인중개사사무소,매매,146,중,82.36,59.05,"210,000",0,0,2026-08-07
1500058938,40857779,"풀에어컨, 중문, 강덕초,고덕중,9호선호제,집상태최상, 밝고 환한집",으뜸그라시움공인중개사사무소,매매,135,저,82.55,59.78,"210,000",0,0,2026-08-07
1500058938,40857772,"강덕초,로얄동로얄층,시스템에어컨4,수영장,",으뜸그라시움공인중개사사무소,매매,127,중,82.55,59.78,"220,000",0,0,2026-08-07
1500058938,40857774,"풀옵션, 커뮤니티이용편리,상일동역바로앞,집상태굿",으뜸그라시움공인중개사사무소,매매,151,중,132.69,97.78,"300,000",0,0,2026-08-07
1500058938,40848247,금터. 25A 누구나 선호하는 로얄동 로얄층 품격있는 커뮤니티 우수 학군,고덕그라시움금터부동산공인중개사사무소,매매,142,고,82.55,59.78,"230,000",0,0,2026-08-07
1500058938,40864636,추천  초역세권 정남향 채광굿 융자무 컨디션굿,고덕선경(428-3939)공인중개사사무소,월세,128,고,82.55,59.78,0,"80,000",40,2026-08-07
1500058938,40837073,,나이스공인중개사사무소,매매,119,중,82.55,59.78,"223,000",0,0,2026-08-07
1500058938,40857775,"40, 4계절예쁜집, 풀에어컨, 고덕역 근접,더블역세권,세안고",으뜸그라시움공인중개사사무소,매매,102,저,133.41,97.80,"300,000",0,0,2026-08-07
1500058938,40863380,초로얄동. 깔끔하게 아름다운 사계절 숲뷰. 더블 역세권. 입주가능.,일등그라시움 부동산중개,매매,102,중,114.66,84.24,"275,000",0,0,2026-08-07
1500058938,40857778,"로얄동,로얄층, 고덕역,시스템에어컨,집상태굿, 트인뷰,강덕초,고덕중",으뜸그라시움공인중개사사무소,매매,111,중,114.66,84.24,"280,000",0,0,2026-08-07
1500058938,40825253,"그라시움 25p  선호 타입, 옵션좋고 인프라 좋은입   추천합니다",포인트공인중개사사무소,매매,146,중,82.36,59.05,"210,000",0,0,2026-08-06
1500058938,40825250,"그라시움 point  예쁜 숲뷰,인프라 최상 매물",포인트공인중개사사무소,매매,102,저,133.41,97.80,"300,000",0,0,2026-08-06
1500058938,40828081,9호선 비즈밸리호재 명문학군 융자없는집 수영장 조식서비스,고덕거성공인중개사사무소,매매,111,중,114.66,84.24,"280,000",0,0,2026-08-06
1500058938,40828083,"대단지역세권 명문학군  수영장 9호선,비즈밸리호재 뻥뷰 입주",고덕거성공인중개사사무소,매매,135,저,82.55,59.78,"215,000",0,0,2026-08-06
1500058938,40825251,"지하철 인접동,강덕초 귀한입주매물  추천해요",포인트공인중개사사무소,매매,127,중,82.55,59.78,"220,000",0,0,2026-08-06
1500058938,40826598,"귀한매물,역세권,에어컨5대,",명일공인중개사사무소,전세,151,저,132.69,97.78,0,"130,000",0,2026-08-06
1500058938,40822914,,동서울부동산공인중개사사무소,매매,148,저,82.55,59.78,"210,000",0,0,2026-08-06
1500058938,40801982,초초역세권.기업체셔틀버스.사통팔달.확트인뷰.입주일협의,해피부동산공인중개사사무소,매매,143,고,82.55,59.78,"230,000",0,0,2026-08-06
1500058938,40769060,,나이스공인중개사사무소,매매,119,중,82.55,59.78,"223,000",0,0,2026-08-05
1500058938,40723370,입주매물   최고로얄동 선호타입 관리상태최상 확트인공원뷰,고덕강남부동산 공인중개사 사무소,매매,107,중,82.40,59.02,"230,000",0,0,2026-08-03
1500058938,40689734,"조용하고 학교 가까워 그라시움에서 인기있는 동,개방감 있고 정원뷰",럭키공인중개사사무소,매매,124,저,115.67,84.04,"270,000",0,0,2026-08-01
1500058938,40676331,세안고.  시원하게 트인 숲뷰. 넓은 선호구조.,일등그라시움 부동산중개,매매,106,저,115.63,84.24,"260,000",0,0,2026-08-01
1500058938,40664196,입주 탁트인 숲조망 정남향 컨디션최상 로얄동층,고덕선경(428-3939)공인중개사사무소,매매,107,중,131.81,59.02,"230,000",0,0,2026-08-01
1500058938,40689490,"빠른입주,로얄동 로얄층, 에4, 중문, 거실 폴리싱타일, 커뮤니티동",고덕강남부동산 공인중개사 사무소,매매,119,중,82.55,59.78,"223,000",0,0,2026-08-01
1500058938,40644110,시원하게 트인 로얄 동층.  입주가능. 커뮤니티 . 지하철 바로앞,일등그라시움 부동산중개,매매,143,중,82.55,59.78,"205,000",0,0,2026-07-31
1500058938,40644108,특급 매매. 입주가능. 로얄 동층. 트인뷰. 접근성 최고. 풀옵션,일등그라시움 부동산중개,매매,119,중,82.55,59.78,"223,000",0,0,2026-07-31
1500058938,40653395,금터. 34A  특별한 가치 똘똘한 한채 보기드문 로얄동 로얄층 초역세권,고덕그라시움금터부동산공인중개사사무소,매매,105,중,114.66,84.24,"270,000",0,0,2026-07-31
1500058938,40598315,세안고  밝고 환한집  시원하게트인 뷰  관리잘된집,고덕강남부동산 공인중개사 사무소,매매,147,중,82.55,59.78,"230,000",0,0,2026-07-30
1500058938,40598311,입주매매  선호타입 에어컨4  중문  식세기  붙박이장  관리상태최상,고덕강남부동산 공인중개사 사무소,매매,146,중,82.36,59.05,"210,000",0,0,2026-07-30
1500058938,40579519,"숲뷰,입주,선호구조,초역세권,강덕초",고덕종점그라시움공인중개사사무소,매매,107,중,82.40,59.02,"230,000",0,0,2026-07-29
1500058938,40533150,입주 층간소음없는 관리잘된세대 초역세권  시원한뷰  편의시설다양,나이스공인중개사사무소,매매,146,고,82.55,59.78,"210,000",0,0,2026-07-28
1500058938,40514010,로얄동층 풀옵션  초초역세권 채광굿 조망굿,고덕선경(428-3939)공인중개사사무소,매매,151,중,214.55,97.78,"300,000",0,0,2026-07-28
1500058938,40542884,"뛰어라,시스템에어컨,트인뷰,채광굿,상태굿,역세권",뛰어라공인중개사사무소,매매,147,중,82.55,59.78,"230,000",0,0,2026-07-28
1500058938,40534080,특급 매매. 입주가능. 로얄 동층. 트인뷰. 접근성 최고. 풀옵션,일등그라시움 부동산중개,매매,119,중,82.55,59.78,"223,000",0,0,2026-07-28
1500058938,40537145,강추 빠른입주협의가 트인조망 로얄동 로얄층  밝고환한집,고덕선경(428-3939)공인중개사사무소,매매,119,중,82.55,59.78,"223,000",0,0,2026-07-28
1500058938,40537144,추천  초초역세권 채광굿 커뮤니티이용편리,고덕선경(428-3939)공인중개사사무소,매매,151,중,115.67,84.04,"250,000",0,0,2026-07-28
1500058938,40497454,STAR추천 귀한월세 8월입주선호,(Aplus)고덕스타공인중개사사무소,월세,149,중,100.95,73.87,0,"30,000",280,2026-07-27
1500058938,40490418,"탁트인뷰,강덕초,입주가",고덕종점그라시움공인중개사사무소,매매,108,중,82.55,59.78,"230,000",0,0,2026-07-27
1500058938,40497464,STAR추천 l  로얄동호수 l 입주매물 l 집상태최상,(Aplus)고덕스타공인중개사사무소,매매,109,중,114.66,84.24,"265,000",0,0,2026-07-27
1500058938,40479865,"뻥뷰,에어컨4, D타입, 뻥뷰,입주가능",뛰어라공인중개사사무소,매매,147,중,82.36,59.05,"210,000",0,0,2026-07-27
1500058938,40479867,"뛰어라. 25 강력추천, 로얄동 귀한매물 주인거주 상태최상",뛰어라공인중개사사무소,매매,107,중,82.40,59.02,"230,000",0,0,2026-07-27
1500058938,40497459,STAR추천 로얄동 4bay판상형 집상태최상 세안고 27년말입주가능,(Aplus)고덕스타공인중개사사무소,매매,106,저,115.63,84.24,"260,000",0,0,2026-07-27
1500058938,40479869,뛰어라. 전면동 앞라인 지하철1분컷 내집마련 강력추천 입주협의,뛰어라공인중개사사무소,매매,106,중,114.66,84.24,"280,000",0,0,2026-07-27
1500058938,40497460,STAR로얄동 초역세권 입주매매 에3 중문,(Aplus)고덕스타공인중개사사무소,매매,108,중,82.55,59.78,"230,000",0,0,2026-07-27
1500058938,40497458,초역세권 세안고 트인뷰 커뮤니티편리 시스템에어컨,(Aplus)고덕스타공인중개사사무소,매매,144,중,82.55,59.78,"207,000",0,0,2026-07-27
1500058938,40479870,뛰어라. 귀한앞동. 세안고. 늦은입주. 트인뷰. 시스템에어컨. 강추매물,뛰어라공인중개사사무소,매매,106,저,115.63,84.24,"260,000",0,0,2026-07-27
1500058938,40485755,추천 초초역세권 시원한조망 풀옵션 커뮤니티이용편리,고덕선경(428-3939)공인중개사사무소,매매,146,고,82.55,59.78,"210,000",0,0,2026-07-27
1500058938,40497457,STAR 인테리어 예쁜집 관리잘되고 채광좋은집,(Aplus)고덕스타공인중개사사무소,매매,146,고,82.55,59.78,"210,000",0,0,2026-07-27
1500058938,40497462,STAR 남향 입주매물 로얄동호수 전망좋은집 선호타입,(Aplus)고덕스타공인중개사사무소,매매,107,중,82.40,59.02,"230,000",0,0,2026-07-27
1500058938,40485754,강추 입주 풀옵션 컨디션최상 트인조망 선호타입,고덕선경(428-3939)공인중개사사무소,매매,147,중,82.36,59.05,"210,000",0,0,2026-07-27
1500058938,40497466,로얄동호수 융자없음 강덕초 관리잘된집,(Aplus)고덕스타공인중개사사무소,전세,111,중,114.66,84.24,0,"115,000",0,2026-07-27
1500058938,40479862,역세권 커뮤니티 이용편리 조용하고 예쁜 정원뷰,뛰어라공인중개사사무소,매매,148,저,82.55,59.78,"220,000",0,0,2026-07-27
1500058938,40479871,"뛰어라,입주가능,시스템에어컨,트인뷰,초역세권,로열동층,채광굿,우수커뮤니티",뛰어라공인중개사사무소,매매,143,고,82.55,59.78,"230,000",0,0,2026-07-27
1500058938,40497461,STAR추천 선호하는타입 풀에어컨 트인뷰 집상태최상,(Aplus)고덕스타공인중개사사무소,매매,146,중,82.36,59.05,"210,000",0,0,2026-07-27
1500058938,40497463,STAR추천 푸릇푸릇 공원뷰 강덕초 9호선호재  모던하고 깔끔한인테리어,(Aplus)고덕스타공인중개사사무소,매매,135,저,82.55,59.78,"215,000",0,0,2026-07-27
1500058938,40497456,STAR  트인뷰  채광굿 선호타입  집상태최상,(Aplus)고덕스타공인중개사사무소,매매,147,중,82.36,59.05,"210,000",0,0,2026-07-27
1500058938,40479907,"뛰어라,40p대형평수,풀옵션,전망과 채광굿,커뮤니티인접동,초역세권",뛰어라공인중개사사무소,매매,151,중,132.69,97.78,"320,000",0,0,2026-07-27
1500058938,40497465,세안고 로얄동호수 푸릇푸릇 힐링숲뷰 9호선호재,(Aplus)고덕스타공인중개사사무소,매매,102,저,133.41,97.80,"300,000",0,0,2026-07-27
20348253,41495230,금터. 25A 보시면 반할 똘똘한 한채 로얄동 로얄층 가슴뻥 사이다뷰,고덕그라시움금터부동산공인중개사사무소,매매,307,22,82.57,59.23,"215,000",0,0,2026-08-26
20348253,41482080,전후면 밝고 조망권 예쁜집 입니다.,캐슬연세(441-8822)공인중개사사무소,전세,121,저,196.60,84.88,0,"100,000",0,2026-08-26
20348253,41472490,추천   에어컨 6대   남향    관리 잘된집    전망트임,푸르지오플러스(031-795-9933)공인중개사사무소,매매,110,5,148.63,109.81,"250,000",0,0,2026-08-26
20348253,41477164,전후면 밝고 조망권 예쁜집 입니다.,캐슬연세(441-8822)공인중개사사무소,전세,121,저,115.47,84.88,0,"100,000",0,2026-08-25
20348253,41460684,"에어컨,안방붙박이장, 주방수납장,집상태굿, 명일중,배재중고,명품학군",으뜸그라시움공인중개사사무소,전세,121,저,115.47,84.88,0,"100,000",0,2026-08-25
20348253,41470609,"로얄동, 시원하게 트인 조망, 커뮤니티 공간 가까움",7단지센트리버공인중개사사무소,매매,114,고,115.64,84.94,"230,000",0,0,2026-08-25
20348253,41449183,,고덕강남부동산 공인중개사 사무소,매매,118,고,132.08,97.26,"255,000",0,0,2026-08-25
20348253,41449166,"무융,단지조경뷰굿,상태굿,장기거주가능,날자조율가능",고덕현대공인중개사사무소,전세,121,저,115.47,84.88,0,"100,000",0,2026-08-25
20348253,41466790,강추 입주 로얄동층 채광굿 커뮤니티이용편리 햇살가득 밝고환한집,고덕선경(428-3939)공인중개사사무소,매매,124,고,115.54,84.90,"227,000",0,0,2026-08-25
20348253,41449177,"3단지 로얄동, 뻥뷰 ,정남향,전체특리모델링, 에4 ,중문.",고덕강남부동산 공인중개사 사무소,매매,305,중,115.36,84.83,"245,000",0,0,2026-08-25
20348253,41421773,입주 명문학군 확장   9호선호재  풀옵션 10월말협의,고덕거성공인중개사사무소,전세,123,중,115.54,84.90,0,"120,000",0,2026-08-24
20348253,41435489,추천   에어컨 6대   남향    관리 잘된집    전망트임,푸르지오플러스(031-795-9933)공인중개사사무소,매매,110,5,148.63,109.81,"250,000",0,0,2026-08-24
20348253,41408347,금터. 25A 보시면 반할 똘똘한 한채 로얄동 로얄층 가슴뻥 사이다뷰,고덕그라시움금터부동산공인중개사사무소,매매,307,22,82.57,59.23,"215,000",0,0,2026-08-24
20348253,41421765,입주 명문학군 확장   9호선호재  입주매물,고덕거성공인중개사사무소,매매,123,7,115.54,84.90,"230,000",0,0,2026-08-24
20348253,41407954,세안고  27년 2월입주 시스템에어컨  밝고환한예쁜집  우수학군,고덕강남부동산 공인중개사 사무소,매매,123,중,115.54,84.90,"272,000",0,0,2026-08-24
20348253,41433239,"추천,주인거주로 컨디션,조망,학군우수한 기분좋은 매물입니다.",금강솔베뉴공인중개사,전세,123,13,115.54,84.90,0,"105,000",0,2026-08-24
20348253,41363847,"좋은동,  융무, 10월말입주협의",삼성부동산공인중개사사무소,월세,117,19,115.57,84.74,0,"60,000",200,2026-08-22
20348253,41358531,"무융 저렴한전세가 조망,학군우수한 기분좋은 매물입니다.",금강솔베뉴공인중개사,전세,121,저,115.47,84.88,0,"100,000",0,2026-08-22
20348253,41359270,34 단독  남향  올확장  상가와  지하철  편리동  까치공원 뷰,캐슬우리공인중개사사무소,매매,305,5,115.36,84.83,"230,000",0,0,2026-08-22
20348253,41328807,입주 명문학군 확장  시스템에어컨 9호선호재  귀한전세물건,고덕거성공인중개사사무소,전세,123,13,115.54,84.90,0,"105,000",0,2026-08-21
20348253,41312682,강력추천 34P 주인거주 내부상태최상 장기거주가,뉴욕부동산중개(주),전세,123,13,0.00,84.90,0,"105,000",0,2026-08-21
20348253,41487223,25p 최고로얄동 층 초역세권  확트인뷰 선호하는3단지 귀한매물,고덕리더스공인중개사사무소,매매,307,고,82.57,59.23,"215,000",0,0,2026-08-21
20348253,41343051,,뉴욕부동산중개(주),전세,123,13,115.54,84.90,0,"105,000",0,2026-08-21
20348253,41292590,,태양공인중개사사무소,매매,112,고,115.64,84.94,"230,000",0,0,2026-08-20
20348253,41259157,"명품학군, 시스템에어컨4,붙박이장,중문, 전망트임, 9호선,5호선",으뜸그라시움공인중개사사무소,매매,123,7,115.54,84.90,"230,000",0,0,2026-08-19
20348253,41263782,강추 입주   환상적인 리조트정원뷰  풀에어컨  보시면 맘에드실거예요,고덕강남부동산 공인중개사 사무소,매매,113,저,115.36,84.83,"260,000",0,0,2026-08-19
20348253,41257804,"확장,에어컨3,실링팬,관리잘된 예쁜집,조건맞춰드림",참조은(02-909-3700)단지내공인중개사사무소,매매,308,고,82.57,59.23,"205,000",0,0,2026-08-19
20348253,41255933,34 탁트인전망. 내부컨디션굿. 시스템에어컨2. 입주협의가능,더조은공인중개사사무소,매매,120,15,115.47,84.88,"225,000",0,0,2026-08-19
20348253,41200125,"주인거주,밝고 기분 좋은집,천장에어컨 마음에 드실겁니다",제일공인중개사사무소,전세,123,13,115.54,84.90,0,"110,000",0,2026-08-18
20348253,41170905,에어컨 4대 냉장고 중문  전망트임   관리 잘된집 배재고 한영고 학군,푸르지오플러스(031-795-9933)공인중개사사무소,매매,123,7,115.54,84.90,"230,000",0,0,2026-08-17
20348253,41121964,에어컨 4대 냉장고 중문  전망트임   관리 잘된집 배재고 한영고 학군,푸르지오플러스(031-795-9933)공인중개사사무소,매매,123,7,115.54,84.90,"230,000",0,0,2026-08-15
20348253,41141660,"3단지 로얄동,  세안고 매수추천. 고덕역 더블 역세권",일등그라시움 부동산중개,매매,308,저,82.55,59.96,"195,000",0,0,2026-08-15
20348253,41012616,"추천,주인거주로 컨디션,조망,학군우수한 기분좋은 매물입니다.",금강솔베뉴공인중개사,매매,110,5,148.63,109.81,"250,000",0,0,2026-08-12
20348253,40997310,,뛰어라공인중개사사무소,매매,306,저,115.36,84.83,"240,000",0,0,2026-08-11
20348253,40981921,34p. 주인. 직접. l 세안고 l 인기많은 커뮤니티동 l 올확장예쁜집,강동탑아이파크(02-426-4455)공인중개사사무소,매매,125,저,115.54,84.90,"230,000",0,0,2026-08-11
20348253,40991259,입주 명문학군 확장  세안고나 늦은입주가능,고덕거성공인중개사사무소,매매,121,고,115.47,84.88,"220,000",0,0,2026-08-11
20348253,40945101,추천 27년입주 일조량우수 한강뷰 쾌적하고 관리잘된 명문학군,금강솔베뉴공인중개사,매매,121,고,115.47,84.88,"220,000",0,0,2026-08-10
20348253,40930982,"좋은동,장기거주가능,입주일협의 ",삼성부동산공인중개사사무소,월세,117,19,115.57,84.74,0,"60,000",200,2026-08-10
20348253,40897004,고덕역인접 로얄동호.입주협의.풀에어컨.확트인뷰.우수학군,해피부동산공인중개사사무소,매매,307,고,82.57,59.23,"215,000",0,0,2026-08-08
20348253,40908863,추천 풀에어컨 일조량우수 쾌적한뷰 관리잘된 명문학군,금강솔베뉴공인중개사,매매,123,7,115.54,84.90,"230,000",0,0,2026-08-08
20348253,40908864,무융 풀에어컨 일조량우수 쾌적한뷰 관리잘된 명문학군,금강솔베뉴공인중개사,전세,123,7,115.54,84.90,0,"120,000",0,2026-08-08
20348253,40896988,주인거주.입주협의.우수학군.고덕역세권.고덕학원가인접,해피부동산공인중개사사무소,매매,307,22,82.57,59.23,"215,000",0,0,2026-08-08
20348253,40905748,"뛰어라,시.에3대, 주인거주중으로 집상태 좋아요",뛰어라공인중개사사무소,매매,214,중,82.55,59.35,"200,000",0,0,2026-08-08
20348253,40896989,고덕역더블역세권호재.로얄동호.확트인뻥뷰.우수학군.풀에어컨.입주협의,해피부동산공인중개사사무소,매매,307,22,82.57,59.23,"215,000",0,0,2026-08-08
20348253,40857780,"9호선호재,고덕역,학원, 학교굿,집상태굿,입주,시에4,",으뜸그라시움공인중개사사무소,매매,111,고,115.64,84.94,"250,000",0,0,2026-08-07
20348253,40855722,,강동위드공인중개사사무소,매매,121,중,115.47,84.88,"240,000",0,0,2026-08-07
20348253,40829717,"탁트인 정원뷰,인테리어굿,주인거주로 관리굿,학군우수",고덕종점그라시움공인중개사사무소,매매,114,저,115.36,84.83,"230,000",0,0,2026-08-06
20348253,40643223,"입주매매, 주인거주 풀옵션, 고층뷰국,지하철가까움",래미안공인중개사사무소,매매,307,22,82.57,59.23,"215,000",0,0,2026-07-31
20348253,40620041,추천 올확장 일조량우수 쾌적한뷰 관리잘된 명문학군,금강솔베뉴공인중개사,매매,307,고,82.57,59.23,"215,000",0,0,2026-07-30
20348253,40616644,"뛰어라,입주 매매,정남향,뻥뷰,풀 에어컨,로얄동,상태 최상",뛰어라공인중개사사무소,매매,307,고,82.57,59.23,"215,000",0,0,2026-07-30
20348253,40578186,입주 명문학군 확장   9호선호재  로얄동층 시스템에어컨,고덕거성공인중개사사무소,매매,307,고,82.57,59.23,"215,000",0,0,2026-07-29
20411737,41482750,입주 강추 뻥트인조망 초초역세권 주거만족,고덕선경(428-3939)공인중개사사무소,매매,101,중,130.98,59.14,"168,000",0,0,2026-08-26
20411737,41482735,급매 입주  잘나온판상형구조 생활편의시설,고덕선경(428-3939)공인중개사사무소,매매,103,저,130.98,59.14,"162,000",0,0,2026-08-26
20411737,41453182,"초역세권,확트인뷰 에어컨",고일공인중개사사무소,매매,101,28,82.20,59.14,"170,000",0,0,2026-08-25
20411737,41454773,"추천 저렴,입주매매, 에풀, 너무깨끗한집,상일동역역세권, 상가이용편리",고덕굿모닝(437-6009)공인중개사사무소,매매,103,6,82.20,59.14,"162,000",0,0,2026-08-25
20411737,41463227,강추 초역세권 풀에어컨 중문 로얄동층 집상태채광 최고 세안고 고덕천뷰,고덕씨앗부동산공인중개사사무소,매매,103,31,82.53,59.09,"165,000",0,0,2026-08-25
20411737,41449137,"입주정상,역세권단지,남향,풀에어컨,상태굿",고덕현대공인중개사사무소,매매,103,6,82.20,59.14,"162,000",0,0,2026-08-25
20411737,41469803,STAR추천 뻥뷰 로얄동층 시에풀 집상태최상 햇살가득 예쁜집,스타공인중개사사무소,매매,102,고,82.50,59.06,"168,000",0,0,2026-08-25
20411737,41449159,"구조굿,로얄동층,세안고매매,풀에어컨,시원하게트인뷰,고덕천뷰굿",고덕현대공인중개사사무소,매매,103,고,82.53,59.09,"165,000",0,0,2026-08-25
20411737,41464214,추천.확트인 파노라마뷰.풀에어컨.전철 바로.우수 생활권.,키움공인중개사사무소,매매,103,31,82.53,59.09,"165,000",0,0,2026-08-25
20411737,41463229,상일역초역세권 정상입주 넓은거실 주인거주 관리잘된 집,고덕씨앗부동산공인중개사사무소,매매,104,고,82.20,59.14,"175,000",0,0,2026-08-25
20411737,41470319,추천 급매 풀에어컨 세안고 뻥뷰,고덕자이(441-0109)공인중개사사무소,매매,103,31,82.53,59.09,"163,000",0,0,2026-08-25
20411737,41464223,확트인 시원한뷰.풀에어컨.우수 편의시설.수영장.초역세권,키움공인중개사사무소,매매,102,중,82.20,59.14,"165,000",0,0,2026-08-25
20411737,41453175,"초역세권,관리 잘 된 집, 풀옵션,",고일공인중개사사무소,매매,103,6,82.20,59.14,"162,000",0,0,2026-08-25
20411737,41469787,STAR추천  로얄동호수 초초역세권 편의시서인접,스타공인중개사사무소,매매,101,31,82.50,59.06,"170,000",0,0,2026-08-25
20411737,41449081,역세권 탁트인전망최고 판상형 풀에어컨 채광좋은집,고덕스카이공인중개사,매매,101,28,82.20,59.14,"170,000",0,0,2026-08-25
20411737,41453176,"초역세권,확트인뷰 에어컨4,중문,붙박이장등 풀옵션,",고일공인중개사사무소,매매,103,31,82.53,59.09,"165,000",0,0,2026-08-25
20411737,41449093,추천입주가능 역세권 전망뷰양호 풀에어컨 편리한상가이용,고덕스카이공인중개사,매매,104,11,82.20,59.14,"165,000",0,0,2026-08-25
20411737,41466787,추천 탁트인파노라마뷰  시스템에어컨 스세권,고덕선경(428-3939)공인중개사사무소,매매,101,31,82.50,59.06,"170,000",0,0,2026-08-25
20411737,41453174,"초역세권,트인뷰 풀옵션,",고일공인중개사사무소,매매,101,31,82.50,59.06,"170,000",0,0,2026-08-25
20411737,41464215,추천.풀옵션.풀에어컨. 채광좋은 선호타입.스포츠센터.수영장,키움공인중개사사무소,매매,103,6,82.20,59.14,"162,000",0,0,2026-08-25
20411737,41449082,세안고매매 초역세권 탁트인뷰최상 풀에어컨 채광좋은로얄동층,고덕스카이공인중개사,매매,103,31,82.53,59.09,"165,000",0,0,2026-08-25
20411737,41463230,상일역도보2분 전세안고 풀옵션 로얄동 드레스룸붙박이장 수영장 어린이집,고덕씨앗부동산공인중개사사무소,매매,102,중,82.20,59.14,"164,000",0,0,2026-08-25
20411737,41449088,강추입주매매 초역세권 로얄동층 풀에어컨 편리한상가이용,고덕스카이공인중개사,매매,103,6,82.20,59.14,"162,000",0,0,2026-08-25
20411737,41469788,STAR추천 확트인 로얄동호수 집상태최상 햇살가득 예쁜집,스타공인중개사사무소,매매,103,31,82.53,59.09,"165,000",0,0,2026-08-25
20411737,41454772,"에풀, 채광좋은 뻥뷰, 상일동역초역세권, 상가이용편리한생활",고덕굿모닝(437-6009)공인중개사사무소,매매,103,31,82.53,59.09,"163,000",0,0,2026-08-25
20411737,41449083,초역세권 탁트인뷰좋음 채광좋은로얄동층 편리한상가,고덕스카이공인중개사,매매,101,31,82.50,59.06,"170,000",0,0,2026-08-25
20411737,41469792,STAR추천 뻥뷰 입주초역세권 편의시설인접 늦은입주,스타공인중개사사무소,매매,101,28,82.20,59.14,"170,000",0,0,2026-08-25
20411737,41449110,입주급매 탁트인전망최고 채광좋은로얄동층 풀에어컨,고덕스카이공인중개사,매매,102,고,82.50,59.06,"168,000",0,0,2026-08-25
20411737,41449173,세안고 에어컨4  중문  풀옵션 고덕촌사이다뷰 상일역5분컷 예쁘고밝은집,고덕강남부동산 공인중개사 사무소,매매,103,고,82.53,59.09,"165,000",0,0,2026-08-25
20411737,41422434,"입주,로얄동층,시원하게트인뷰굿,선호하는구조,풀에어컨",고덕현대공인중개사사무소,매매,102,고,82.50,59.06,"165,000",0,0,2026-08-24
20411737,41418112,상일역도보2분 풀옵션 관리잘된집 수영장 어린이집  편리한생활인프라,고덕씨앗부동산공인중개사사무소,매매,103,6,82.20,59.14,"162,000",0,0,2026-08-24
20411737,41418114,상일역초역세권 도보2분 탁월한 교통.교육환경 시원한뷰 수영장 어린이집,고덕씨앗부동산공인중개사사무소,매매,101,중,82.20,59.14,"168,000",0,0,2026-08-24
20411737,41431604,초역세권 강추매물 뻥뷰 풀옵션 관리상태굿 편의시설다양 우수편의,조은동네부동산426-9800공인중개사사무소,매매,102,고,82.50,59.06,"165,000",0,0,2026-08-24
20411737,41422438,"초역세권, 풀에어컨, 중문,편의시설 우수,세안고 매매",고덕현대공인중개사사무소,매매,104,고,82.20,59.14,"165,000",0,0,2026-08-24
20411737,41431598,,조은동네부동산426-9800공인중개사사무소,매매,102,고,82.50,59.06,"168,000",0,0,2026-08-24
20411737,41418115,급매 풀옵션 상일역도보2분 초역세권 빠른입주 가격협의 수영장 어린이집,고덕씨앗부동산공인중개사사무소,매매,104,저,82.20,59.14,"165,000",0,0,2026-08-24
20411737,41426885,풀에어컨 중문 역세권 수영장 어린이집 편한인프라,파크자이(428-4270)공인중개사사무소,매매,103,31,82.53,59.09,"165,000",0,0,2026-08-24
20411737,41422427,"초역세권,로얄동층,세안고매매,풀에어컨,시원하게트인뷰굿",고덕현대공인중개사사무소,매매,101,고,82.20,59.14,"170,000",0,0,2026-08-24
20411737,41431602,,조은동네부동산426-9800공인중개사사무소,매매,103,중,82.20,59.14,"165,000",0,0,2026-08-24
20411737,41426884,풀에어컨 상일역역세권 고층뷰 수영장 다이소 편리,파크자이(428-4270)공인중개사사무소,매매,101,28,82.20,59.14,"170,000",0,0,2026-08-24
20411737,41487152,25p 입주매매 상일동역2분 에어컨 중문 확트인 검단산 뷰,고덕리더스공인중개사사무소,매매,102,고,82.50,59.06,"165,000",0,0,2026-08-24
20411737,41431593,강추매매 전세안고  초역세권 뻥뷰 풀옵션 관리상태굿 편의시설다양,조은동네부동산426-9800공인중개사사무소,매매,101,28,82.20,59.14,"170,000",0,0,2026-08-24
20411737,41431596,25 층간소음걱정없는 아이키우기좋은곳 높은 피로티 옵션굿역세권 편의시설,조은동네부동산426-9800공인중개사사무소,매매,103,6,82.20,59.14,"162,000",0,0,2026-08-24
20411737,41431595,조은동네 강추매물 로얄동 로얄층 시원한 뻥뷰 풀옵션 채광너무조아요,조은동네부동산426-9800공인중개사사무소,매매,103,31,82.53,59.09,"165,000",0,0,2026-08-24
20411737,41417962,시원한트인뷰. 에어컨풀. 초역세권. 편리한생활시설,고덕굿모닝(437-6009)공인중개사사무소,매매,102,고,82.50,59.06,"170,000",0,0,2026-08-24
20411737,41422907,강추 입주매물 로얄동층 탁트인시원한조망 시스템에어컨,고덕선경(428-3939)공인중개사사무소,매매,101,중,82.20,59.14,"168,000",0,0,2026-08-24
20411737,41422913,입주 로얄동 탁트인시원한조망  시스템에어컨 상권이용편리,고덕선경(428-3939)공인중개사사무소,매매,102,고,82.50,59.06,"165,000",0,0,2026-08-24
20411737,41418480,추천 관리R 갭투 로열동  고덕천뻥뷰 지하철1분 풀옵션,나이스공인중개사사무소,매매,103,고,82.53,59.09,"163,000",0,0,2026-08-24
20411737,41422206,시원한 전망 파노라마뷰.풀에어컨.풀옵션.우수편의시설.초역세권,키움공인중개사사무소,매매,102,고,82.50,59.06,"165,000",0,0,2026-08-24
20411737,41431601,강추매매 전세안고  초역세권 뻥 트인뷰 풀옵션 관리상태굿 편의시설다양,조은동네부동산426-9800공인중개사사무소,매매,104,고,82.20,59.14,"165,000",0,0,2026-08-24
20411737,41392925,강추 입주 로얄동층 채광굿 주거만족최상,고덕선경(428-3939)공인중개사사무소,매매,102,고,131.21,59.06,"170,000",0,0,2026-08-24
20411737,41417947,입주가능. 시원한트인뷰. 에어컨풀. 상일동역역세권. 편리한상가이용,고덕굿모닝(437-6009)공인중개사사무소,매매,102,고,82.50,59.06,"165,000",0,0,2026-08-24
20411737,41431600,초역세권 강추매물 뻥뷰 풀옵션 관리상태굿 편의시설다양 우수편의,조은동네부동산426-9800공인중개사사무소,매매,101,고,82.50,59.06,"170,000",0,0,2026-08-24
20411737,41487123,25p 로얄동 층 확 트인 검단산 뷰 풀옵션 세안고,고덕리더스공인중개사사무소,매매,103,31,82.53,59.09,"165,000",0,0,2026-08-24
20411737,41417946,시원한트인뷰. 에어컨풀. 상일동역역세권. 편리한상가이용. 세안고,고덕굿모닝(437-6009)공인중개사사무소,매매,102,중,82.20,59.14,"165,000",0,0,2026-08-24
20411737,41372801,채광좋은 트인뷰.풀에어컨. 옵션굿.단지내 편의시설 우수,키움공인중개사사무소,매매,104,고,82.20,59.14,"165,000",0,0,2026-08-22
20411737,41379535,초역세권  편의시설인접 지하수영장 풀옵션  입주가 뻥뷰,고덕거성공인중개사사무소,매매,101,고,82.20,59.14,"170,000",0,0,2026-08-22
20411737,41372800,로얄동층. 풀에어컨.인테리어굿.우수 편의시설.수영장. 전철바로,키움공인중개사사무소,매매,101,중,82.50,59.06,"165,000",0,0,2026-08-22
20411737,41327869,강추 입주매물 탁트인시원한조망 시스템에어컨,고덕선경(428-3939)공인중개사사무소,매매,102,고,82.50,59.06,"168,000",0,0,2026-08-21
20411737,41328443,초역세권.선호타입.시스템에어컨.다양한 상권.생활권 우수,키움공인중개사사무소,매매,103,중,82.20,59.14,"165,000",0,0,2026-08-21
20411737,41325385,입주급매 o 에어컨4대.붙박이장 o 엘베2대 o 초역세권 생활인프라우수,롯데공인중개사사무소,매매,103,저,82.20,59.14,"162,000",0,0,2026-08-21
20411737,41289399,상일역도보2분 풀옵션 빌트인냉장고 수영장 어린이집 시민대학 생활인프라굿,고덕씨앗부동산공인중개사사무소,매매,102,고,82.50,59.06,"170,000",0,0,2026-08-20
20411737,41289396,상일역초역세권도보1분 로얄동로얄층 확트인뷰 관리잘된집 정상입주,고덕씨앗부동산공인중개사사무소,매매,101,고,82.20,59.14,"170,000",0,0,2026-08-20
20411737,41289398,상일역초역세권 풀옵션  세끼고 수영장 어린이집,고덕씨앗부동산공인중개사사무소,매매,101,고,82.20,59.14,"170,000",0,0,2026-08-20
20411737,41292591,주인거주.에어컨 풀.상일역 초역세권. 생활이 편리하고 산책하기 좋은집,태양공인중개사사무소,매매,103,저,82.20,59.14,"162,000",0,0,2026-08-20
20411737,41289397,,고덕씨앗부동산공인중개사사무소,매매,102,고,82.50,59.06,"170,000",0,0,2026-08-20
20411737,41256014,세안고. 최고 로얄 조망. 시원한 통창 뷰.,일등그라시움 부동산중개,매매,103,고,82.53,59.09,"165,000",0,0,2026-08-20
20411737,41289400,상일역초역세권 수영장 구립어린이집 편리한생활인프라 전자계약 가능,고덕씨앗부동산공인중개사사무소,매매,103,중,82.20,59.14,"165,000",0,0,2026-08-20
20411737,41289705,귀한전세 지하철1분 고덕천뷰 편의시설가득 관리잘된세대 11월,나이스공인중개사사무소,전세,103,저,82.20,59.14,0,"85,000",0,2026-08-20
20411737,41289395,상일역초역세권 풀옵션 주인거주 수영장 시민대학 다이소 어린이집 관리최상,고덕씨앗부동산공인중개사사무소,매매,101,31,82.50,59.06,"170,000",0,0,2026-08-20
20411737,41274054,"로얄동로얄층,초역세권,뻥뷰,생활편의최상,에4 풀옵션,공동가능",과천명성공인중개사사무소,매매,101,34,82.20,59.14,"170,000",0,0,2026-08-20
20411737,41253377,강추 뻥트인조망 컨디션최상 갭투 풀옵션,고덕선경(428-3939)공인중개사사무소,매매,103,31,82.53,59.09,"165,000",0,0,2026-08-19
20411737,41189671,뛰어라. 입주매매 날짜 적극 협의. 풀옵션. 관리잘된예쁜집.,뛰어라공인중개사사무소,매매,103,저,82.20,59.14,"162,000",0,0,2026-08-18
20411737,41189670,"뛰어라,로얄동층,채광굿,풀에어컨,트인뻥뷰,편리한 상가",뛰어라공인중개사사무소,매매,101,31,82.50,59.06,"170,000",0,0,2026-08-18
20411737,41197747,추천. 로얄동층. 풀에어컨.초역세권.선호 편의시설.우수 커뮤니티,키움공인중개사사무소,매매,101,28,82.20,59.14,"170,000",0,0,2026-08-18
20411737,41198156,초역세권  편의시설인접 지하수영장 풀옵션  입주가 뻥뷰,고덕거성공인중개사사무소,매매,102,고,82.50,59.06,"170,000",0,0,2026-08-18
20411737,41189672,뛰어라. 입주추천 날짜협의 . 풀옵션. 편리한 생활권.,뛰어라공인중개사사무소,매매,104,저,82.20,59.14,"165,000",0,0,2026-08-18
20411737,41133538,강추 입주매물 햇살가득채광 뻥트인조망 로얄동층,고덕선경(428-3939)공인중개사사무소,매매,102,고,131.21,59.06,"165,000",0,0,2026-08-15
20411737,41133524,강추 입주매물 채광굿 주거만족최상,고덕선경(428-3939)공인중개사사무소,매매,103,저,130.98,59.14,"170,000",0,0,2026-08-15
20411737,41115339,단독  추천 입주 초역세권 생활편의시설이용 시스템에어컨,고덕선경(428-3939)공인중개사사무소,매매,103,저,82.20,59.14,"180,000",0,0,2026-08-14
20411737,41094203,"초역세권,풀에어컨,앞트인뷰,편리한생활인프라,강추",고덕현대공인중개사사무소,매매,101,고,82.50,59.06,"170,000",0,0,2026-08-14
20411737,41112406,로얄동층.전망좋은 스카이뷰.풀에어컨.초역세권.우수편의시설.,키움공인중개사사무소,매매,101,31,82.50,59.06,"170,000",0,0,2026-08-14
20411737,41115337,트인조망 세안고  채광굿 초초역세권 상권이용편리 시스템에어컨,고덕선경(428-3939)공인중개사사무소,매매,101,28,82.20,59.14,"170,000",0,0,2026-08-14
20411737,41080610,채광좋은 확트인 스카이뷰.시스템에어컨.단지내 우수편의시설,키움공인중개사사무소,매매,101,고,82.20,59.14,"170,000",0,0,2026-08-13
20411737,41047731,세안고. 최고 로얄 조망. 시원한 통창 뷰.,일등그라시움 부동산중개,매매,103,고,82.53,59.09,"165,000",0,0,2026-08-13
20411737,41018247,"초역세권, 탁트인뷰, 상가이용편리한생활, 한강인접",고덕굿모닝(437-6009)공인중개사사무소,매매,101,31,82.50,59.06,"170,000",0,0,2026-08-12
20411737,41006552,강추 세안고 뻥트인고덕천조망 컨디션최상,고덕선경(428-3939)공인중개사사무소,매매,103,고,131.28,59.09,"165,000",0,0,2026-08-12
20411737,40991780,"초역세권, 채광좋은 트인 뷰, 풀에어컨, 입주, 만족도 높은 인프라",고덕현대공인중개사사무소,매매,102,고,82.50,59.06,"170,000",0,0,2026-08-11
20411737,40991550,채광좋은 확트인뷰 최상.풀에어컨.우수 편의시설.스포츠센터.초역세권,키움공인중개사사무소,매매,102,고,82.50,59.06,"170,000",0,0,2026-08-11
20411737,40879329,"로얄동로얄층,초역세권,뻥뷰,생활편의최상,에4 풀옵션,공동가능",과천명성공인중개사사무소,매매,101,34,131.21,59.14,"170,000",0,0,2026-08-08
20411737,40865800,"전면이 트인 뷰,에어컨풀,중문  임주협의",센트럴부자공인중개사사무소,매매,102,고,82.50,59.06,"168,000",0,0,2026-08-07
20411737,40723372,"뻥트인고덕천뷰, 에4, 넓은부엌,상일역5분컷,최상의컨디션 편리한생활인프라",고덕강남부동산 공인중개사 사무소,매매,102,고,82.50,59.06,"170,000",0,0,2026-08-03
20411737,40628216,추천.확트인 파노라마뷰.풀에어컨.전철 바로.우수 생활권.,키움공인중개사사무소,매매,103,31,131.28,59.09,"165,000",0,0,2026-07-31
20411737,40590696,추천.풀옵션.풀에어컨. 채광좋은 선호타입.스포츠센터.수영장,키움공인중개사사무소,매매,103,6,130.98,59.14,"162,000",0,0,2026-07-30
20166512,41496188,34P I  초급매 I 올확장 I 풀시스템에어컨 I 입주협의 I,강동탑아이파크(02-426-4455)공인중개사사무소,매매,102,중,114.14,84.98,"215,000",0,0,2026-08-26
20166512,41496189,25p I 주인.직접  I귀한매물 I 올확장 I 잘관리 된집 I 입주조율,강동탑아이파크(02-426-4455)공인중개사사무소,매매,111,중,85.07,59.99,"200,000",0,0,2026-08-26
20166512,41496186,34 I 뻥뷰 I 이사협의 I 올확장 I 판상형 I,강동탑아이파크(02-426-4455)공인중개사사무소,매매,103,중,113.15,84.98,"220,000",0,0,2026-08-26
20166512,41496187,34 I 실입주 I 올확장 I 푸릇한정원뷰 I 이사일협의 I 조율가능 I,강동탑아이파크(02-426-4455)공인중개사사무소,매매,102,저,114.14,84.98,"218,000",0,0,2026-08-26
20166512,41449185,"34. 직접, 입주, 컨디션최상,   올확장,  시스템 에어컨.",아이파크공인중개사사무소,매매,105,중,114.14,84.98,"225,000",0,0,2026-08-25
20166512,41446795,올확장.시스템에어컨.입주협의.9호선고덕역인접.학군우수.사통팔달교통,해피부동산공인중개사사무소,매매,103,중,113.15,84.98,"230,000",0,0,2026-08-25
20166512,41465630,25 I 세안고 I 무주택자 매매가능 I 깔끔한집 I,강동탑아이파크(02-426-4455)공인중개사사무소,매매,111,중,85.07,59.99,"194,000",0,0,2026-08-25
20166512,41449184,"54p.입주가,컨디션최상, 정남향 , 고덕역5분",아이파크공인중개사사무소,매매,109,저,181.70,145.00,"290,000",0,0,2026-08-25
20166512,41449186,"44. 귀한매물, 올확장, 컨디션 좋아요. 11월입주가,정남향,",아이파크공인중개사사무소,월세,104,고,147.90,114.98,0,"83,000",200,2026-08-25
20166512,41465628,25 I 귀한매매 I 입주 I 특리모델링 I 올확장 I 풀에어컨 I,강동탑아이파크(02-426-4455)공인중개사사무소,매매,113,고,85.07,59.99,"199,000",0,0,2026-08-25
20166512,41425006,"54p,컨디션최상, 풀에어컨, 고덕역5분",아이파크공인중개사사무소,매매,107,중,179.54,145.22,"295,000",0,0,2026-08-24
20166512,41425005,"44. 올수리, 최신풀에어컨,세안고,로열동입니다",아이파크공인중개사사무소,매매,104,저,147.90,114.98,"243,000",0,0,2026-08-24
20166512,41409753,34 I 주인. 직접 I 입주 I 올확장 I 시원한 트인뷰 I 로얄동층,강동탑아이파크(02-426-4455)공인중개사사무소,매매,105,중,114.14,84.98,"225,000",0,0,2026-08-24
20166512,41425004,"25. 직접, 올확장,컨디션 아주 좋아요.고덕역5분,",아이파크공인중개사사무소,매매,111,고,85.07,59.99,"197,000",0,0,2026-08-24
20166512,41409751,54 I 입주 I 올확장 I  깔끔한집 I 정원뷰 l 대형평형추천 I,강동탑아이파크(02-426-4455)공인중개사사무소,매매,109,저,181.70,145.00,"290,000",0,0,2026-08-24
20166512,41425008,"34. 입주가능 ,풀에어컨, 컨디션최상  , 고덕역5분,",아이파크공인중개사사무소,매매,102,중,114.14,84.98,"215,000",0,0,2026-08-24
20166512,41425007,25. 직접. 입주. 풀에어컨.  최근 리모델링.,아이파크공인중개사사무소,매매,113,고,85.07,59.99,"199,000",0,0,2026-08-24
20166512,41358864,"54. 입주가 , 고덕역5분 .컨디션 좋아요",아이파크공인중개사사무소,매매,107,중,179.54,145.22,"285,000",0,0,2026-08-22
20166512,41295495,"34. 하시입주가.판상형,로열동입니다",아이파크공인중개사사무소,매매,103,중,113.15,84.98,"220,000",0,0,2026-08-20
20166512,41303537,,이화공인중개사,매매,108,고,215.88,177.99,"355,000",0,0,2026-08-20
20166512,41217929,44P I 트인뷰 I 올확장올수리 I 인테리어 관리 잘된집 I,강동탑아이파크(02-426-4455)공인중개사사무소,매매,109,고,147.52,115.45,"280,000",0,0,2026-08-19
20166512,41217930,54 I 입주매물 I 확장형 I 수리된 깨끗한집 I 귀한대형평형 I,강동탑아이파크(02-426-4455)공인중개사사무소,매매,107,중,179.54,145.22,"285,000",0,0,2026-08-19
20166512,41194459,"25. 확장, 컨디션좋아요. 귀한매물, 고덕역5분,",아이파크공인중개사사무소,매매,111,중,85.07,59.99,"200,000",0,0,2026-08-18
20166512,41137561,34 I 최근특리모델링 I 양창구조로 종일환해요 I 정상입주 I 강추 I,강동탑아이파크(02-426-4455)공인중개사사무소,매매,103,중,114.14,84.98,"230,000",0,0,2026-08-15
20166512,41094236,34.  최근 풀인테리어 입주 풀에어컨 탁트인뷰,아이파크공인중개사사무소,매매,103,중,114.14,84.98,"230,000",0,0,2026-08-14
20166512,40934417,34 정남 I 판상형 I 시스템에어컨 I 내부인테리어 관리잘된집I,강동탑아이파크(02-426-4455)공인중개사사무소,매매,103,중,113.15,84.98,"230,000",0,0,2026-08-10
20166512,40821875,34 I 주인.직접 I 입주가능 I 올확장 I 고층뻥뷰 I 인테리어 최상,강동탑아이파크(02-426-4455)공인중개사사무소,매매,101,고,114.14,84.98,"230,000",0,0,2026-08-06
20166512,40639763,"54  하시입주가능, 정남향 , 9호선고덕역5분, 탁트인뷰,",아이파크공인중개사사무소,매매,109,고,181.70,145.00,"290,000",0,0,2026-07-31
20166512,40507150,"에어컨 풀 ,인테리어,추후 더블 역세권, 상업지역 근접,입주협의",센트럴부자공인중개사사무소,매매,108,고,215.88,177.99,"355,000",0,0,2026-07-27
1500071991,41446783,입주협의.뻥뷰.로얄동호 선호구조,해피부동산공인중개사사무소,매매,104,18,116.38,84.15,"185,000",0,0,2026-08-25
1500071991,41454809,"에풀 풀옵션, 층간소음 걱정없는 복층, 비즈밸리상권이용",고덕굿모닝(437-6009)공인중개사사무소,전세,102,저,118.24,84.67,0,"90,000",0,2026-08-25
1500071991,41454808,"귀한전세, 에어컨풀, 완전탁트인뷰, 비즈밸리상권이용",고덕굿모닝(437-6009)공인중개사사무소,전세,104,고,115.87,84.03,0,"95,000",0,2026-08-25
1500071991,41422452,"정상입주, 선호타입, 채광좋은 정남향 , 풀옵션",고덕현대공인중개사사무소,매매,101,중,115.87,84.03,"185,000",0,0,2026-08-24
1500071991,41422226,신축 매물.채광 좋은뷰.풀옵션 선호타입.9호선 호재.우수 커뮤니티.,키움공인중개사사무소,매매,101,중,115.87,84.03,"185,000",0,0,2026-08-24
1500071991,41487169,"풀옵션, 막힘없는 한강 뷰 9호선개통호재 고덕비즈벨리 생활이편리한집",고덕리더스공인중개사사무소,매매,102,19,116.38,84.15,"180,000",0,0,2026-08-24
1500071991,41417926,"추천 9호선개통호재, 고덕비즈밸리인접, 풀옵션, 막힘없는뷰, 방4",고덕굿모닝(437-6009)공인중개사사무소,매매,102,19,116.38,84.15,"190,000",0,0,2026-08-24
1500071991,41431603,급매추천 9호선 호재 탑층  단독세대 층간소음 없어요,조은동네부동산426-9800공인중개사사무소,매매,103,저,117.37,84.64,"185,000",0,0,2026-08-24
1500071991,41330730,조용한 동. 트인뷰. 넓은 선호타입. 관리 잘 됨. 옵션 풍부,일등그라시움 부동산중개,전세,104,고,115.87,84.03,0,"95,000",0,2026-08-21
1500071991,41253960,추천.신축급매.확트인뷰.풀옵션.풀인테리어.9호선 호재.우수커뮤니티,키움공인중개사사무소,매매,105,중,142.22,101.27,"210,000",0,0,2026-08-19
1500071991,41487227,9호선호재 풀옵션 풀인테리어 굿뷰,고덕리더스공인중개사사무소,매매,102,저,117.54,84.23,"205,000",0,0,2026-08-18
1500071991,41126038,강력추천 풀옵션 풀에어컨 빠른입주 가능한 옵션조은매물,조은동네부동산426-9800공인중개사사무소,매매,105,저,141.15,101.30,"198,000",0,0,2026-08-14
1500071991,41018307,"입주매매, 에어컨풀, 9호선호재, 비즈벨리상권이용, 한강권역",고덕굿모닝(437-6009)공인중개사사무소,매매,105,중,142.22,101.27,"210,000",0,0,2026-08-12
1500071991,40945605,"정상입주,풀옵션,채광굿,상태굿,9호선호재,업무단지근접",고덕현대공인중개사사무소,매매,105,중,142.22,101.27,"210,000",0,0,2026-08-10
1500071991,40929558,"신축, 에어컨 풀옵션,9호선호재, 채광 좋은 밝은 집, 테라스 ,",고일공인중개사사무소,매매,105,중,142.22,101.27,"210,000",0,0,2026-08-10
1500071991,40705238,강추매매  9호선호재 강추단지 남향 복층  풀옵션 끝내주는집,조은동네부동산426-9800공인중개사사무소,매매,101,저,119.28,84.19,"190,000",0,0,2026-08-03
1500071991,40720965,한강뷰 I 풀옵션 I 방4 화2 I 9호선 호재,리버파크공인중개사사무소,매매,104,고,116.38,84.15,"185,000",0,0,2026-08-03
1500071991,40668437,9호선 호재 강추 입주매매 아름다운 정원뷰 풀옵션 풀에어컨  옵션조은매물,조은동네부동산426-9800공인중개사사무소,매매,106,저,117.68,84.10,"190,000",0,0,2026-08-01
1500071991,40600360,세안고 I 28년 9호선 완공 예정 I 에어컨5대 I 중문,리버파크공인중개사사무소,매매,102,고,115.87,84.03,"185,000",0,0,2026-07-30
1500071991,40477985,귀한입주 A타입 9호선 호재단지 파노라마숲뷰 풀에 방4개 너무조아요,조은동네부동산426-9800공인중개사사무소,매매,103,고,138.88,101.04,"250,000",0,0,2026-07-27
1559,41397215,"정상입주매물, 고덕역세권, 확트인뷰, 리모델링 추진중",제일공인중개사사무소,매매,102,중,102.02,59.94,"154,000",0,0,2026-08-24
1559,41487167,"36p 급매 입주매매 명문배재학군 고층 뻥뷰 고덕역5,9호선 더블역세권",고덕리더스공인중개사사무소,매매,104,중,119.01,84.90,"190,000",0,0,2026-08-24
1559,41358843,추천입주매매 고덕역초역세권 학군최상 채광좋은정남향 입주협의,고덕스카이공인중개사,매매,101,중,119.01,84.90,"180,000",0,0,2026-08-22
1559,41369428,"고덕역세권,확트인 뷰,올수리,리모델링추진중 마음에 드실겁니다.",제일공인중개사사무소,매매,102,고,95.87,59.94,"155,000",0,0,2026-08-22
1559,40597562,"34 . 배재학군 5,9호선 더블역세권 정남향",뉴욕부동산중개(주),매매,101,중,119.01,84.90,"180,000",0,0,2026-07-30
1556,41400921,추천매매 리모델링진행중   남서향   부분수리 입주,부동산뱅크신세계공인중개사사무소,매매,1,중,103.10,84.91,"158,000",0,0,2026-08-24
1556,41396525,"탁트인조망으로 리모델링시 우수한위치임,주인거주로 올수리됨,",행복한공인중개사,매매,5,고,127.89,84.91,"170,000",0,0,2026-08-24
1556,41487125,역세권  주인 실입주매매 올수리된집 삼성물산리모델링추진중,고덕리더스공인중개사사무소,매매,2,4,103.10,84.91,"170,000",0,0,2026-08-24
1556,41393877,"삼성물산리모델링추진중.5,8호선이용 샷시교체,수리됨",래미안강동열매공인중개사사무소,매매,2,4,127.89,84.91,"170,000",0,0,2026-08-24
1556,41415135,"탁트인조망으로 리모델링시 우수한위치임,주인거주로 올수리됨,",행복한공인중개사,매매,5,고,103.10,84.91,"170,000",0,0,2026-08-24
1556,41419373,"입주,영구 뻥뷰, 래미안 리모델링 확정, 꺠끗하게 관리잘된 집",우리부동산중개사무소,매매,5,고,103.10,84.91,"160,000",0,0,2026-08-24
1556,41318560,"추천,삼성물산 리모델링추진중,로얄층 관리잘된 집입니다.",금강솔베뉴공인중개사,매매,8,고,86.45,71.20,"155,000",0,0,2026-08-21
1556,41296493,8호선 역세권 명품 학군 리모델링 추진중 세안고 매매,루나리움미사오(031-793-4499)공인중개사사무소,매매,2,1,103.10,84.91,"150,000",0,0,2026-08-20
1556,41245108,"추천,삼성물산 리모델링추진중,뭐든협의,올수리된 집으로 보시고 결정하세요.",금강솔베뉴공인중개사,매매,3,저,95.08,78.30,"153,000",0,0,2026-08-19
1556,41245106,"추천,늦은 입주,깔끔하게 관리 잘된집 ",금강솔베뉴공인중개사,매매,5,중,103.10,84.91,"162,000",0,0,2026-08-19
1556,41245107,"추천,삼성물산 리모델링추진중,로얄층 관리잘된 집입니다.",금강솔베뉴공인중개사,매매,3,중,95.08,78.30,"155,000",0,0,2026-08-19
1556,41000827,"추천,리모델링추진중,깔끔하게 관리잘된,명문학군 최인접",금강솔베뉴공인중개사,매매,2,4,103.10,84.91,"170,000",0,0,2026-08-11
1556,41000829,"추천,깔끔하게 관리잘된,명문학군 최인접,뭐든협의 ",금강솔베뉴공인중개사,매매,2,중,103.10,84.91,"165,000",0,0,2026-08-11
1556,40926783,"엔테리어,최상의 위치",강남(롯데캐슬)단지내(02-441-2000)공인중개사사무소,매매,5,중,103.10,84.91,"159,000",0,0,2026-08-10
1556,40810370,"입주매매,주인거주,확장,고층뷰 굿",래미안공인중개사사무소,매매,8,고,86.45,71.20,"155,000",0,0,2026-08-06
1556,40830937,"올수리, 입주가능, 집상태 굿, 리모델링 추진중",솔베뉴공인중개사사무소,매매,6,저,103.10,84.91,"160,000",0,0,2026-08-06
1556,40797692,추천매매 리모델링진행중   남서향   부분수리 입주,부동산뱅크신세계공인중개사사무소,매매,1,중,127.89,84.91,"158,000",0,0,2026-08-06
1556,40697828,I 아 남 I 행 복 I  공  동  환  영 I 입주일 협의 가능,청량리행복9664989공인중개사사무소,매매,1,9,127.89,84.91,"158,000",0,0,2026-08-03
1556,40684866,I 아 남 I 행 복 I  공  동  환  영 I 입주일 협의 가능,청량리행복9664989공인중개사사무소,매매,1,중,103.10,84.91,"158,000",0,0,2026-08-01
1556,40645370,"주인의뢰,삼성브랜드로 리모델링 예정,올수리된 집,학군 좋은 단지.",롯데캐슬가교공인중개사사무소,매매,2,저,103.10,84.91,"170,000",0,0,2026-07-31
1532,41494215,대명초 올수리예정 융자없음 장기거주가능,뉴욕부동산중개(주),전세,906,15,103.56,83.34,0,"68,000",0,2026-08-26
1532,41494217,대명초학군 수리 융자무 11월20일부터 입주가,뉴욕부동산중개(주),전세,905,중,104.30,83.93,0,"75,000",0,2026-08-26
1532,41466835,로얄동층 우수학군 채광조망굿 올수리 11월입주협의 밝고좋은집입니다.,부동산뱅크명일역점공인중개사사무소,전세,905,중,104.30,83.93,0,"75,000",0,2026-08-25
1532,41466831,로얄동층 재건축진행중 올수리 9호선호재 밝고좋은집입니다.,부동산뱅크명일역점공인중개사사무소,매매,912,15,106.00,83.21,"200,000",0,0,2026-08-25
1532,41460683,"정상입주, 확장수리, 신통기획 재건축 진행,  개방감있는 마음에 드실 집",제일공인중개사사무소,매매,908,중,103.56,83.34,"185,000",0,0,2026-08-25
1532,41397235,융무. 남향. 뻥뷰.  수리된 집. 샷시 해드림.,뉴욕부동산중개(주),전세,905,중,104.30,83.93,"200,000","75,000",0,2026-08-24
1532,41397224,융무. 올수리해드림. 초품아.  입주협의,뉴욕부동산중개(주),전세,906,15,103.56,83.34,"200,000","68,000",0,2026-08-24
1532,41420206,"정상입주물건, 정비구역지정, 추진위 신청예정",제일공인중개사사무소,매매,911,고,106.40,83.52,"197,000",0,0,2026-08-24
1532,41393618,"9호선연장호재,학세권,재건축추진중으로 보시면 마음에 드실겁니다.",현대공인중개사사무소,매매,910,중,103.56,83.34,"174,000",0,0,2026-08-24
1532,41406999,재건축 정비구역 지정중 지분16.59 대명초 정남향 로얄층,뉴욕부동산중개(주),매매,901,중,106.40,83.52,"200,000",0,0,2026-08-24
1532,41293668,"남향,선호동,학군우수,재건축진행중",신탁공인중개사,매매,912,저,106.00,83.21,"190,000",0,0,2026-08-20
1532,41291057,"올수리,정상입주,대단지 재건축 마음에 드실겁니다",제일공인중개사사무소,매매,911,저,108.82,83.34,"190,000",0,0,2026-08-20
1532,41293672,"역세권아파트 ,최고의학군,재건축추진진행중 컨디션좋음",신탁공인중개사,매매,911,저,108.82,83.34,"185,000",0,0,2026-08-20
1532,41288399,귀한 전세물건으로 보시면 마음에 드실겁니다.,현대공인중개사사무소,전세,905,중,104.30,83.93,0,"75,000",0,2026-08-20
1532,41258469,"9호선연장호재,학세권,올수리된 매매물건으로 보시면 마음에 드실겁니다.",현대공인중개사사무소,매매,910,저,103.56,83.34,"190,000",0,0,2026-08-19
1532,41258456,"9호선연장호재,학세권,구조가좋아 보시면 마음에 드실겁니다.",현대공인중개사사무소,매매,905,중,104.30,83.93,"195,000",0,0,2026-08-19
1532,41258468,"9호선연장호재,초등학교코앞,학세권에 매매물건으로 마음에 드실겁니다.",현대공인중개사사무소,매매,912,저,106.40,83.52,"185,000",0,0,2026-08-19
1532,41258455,"9호선연장호재,학세권,정남향,탁트인숲세권,마음에 드실겁니다.",현대공인중개사사무소,매매,907,저,104.30,83.93,"190,000",0,0,2026-08-19
1532,41258453,"9호선연장호재,학세권,구조가좋아 보시면 마음에 드실겁니다.",현대공인중개사사무소,매매,914,저,106.00,83.21,"190,000",0,0,2026-08-19
1532,41258454,"9호선연장,학세권에 매매물건으로 보시면 마음에 드실겁니다.",현대공인중개사사무소,매매,906,고,103.56,83.34,"194,000",0,0,2026-08-19
1532,41258451,"9호선연장호재,학세권,구조가좋아 보시면 마음에 드실겁니다.",현대공인중개사사무소,매매,912,저,106.40,83.52,"190,000",0,0,2026-08-19
1532,41258452,"9호선연장호재,학세권,구조좋아 보시면 마음에 드실겁니다.",현대공인중개사사무소,매매,904,고,106.40,83.52,"200,000",0,0,2026-08-19
1532,41199854,입주매물 0 재건축진행중 0 아늑한 숲뷰 0 9호선개통예정,명일공인중개사사무소,매매,903,고,106.40,83.52,"200,000",0,0,2026-08-18
1532,41089697,"실매물, 확트인 뷰,올수리,대단지 재건축 추천합니다",제일공인중개사사무소,매매,906,중,103.56,83.34,"184,000",0,0,2026-08-14
1532,41045135,재건축진행중 채광조망굿 올수리 세안고 밝고좋은집입니다.,부동산뱅크명일역점공인중개사사무소,매매,903,15,106.00,83.21,"200,000",0,0,2026-08-12
1532,41016015,올수리 대명초 정남향 재건축 구역지정 공람중 입주,뉴욕부동산중개(주),매매,904,5,106.40,83.52,"200,000",0,0,2026-08-12
1532,40888704,올수리 더블역세권 학세권 재건축 정비구역지정예정,뉴욕부동산중개(주),매매,910,저,104.30,83.93,"190,000",0,0,2026-08-08
1532,40888705,올수리 대명초옆 뷰좋은동 재건축진행중 9호선공사중,뉴욕부동산중개(주),매매,904,고,106.40,83.52,"200,000",0,0,2026-08-08
1532,40880165,확장수리됨 주인거주 재건축진행중,미래공인중개사사무소,매매,908,중,103.56,83.34,"185,000",0,0,2026-08-08
1532,40836774,빠른 입주 가능 씽크대등 수리 해줌 융자없음,미래공인중개사사무소,전세,906,15,103.56,83.34,0,"68,000",0,2026-08-07
1532,40822923,"전망특공원뷰,남향에로얄층 최근올수리에 베란다확장 재건축최저분담금등좋은집",신탁공인중개사,매매,914,중,106.40,83.52,"190,000",0,0,2026-08-06
1532,40611342,"급매물,  재건축진행중, 초역세권, 교통학군우수, 미래가치상승, 컨디션굿",신탁공인중개사,매매,914,8,106.00,83.21,"175,000",0,0,2026-07-30
1532,40523992,정비구역지정 9호선호재 확트인뷰 입주,뉴욕부동산중개(주),매매,907,5,104.30,83.93,"190,000",0,0,2026-07-28
1546,41482438,빠른재건축 특올수리 명문학군 전세5.3억안고,뉴욕부동산중개(주),매매,14,1,106.08,84.91,"190,000",0,0,2026-08-26
1546,41467964,"단독, 5년전  전체적인 인테리어,상업지역 근접,손님만 연락주세요",센트럴부자공인중개사사무소,월세,11,고,154.52,131.83,0,"65,000",140,2026-08-25
1546,41448811,신속통합으로 재건축 추진중임  . 난방파이프교체 .손님만 연락부탁드려요,하나공인중개사사무소,매매,17,중,154.52,131.83,"235,000",0,0,2026-08-25
1546,41208242,"급매 재건축진행중 5,9환승역공사중 2028년개통.세6억안고.예전올수리됨",제일공인중개사사무소481-6600,매매,14,3,105.26,84.91,"182,000",0,0,2026-08-18
1546,41136630,특올수리 빠른신통 재건축진행중 명문학군 세안고,뉴욕부동산중개(주),매매,14,1,105.26,84.91,"190,000",0,0,2026-08-15
1546,41139228,재건축 진행중 지분15.71.세5.3억안고 가능함 9호선공사중.올수리됨,제일공인중개사사무소481-6600,매매,14,1,105.26,84.91,"190,000",0,0,2026-08-15
1546,41115556,"재건축.신속통합으로 진행중.5,9호선 환승역 공사중 명문학군.방4 욕실2",제일공인중개사사무소481-6600,매매,17,저,154.52,131.83,"230,000",0,0,2026-08-14
1546,41072727,신속통합으로 재건축 추진중임  . 난방파이프교체 .2년전 올수리.확실매물,하나공인중개사사무소,매매,13,중,154.52,131.83,"238,000",0,0,2026-08-13
1546,41012625,"전세끼고매매,신속통합으로 재건축 진행속도빠름",NEW삼성공인중개사사무소,매매,14,1,105.26,84.91,"190,000",0,0,2026-08-12
1546,40985695,"고덕역5,9호선 환승역공사중,재건축진행중,명문학군,정상입주됨.",제일공인중개사사무소481-6600,매매,13,고,154.52,131.83,"240,000",0,0,2026-08-11
1546,40894344,밝고 환한집 올수리 월세입니다.학군좋고 살기좋은곳.,제일공인중개사사무소481-6600,월세,15,저,154.52,131.83,0,"50,000",180,2026-08-08
1546,40628939,세안고 무주택자만 계약가능 조합설립추진중,뉴욕부동산중개(주),매매,14,1,106.08,84.91,"185,000",0,0,2026-07-31
1546,40560940,세안고 무주택자만 매수가능 28년2월 입주가,뉴욕부동산중개(주),매매,14,1,105.26,84.91,"185,000",0,0,2026-07-29
1546,40524001,"올수리. 재건축 빠른 추진, 고덕역9호선 연장 호재 ",뉴욕부동산중개(주),매매,14,저,105.26,84.91,"185,000",0,0,2026-07-28
1546,40533807,세안고. 계좌 나와요.빠르게 결정 됩니다,우리부동산중개사무소,매매,14,1,105.26,84.91,"185,000",0,0,2026-07-28
1546,40489605,빠른 거래 희망. 수리 잘된 집,우리부동산중개사무소,매매,14,1,105.26,84.91,"190,000",0,0,2026-07-27
1500058574,41482305,올확장  정남향  기분 좋은집입니다,부동산뱅크명일역점공인중개사사무소,매매,105,중,0.00,59.11,"195,000",0,0,2026-08-26
1500058574,41482204,올확장  확트인 전망  기분 좋은 집입니다,부동산뱅크명일역점공인중개사사무소,매매,108,24,0.00,59.11,"200,000",0,0,2026-08-26
1500058574,41481912,"확트인 월드타워 뷰, 확장, 전망 채광 좋은집. 보시면 마음에 드실겁니다",제일공인중개사사무소,전세,112,고,164.49,78.84,0,"105,000",0,2026-08-26
1500058574,41446562,"확트인 고층뷰,정상입주,올학장 마음에 드실겁니다",제일공인중개사사무소,매매,102,고,127.98,59.11,"195,000",0,0,2026-08-25
1500058574,41446004,"초역세권,학세권,조망권도 있어 보시면 마음에 드실겁니다.",현대공인중개사사무소,매매,103,중,0.00,59.11,"195,000",0,0,2026-08-25
1500058574,41448817,"실매물,정상입주로 관리 잘된집 추천합니다.",금강솔베뉴공인중개사,매매,108,중,113.05,84.60,"250,000",0,0,2026-08-25
1500058574,41468771,,포인트공인중개사사무소,매매,101,저,105.80,78.07,"230,000",0,0,2026-08-25
1500058574,41448815,"입주,풀에어컨,시원하게 트인뷰로 보시면 맘에 드실겁니다.",금강솔베뉴공인중개사,매매,108,15,113.02,84.68,"260,000",0,0,2026-08-25
1500058574,41466837,명일역초역세 정상입주 집컨디션최상  채광조망굿  밝고 좋은집입니다.,부동산뱅크명일역점공인중개사사무소,매매,101,저,105.80,78.07,"230,000",0,0,2026-08-25
1500058574,41466832,명일역초역세 채광조망굿 풀옵션 세안고 밝고좋은집입니다,부동산뱅크명일역점공인중개사사무소,매매,108,중,84.09,59.11,"195,000",0,0,2026-08-25
1500058574,41448819,"추천 중저층 입주 풍부한 채광,검증된 명품학군으로 추천드립니다.",금강솔베뉴공인중개사,매매,107,저,84.09,59.11,"193,000",0,0,2026-08-25
1500058574,41460675,"정남향,시스템에어컨,정상입주,고층뷰 추천합니다",제일공인중개사사무소,매매,108,16,113.05,84.60,"240,000",0,0,2026-08-25
1500058574,41466833,명일역초역세 정남향 올수리 채광조망 굿 밝고 기분 좋은 집입니다,부동산뱅크명일역점공인중개사사무소,매매,102,저,105.80,78.07,"235,000",0,0,2026-08-25
1500058574,41448818,확실매물 중저층 해잘드는 정남향의 따뜻하고 밝은 관리잘된 집입니다.,금강솔베뉴공인중개사,매매,106,저,112.44,84.63,"235,000",0,0,2026-08-25
1500058574,41466834,정남향 세끼고 시스템에어컨 밝고 기분 좋은 집입니다,부동산뱅크명일역점공인중개사사무소,매매,105,저,83.70,59.11,"195,000",0,0,2026-08-25
1500058574,41460674,"펜트하우스,복층형,확트인 고층뷰,정상입주 추천합니다",제일공인중개사사무소,매매,113,32,147.37,103.56,"380,000",0,0,2026-08-25
1500058574,41448820,추천 정남 주인거주로 관리잘된 선호도 높은 중고층 ,금강솔베뉴공인중개사,매매,105,중,83.70,59.11,"195,000",0,0,2026-08-25
1500058574,41466836,명일역초역세 채광조망굿 풀옵션 집컨디션최상 밝고좋은집입니다,부동산뱅크명일역점공인중개사사무소,매매,106,고,84.09,59.11,"200,000",0,0,2026-08-25
1500058574,41466838,명일역초역세 채광조망굿 시스템에어컨 밝고 좋은 집입니다.,부동산뱅크명일역점공인중개사사무소,전세,105,저,83.70,59.11,0,"90,000",0,2026-08-25
1500058574,41427188,로얄동층 채광조망굿 시스템에어컨 집컨디션최상 밝고 기분 좋은 집입니다,부동산뱅크명일역점공인중개사사무소,매매,105,중,83.70,59.11,"195,000",0,0,2026-08-24
1500058574,41427189,명일역초역세 채광조망굿 시스템에어컨 밝고 좋은 집입니다.,부동산뱅크명일역점공인중개사사무소,월세,110,중,69.54,49.66,0,"30,000",200,2026-08-24
1500058574,41427190,명일역초역세 채광조망굿 시스템에어컨 밝고 좋은 집입니다.,부동산뱅크명일역점공인중개사사무소,월세,105,저,83.70,59.11,0,"70,000",80,2026-08-24
1500058574,41420204,"정상 입주, 관리 잘된 집, 학군최고, 보시면 마음에 드실 겁니다",제일공인중개사사무소,매매,105,중,83.70,59.11,"195,000",0,0,2026-08-24
1500058574,41433240,귀한매물 정남향 관리잘된 전세9억가능 11월입주,금강솔베뉴공인중개사,월세,105,저,83.70,59.11,0,"70,000",80,2026-08-24
1500058574,41427191,명일역초역세 정남향  채광조망굿 시스템에어컨  밝고 좋은집입니다.,부동산뱅크명일역점공인중개사사무소,전세,112,고,105.93,78.84,0,"105,000",0,2026-08-24
1500058574,41420203,"확트인 뷰,시스템에어컨,안방붙박이장",제일공인중개사사무소,매매,107,9,113.02,84.68,"240,000",0,0,2026-08-24
1500058574,41393306,"정남향,올확장,무융자,시스템에어컨 추천합니다",제일공인중개사사무소,월세,105,5,127.59,59.11,0,"70,000",80,2026-08-24
1500058574,41393297,"정남향,올확장,무융자, 시스템에어컨 마음에 드실 집",제일공인중개사사무소,전세,105,5,127.59,59.11,0,"90,000",0,2026-08-24
1500058574,41393198,"초역세권,트인뷰,올확장,시스템에어컨 추천합니다",제일공인중개사사무소,월세,110,저,0.00,49.66,0,"10,000",260,2026-08-24
1500058574,41388746,"입주매매, 남동향 트인뷰 굿, 교통학군미래가치좋아요",래미안공인중개사사무소,매매,107,9,113.02,84.68,"240,000",0,0,2026-08-23
1500058574,41367619,협의입주. 트인뷰. 풀에어컨. 풀옵션. 관리잘된세대,강동위드공인중개사사무소,매매,107,9,113.02,84.68,"230,000",0,0,2026-08-22
1500058574,41358532,27년 입주매물.정남향으로 관리잘된 집입니다.,금강솔베뉴공인중개사,매매,105,저,83.70,59.11,"190,000",0,0,2026-08-22
1500058574,41353659,올확장  확트인 뷰  기분종은 집입니다,부동산뱅크명일역점공인중개사사무소,전세,112,고,164.49,78.84,0,"105,000",0,2026-08-22
1500058574,41358534,추천 무융 정남 명일역초역세권 ,금강솔베뉴공인중개사,전세,112,고,105.93,78.84,0,"105,000",0,2026-08-22
1500058574,41318563,정남향 관리잘된 초품아 11월입주 7억80가능 ,금강솔베뉴공인중개사,전세,105,저,83.70,59.11,0,"90,000",0,2026-08-21
1500058574,41323722,로얄동층  채광뷰굿 시스템에어컨 집컨디션최상 밝고좋은집입니다,부동산뱅크명일역점공인중개사사무소,매매,108,24,84.09,59.11,"200,000",0,0,2026-08-21
1500058574,41291047,"확트인 뷰,정상입주,풀에어컨 마음에 드실겁니다",제일공인중개사사무소,매매,108,15,113.02,84.68,"260,000",0,0,2026-08-20
1500058574,41299560,"명일 초역세권, 학세권, 시스템에어컨, 정남향으로 관리굿",뛰어라공인중개사사무소,매매,105,저,83.70,59.11,"195,000",0,0,2026-08-20
1500058574,41288406,"명일역이 코앞,남향에 밝은집으로 보시면 마음에 드실겁니다.",현대공인중개사사무소,전세,105,5,83.70,59.11,0,"90,000",0,2026-08-20
1500058574,41288407,"명일역이코앞,정남향으로 보시면 마음에 드실겁니다.",현대공인중개사사무소,월세,105,저,83.70,59.11,0,"70,000",80,2026-08-20
1500058574,41293670,"명일역세권,최고의학군,컨디션 최상",신탁공인중개사,매매,108,중,113.05,84.60,"235,000",0,0,2026-08-20
1500058574,41288408,"명일역이 코앞,조망권도 있어 밝아서 보시면 마음에 드실겁니다.",현대공인중개사사무소,전세,112,고,105.93,78.84,0,"105,000",0,2026-08-20
1500058574,41258461,"초역세권,조망권,학세권,보시면 마음에 드실겁니다.",현대공인중개사사무소,매매,108,고,84.09,59.11,"200,000",0,0,2026-08-19
1500058574,41245110,"조망좋고 풍부한 채광,검증된 명품학군으로 추천드립니다.",금강솔베뉴공인중개사,매매,106,고,84.09,59.11,"200,000",0,0,2026-08-19
1500058574,41258459,"초역세권,학세권에 매매물건으로 보시면 마음에 드실겁니다.",현대공인중개사사무소,매매,108,중,113.05,84.60,"230,000",0,0,2026-08-19
1500058574,41258448,"학세권,초역세권에 매매물건으로 보시면 마음에 드실겁니다.",현대공인중개사사무소,매매,107,9,113.02,84.68,"230,000",0,0,2026-08-19
1500058574,41258457,"초역세권,학세권,조망권도 좋아 보시면 마음에 드실겁니다.",현대공인중개사사무소,매매,108,중,84.09,59.11,"195,000",0,0,2026-08-19
1500058574,41258458,"초역세권,학세권,확트인뷰,보시면 마음에 드실겁니다.",현대공인중개사사무소,매매,106,고,84.09,59.11,"200,000",0,0,2026-08-19
1500058574,41250015,입주매매 로얄동층 풀옵션 채광조망굿  밝고 기분 좋은 집입니다,부동산뱅크명일역점공인중개사사무소,매매,108,15,113.02,84.68,"260,000",0,0,2026-08-19
1500058574,41245113,"조망좋고 풍부한 채광,고층뷰로 추천합니다.",금강솔베뉴공인중개사,매매,108,고,84.09,59.11,"200,000",0,0,2026-08-19
1500058574,41258460,래미안솔베뉴아파트 명일역4번출구 명성교회 상가길에입점 되어있는 현대공인,현대공인중개사사무소,매매,108,중,113.05,84.60,"250,000",0,0,2026-08-19
1500058574,41140991,"집상태 최고, 교육도 교통도 굿, 커뮤도 바로앞, 입주가능합니다",솔베뉴공인중개사사무소,매매,108,고,84.09,59.11,"200,000",0,0,2026-08-15
1500058574,41140990,"급매, 확장형, 세안고매매 , 조망 굿",솔베뉴공인중개사사무소,매매,108,중,113.02,84.68,"230,000",0,0,2026-08-15
1500058574,41048181,"정상 입주, 관리 잘된 집, 설명 읽으시고 보시면 마음에 드실 겁니다",제일공인중개사사무소,매매,106,중,127.98,59.11,"193,000",0,0,2026-08-13
1500058574,41065794,"선호동중저층, 풀옵션,교통학군살기좋음, 손님만연락주세요",래미안공인중개사사무소,월세,109,저,106.17,78.07,0,"50,000",200,2026-08-13
1500058574,41078489,전망굿 주인거주중 관리잘되고 환하고 밝고 복있는집입니다.,제일공인중개사사무소481-6600,매매,107,저,113.05,84.60,"240,000",0,0,2026-08-13
1500058574,41072719,"귀한 팬트하우스, 파노라마 조망과 나만의 하늘정원을 누릴수 있는 특권",금강솔베뉴공인중개사,매매,107,35,148.39,103.80,"350,000",0,0,2026-08-13
1500058574,41030400,올확장  확트인전망  기분 좋은집입니다,부동산뱅크명일역점공인중개사사무소,월세,110,중,106.42,49.66,0,"30,000",200,2026-08-13
1500058574,41030301,올확장  확트인전망 기분 좋은 집입니다,부동산뱅크명일역점공인중개사사무소,월세,103,중,128.11,59.25,0,"40,000",200,2026-08-13
1500058574,41065796,"로얄동고층뷰, 풀옵션깨끗,교통학군 미래가치좋아요",래미안공인중개사사무소,매매,106,고,84.09,59.11,"200,000",0,0,2026-08-13
1500058574,40988427,초역세권.로얄동호.뻥뷰.커뮤니티 연결동,해피부동산공인중개사사무소,매매,107,고,84.09,59.11,"210,000",0,0,2026-08-11
1500058574,40948128,커뮤니티 동 0 귀한매물 0 초역세권 0 입주,명일공인중개사사무소,매매,101,저,105.80,78.07,"230,000",0,0,2026-08-10
1500058574,40944181,"세안고매매, 집상태 굿, 뷰도 좋아요",솔베뉴공인중개사사무소,매매,110,중,69.54,49.66,"165,000",0,0,2026-08-10
1500058574,40950569,초역세권 명문학군 시스템에어컨 입주물건,고덕거성공인중개사사무소,매매,108,고,84.09,59.11,"200,000",0,0,2026-08-10
1500058574,40900952,,신탁공인중개사,매매,111,중,69.54,49.66,"175,000",0,0,2026-08-08
1500058574,40908871,"추천,귀한입주, 채광좋은 정남,역세권,학세권,인프라 우수한 아파트",금강솔베뉴공인중개사,매매,101,저,105.80,78.07,"230,000",0,0,2026-08-08
1500058574,40864671,59B  채광뷰굿 시스템에어컨 집컨디션최상 밝고좋은집입니다,부동산뱅크명일역점공인중개사사무소,월세,103,중,84.10,59.25,0,"40,000",200,2026-08-07
1500058574,40872112,"입주가능, 선호하는 타입, 집상태 최상, 교육 및 교통 최고에요",솔베뉴공인중개사사무소,매매,105,중,84.44,59.32,"200,000",0,0,2026-08-07
1500058574,40857781,"학군짱,시스템에어컨,안방붙박이장,식기세척기,김치냉장고,커뮤니티동완전짱",으뜸그라시움공인중개사사무소,매매,107,저,113.02,84.68,"230,000",0,0,2026-08-07
1500058574,40822922,"정상입주,명일역세권,최고의학군,A급 매",신탁공인중개사,매매,112,저,83.70,59.11,"195,000",0,0,2026-08-06
1500058574,40712944,"세안고, 남향, 교통학군 살기 좋아요",래미안공인중개사사무소,매매,105,저,83.70,59.11,"190,000",0,0,2026-08-03
1500058574,40711202,,신탁공인중개사,매매,110,중,69.54,49.66,"180,000",0,0,2026-08-03
1500058574,40645374,"확장, 집상태 아주좋아요.",솔베뉴공인중개사사무소,매매,105,저,83.70,59.11,"198,000",0,0,2026-07-31
1500058574,40633356,"34확장,확트인 뷰,시스템에어컨,선호동으로 추천합니다.",금강솔베뉴공인중개사,매매,107,9,113.02,84.68,"240,000",0,0,2026-07-31
1500058574,40598319,"강력추천 명일역5분컷, 전체확장, 학원가인접, 대형마트인접 집상태최상",고덕강남부동산 공인중개사 사무소,매매,108,고,84.09,59.11,"200,000",0,0,2026-07-29
1500058574,40517900,추천 정남 11월입주 융자없고 관리잘된 집,금강솔베뉴공인중개사,월세,105,저,0.00,59.11,0,"70,000",80,2026-07-28
1500058574,40485641,,신탁공인중개사,매매,110,중,69.54,49.66,"180,000",0,0,2026-07-27
1534,41482905,"명일역세권,전통재래시장,학세권,귀한 매매물건으로 보시면 마음에 드실겁니다",현대공인중개사사무소,매매,101,저,148.83,84.90,"147,000",0,0,2026-08-26
1534,41455098,"특수리,주인거주,교통학군살기좋음, 보증금조정가",래미안공인중개사사무소,월세,101,5,81.74,59.79,0,"20,000",160,2026-08-25
1534,41444511,특수리  하시입주  확트인 전망  기분좋은집입니다,부동산뱅크명일역점공인중개사사무소,월세,101,5,104.83,59.79,0,"5,000",220,2026-08-25
1534,41448821,"명일전통시장등 주변 인프라 우수,회전율 좋은 아파트로 추천합니다.",금강솔베뉴공인중개사,매매,101,저,116.04,84.90,"160,000",0,0,2026-08-25
1534,41395234,추천월세 전체특올수리 로얄층 명일초역세권 신혼부부천 빠른입주,부동산뱅크신세계공인중개사사무소,월세,101,5,104.83,59.79,0,"10,000",200,2026-08-24
1534,41427186,명일역초역세 특올수리 채광조망굿  집컨디션최상  밝고좋은집입니다,부동산뱅크명일역점공인중개사사무소,월세,101,5,81.74,59.79,0,"10,000",200,2026-08-24
1534,41420202,"최근 거실확장 특수리, 채광이 좋아 보시면 마음에 드실 집 입니다",제일공인중개사사무소,매매,101,8,81.74,59.79,"130,000",0,0,2026-08-24
1534,41288395,명일역세권에 빠른입주가능하고 올수리되어 마음에 드실겁니다.,현대공인중개사사무소,월세,101,5,81.74,59.79,0,"20,000",160,2026-08-20
1534,41268897,"명일역 도보7분, 수리깔끔, 채광 좋은집. 만족 하실 집",제일공인중개사사무소,매매,101,고,104.83,59.79,"130,000",0,0,2026-08-20
1534,41293666,"학군우수,전통재래시장,명일역세권,집컨디션특 ,전망좋습니다.",신탁공인중개사,매매,101,저,116.04,84.90,"150,000",0,0,2026-08-20
1534,41253204,"명일역 역세권, 교통학군좋음, 전통재래시장, 집 컨디션좋음",신탁공인중개사,매매,102,중,116.04,84.90,"150,000",0,0,2026-08-19
1534,41258470,"명일역세권,학세권,조망권도 좋아 보시면 마음에 드실겁니다.",현대공인중개사사무소,매매,101,고,81.74,59.79,"130,000",0,0,2026-08-19
1534,41258466,명일역세권에 매매물건으로 보시면 마음에 드실겁니다.,현대공인중개사사무소,매매,102,중,116.04,84.90,"160,000",0,0,2026-08-19
1534,41258463,명일역세권에 올수리된 귀한 입주매매로 보시면 마음에 드실겁니다.,현대공인중개사사무소,매매,101,중,81.74,59.79,"130,000",0,0,2026-08-19
1534,41258467,"명일역세권,학세권,특올수리된 매매물건으로 보시면 마음에 드실겁니다.",현대공인중개사사무소,매매,101,중,116.04,84.90,"158,000",0,0,2026-08-19
1534,41258462,명일역세권에 확트인뷰에 매매물건으로 보시면 마음에 드실겁니다.,현대공인중개사사무소,매매,101,중,116.04,84.90,"148,000",0,0,2026-08-19
1534,41258465,"명일역세권,학세권,계단식구조로 보시면 마음에 드실겁니다.",현대공인중개사사무소,매매,101,중,111.53,84.96,"160,000",0,0,2026-08-19
1534,41258464,779세대 명일엘지아파트 명일역명성교회 상가길에 입점되어있는 현대 공인,현대공인중개사사무소,매매,101,중,111.53,84.96,"165,000",0,0,2026-08-19
1534,41142024,"입주매매,탁트인고층뷰,교통학군살기좋아요",래미안공인중개사사무소,매매,102,중,116.04,84.90,"155,000",0,0,2026-08-15
1534,41140396,"명일역세권,학세권,전통재래시장등 편의시설좋음,보시면 마음에 드실겁니다",현대공인중개사사무소,매매,101,저,81.74,59.79,"128,000",0,0,2026-08-15
1534,41080088,특올수리 0 빠른입주가능 0 보증금조정가능,명일공인중개사사무소,월세,101,저,81.74,59.79,0,"10,000",200,2026-08-13
1534,41008131,"계단식 아파트, 관리 잘 된 집,정상입주 마음에 드실 집.",제일공인중개사사무소,매매,101,중,140.78,84.96,"155,000",0,0,2026-08-12
1534,40948635,"세안고,계단식중저층, 명일역세권,교통학군살기좋아요",래미안공인중개사사무소,매매,101,저,111.53,84.96,"155,000",0,0,2026-08-10
1534,40900953,"컨디션이좋은집 특입니다.,교통학군우수,전통재래시장,명일역세권,",신탁공인중개사,매매,102,저,116.04,84.90,"147,000",0,0,2026-08-08
1534,40900949,,신탁공인중개사,매매,101,중,116.04,84.90,"160,000",0,0,2026-08-08
1534,40884488,추천월세 전체특올수리 로얄층 명일초역세권 신혼부부천 빠른입주,부동산뱅크신세계공인중개사사무소,월세,101,5,81.74,59.79,0,"10,000",200,2026-08-08
1534,40822915,"컨디션이좋은집 ,교통학군우수,전통재래시장,명일역세권,",신탁공인중개사,매매,102,5,116.04,84.90,"147,000",0,0,2026-08-06
1539,41396506,입주. 방3 화2.  햇살 굿 관리 굿. 조합 설립임박.고덕역1분,뉴욕부동산중개(주),매매,101,저,115.36,84.92,"194,000",0,0,2026-08-24
1539,41406997,올수리 1층아님 고덕역앞 초고속 재건축 입주,뉴욕부동산중개(주),매매,101,저,106.32,84.92,"195,000",0,0,2026-08-24
1539,41333423,"초역세권, 수리, 편의시설이용편리, 다양한학원밀집, 우수학군, 입주",고덕숲공인중개사무소,매매,102,중,106.32,84.92,"205,000",0,0,2026-08-21
1539,41223057,"입주. 깨끗. 고덕역 9호선 호재, 재건축 진행 빠름.",뉴욕부동산중개(주),매매,101,저,106.32,84.92,"195,000",0,0,2026-08-18
1539,41047522,"입주가능 l 재건축 추진중 l 내부컨디션 좋음 l 5, 9호선 초역세권",강동탑아이파크(02-426-4455)공인중개사사무소,매매,101,저,106.32,84.92,"195,000",0,0,2026-08-13
1539,40980078,고덕역1분 초역세권 초고속재건축 올수리 입주,뉴욕부동산중개(주),매매,102,중,106.32,84.92,"205,000",0,0,2026-08-11
1539,40945091,상업지역 재건축 추진중임.조합설립인박 .화장실 2칸   고덕역 초역세권,하나공인중개사사무소,매매,101,저,106.32,84.92,"195,000",0,0,2026-08-10
1539,40882434,조합설립 임박. 초역세권. 9호선급행 개통예정,뉴욕부동산중개(주),매매,102,중,115.36,84.92,"205,000",0,0,2026-08-08
1542,41486230,올수리 확장 정남향 입주 명원초품아,뉴욕부동산중개(주),매매,3,4,105.33,84.93,"208,000",0,0,2026-08-26
1542,41484099,특올수리확장 명원초 주인거주 입주가,뉴욕부동산중개(주),매매,8,15,105.33,84.93,"205,000",0,0,2026-08-26
1542,41415133,"명원초품아,재건축진행,조망굿,9호선착공공사중",행복한공인중개사,매매,8,14,103.80,84.93,"210,000",0,0,2026-08-24
1542,41388747,"확장배관올수리,재건축 9호선 호재, 명일동4인방 미래가치굿",래미안공인중개사사무소,매매,8,14,103.80,84.93,"210,000",0,0,2026-08-23
1542,41331015,"배관 올수리, 확장 ,뻥뷰",우리부동산중개사무소,매매,8,고,103.80,84.93,"210,000",0,0,2026-08-21
1542,41271875,로얄동 로얄층 명원초 올수리 입주가,뉴욕부동산중개(주),매매,9,중,0.00,133.65,"233,000",0,0,2026-08-20
1542,41223046,올수리 확장 정남향 주인거주 입주가 명원초품아,뉴욕부동산중개(주),매매,3,4,103.80,84.93,"208,000",0,0,2026-08-19
1542,41193033,"올수리,배관교체,명원초,내부컨디션초상",NEW삼성공인중개사사무소,매매,2,4,103.80,84.93,"210,000",0,0,2026-08-18
1542,41223052,올수리 확장 초품아 재건축 신통자문 추진중,뉴욕부동산중개(주),매매,8,14,103.80,84.93,"210,000",0,0,2026-08-18
1542,41223051,특올수리 명원초 세안고 정남향,뉴욕부동산중개(주),매매,1,9,153.78,133.65,"240,000",0,0,2026-08-18
1542,41176612,"명원초품아,재건축진행,조망굿,9호선착공공사중",행복한공인중개사,매매,8,14,105.33,84.93,"210,000",0,0,2026-08-18
1542,41223053,특올수리확장 상태최상 명원초품아 생활권편리 입주,뉴욕부동산중개(주),매매,8,15,103.80,84.93,"205,000",0,0,2026-08-18
1542,41163850,"올수리 잘 된집, 좋은 협의 해드림",우리부동산중개사무소,매매,8,저,103.80,84.93,"210,000",0,0,2026-08-17
1542,41139229,재건축진행중 명원초교2분 배관공사 배란다확장 주인거주중 전망좋은동.,제일공인중개사사무소481-6600,매매,8,14,103.80,84.93,"210,000",0,0,2026-08-15
1542,41139227,"올특수리 재건축 고덕역5,9호선 환승공사중 전망최고 명원초교바로옆 .",제일공인중개사사무소481-6600,매매,8,15,103.80,84.93,"210,000",0,0,2026-08-15
1542,41115555,정남향이고  밝고 환한 집 입니다.,제일공인중개사사무소481-6600,매매,3,4,103.80,84.93,"208,000",0,0,2026-08-14
1542,41069011,올수리 명문학군 명원초품아 세안고,뉴욕부동산중개(주),매매,7,5,153.78,133.65,"230,000",0,0,2026-08-13
1542,41045547,좋은층 아늑한뷰. 밝고 환한집,제일공인중개사사무소481-6600,매매,7,저,0.00,133.65,"230,000",0,0,2026-08-13
1542,41006894,"방4 화2 특올수리 역세권, 학군과 학원가 굿.",뉴욕부동산중개(주),전세,9,저,156.26,133.65,0,"85,000",60,2026-08-12
1542,40980080,46P 특올수리 단지내명원초 정남향 명문학원가,뉴욕부동산중개(주),전세,9,저,153.78,133.65,0,"85,000",0,2026-08-11
1542,40985692,귀한전세 올수리 명원초교2분거리 초품아 명문학군 학원가,제일공인중개사사무소481-6600,전세,8,저,103.80,84.93,0,"75,000",0,2026-08-11
1542,40985693,특올수리됨 방4 욕실2 명원초교2분 학원가.,제일공인중개사사무소481-6600,전세,9,저,153.78,133.65,0,"85,000",0,2026-08-11
1542,40945109,"특올수리,주인거주로 관리잘된집,내부컨디션최상,금액조정가능",NEW삼성공인중개사사무소,매매,8,15,103.80,84.93,"210,000",0,0,2026-08-10
1542,40946494,"입주,밝은집. 10년전 수리,잘 협의해 드립니다",우리부동산중개사무소,매매,3,4,103.80,84.93,"208,000",0,0,2026-08-10
1542,40945113,"배관올수리,거실확장,명원초품아",NEW삼성공인중개사사무소,매매,8,14,103.80,84.93,"210,000",0,0,2026-08-10
1542,40894343,"올특수리 거실확장되고.밝고 환한집.주인거주.재건축.5,9호선환승역공사중",제일공인중개사사무소481-6600,매매,9,저,153.78,133.65,"240,000",0,0,2026-08-08
1542,40823389,"특올수리 고덕역5,9호선환승 명문학군. 관리잘되고 보시면 맘에드실거에요.",제일공인중개사사무소481-6600,매매,9,저,153.78,133.65,"235,000",0,0,2026-08-06
1542,40687044,방4 화2 샷시 포함 올수리. 남향 붙박이장 10월 입주 ,뉴욕부동산중개(주),전세,9,저,153.78,133.65,0,"85,000",0,2026-08-01
1542,40607932,"좋은 매물, 협의 잘 해드립니다.10년전 수리",우리부동산중개사무소,매매,8,저,103.80,84.93,"205,000",0,0,2026-07-30
1544,41296655,"특올수리,내부컨디션최상,입주협의",NEW삼성공인중개사사무소,월세,1,7,163.95,118.44,0,"60,000",150,2026-08-21
1544,41193028,"최근특올수리,9호선 더블역세권, 상권활성화로 거주만족도최상",NEW삼성공인중개사사무소,매매,1,7,163.95,118.44,"160,000",0,0,2026-08-18
1544,41144305,"특올수리,내부컨디션최상,입주협의",NEW삼성공인중개사사무소,월세,1,7,163.95,118.44,0,"60,000",150,2026-08-15
1544,41141432,27년2월입주가능하고  전세안고 갭투자도 가능함 3년전9600만월수리비,하나공인중개사사무소,매매,1,중,163.95,118.44,"160,000",0,0,2026-08-15
1544,40687045,방4 화2 샷시포함 특올수리 역세권 학원가 고덕역세권 ,뉴욕부동산중개(주),매매,1,중,163.95,118.44,"160,000",0,0,2026-08-01
1544,40523993,특올리모델링 잘된집 더블초역세권 입주가,뉴욕부동산중개(주),매매,1,7,163.95,118.44,"160,000",0,0,2026-07-28
1547,41460673,"거실확장 올수리,리모델링 호재,정상입주 추천합니다",제일공인중개사사무소,매매,101,7,101.47,84.66,"148,000",0,0,2026-08-25
1547,41420680,"입주매매, 올수리깨끗, 정원뷰 굿, 리모델링추진중",래미안공인중개사사무소,매매,102,3,80.13,57.09,"130,000",0,0,2026-08-24
1547,41291435,"입주매매, 남향저층,주인거주 깔끔해요",래미안공인중개사사무소,매매,102,저,80.13,57.09,"118,000",0,0,2026-08-20
1547,41258447,특올수리된 매매물건으로 마음에 드실겁니다.,현대공인중개사사무소,매매,102,3,80.13,57.09,"130,000",0,0,2026-08-19
1537,41279482,입주가능 조합승계가능 아주깨끗 ,뉴욕부동산중개(주),매매,701,저,149.30,128.23,"210,000",0,0,2026-08-20
1537,41237851,"올수리, 입주, 초품아, 조합승계, 아주깨끗,",뉴욕부동산중개(주),매매,701,저,152.20,128.23,"210,000",0,0,2026-08-19
1537,40945110,"올수리,숲세권,학세권,명원초,원터공원 이용 넘좋아요",NEW삼성공인중개사사무소,매매,701,5,149.30,128.23,"210,000",0,0,2026-08-10
1538,41485908,"정상입주, 대단지 재건축, 투자목적,정비계획변경안 통과 통합심의 진행 중",제일공인중개사사무소,매매,603,중,0.00,42.93,"158,000",0,0,2026-08-26
1538,41485820,"확장올수리,무융자 추천합니다",제일공인중개사사무소,전세,502,중,0.00,84.75,0,"70,000",0,2026-08-26
1538,41485747,융무. 남향. 뻥뷰. 올수리. 명문학군 로얄층 입주협의,뉴욕부동산중개(주),월세,302,11,0.00,84.75,0,"60,000",60,2026-08-26
1538,41481390,"올수리,로얄층,세안고,사업승인 준비중,대단지재건축 추천합니다",제일공인중개사사무소,매매,607,고,0.00,54.81,"172,000",0,0,2026-08-26
1538,41444544,정상입주 재건축진행중 확트인전망 기분 좋은 집입니다,부동산뱅크명일역점공인중개사사무소,매매,602,13,0.00,54.81,"175,000",0,0,2026-08-25
1538,41460681,"로얄층,올수리,세안고,사업승인 준비 중, 투자 목적 강력추천",제일공인중개사사무소,매매,508,고,125.37,107.56,"230,000",0,0,2026-08-25
1538,41460682,"올수리,재건축 조합원승계가능",제일공인중개사사무소,매매,606,저,90.04,66.87,"195,000",0,0,2026-08-25
1538,41460680,"정남향, 대지지분 많은 집, 강동구 재건축 최고 투자가치",제일공인중개사사무소,매매,608,고,125.37,107.56,"250,000",0,0,2026-08-25
1538,41470104,정상입주 0 조합원승계가능 0 대단지재건축 0 남향,명일공인중개사사무소,매매,602,고,76.44,54.81,"175,000",0,0,2026-08-25
1538,41448814,"9호선연장호재,초품아학세권,대단지아파트재건축,보시면 마음에 드실겁니다",현대공인중개사사무소,매매,607,중,76.44,54.81,"173,000",0,0,2026-08-25
1538,41415132,,행복한공인중개사,매매,601,3,90.04,66.87,"185,000",0,0,2026-08-24
1538,41420208,"확트인 월드타워 뷰,특 올수리 추천합니다",제일공인중개사사무소,매매,608,중,125.37,107.56,"250,000",0,0,2026-08-24
1538,41396521,"재건축진행중,전체특특올수리된집.남향,초품아,배재고앞",행복한공인중개사,매매,601,3,0.00,66.87,"185,000",0,0,2026-08-24
1538,41420209,"정비계획 변경안 통과, 세안고 입주, 수리 된 집, 투자 수익률 추천",제일공인중개사사무소,매매,607,중,76.44,54.81,"173,000",0,0,2026-08-24
1538,41427187,로얄동층 대단지재건축호재 명문학군  밝고 좋은집입니다,부동산뱅크명일역점공인중개사사무소,매매,507,고,99.35,84.75,"220,000",0,0,2026-08-24
1538,41427185,로얄동층 조합승계 우수학군 집컨디션굿  밝고 좋은집입니다,부동산뱅크명일역점공인중개사사무소,매매,602,13,76.44,54.81,"175,000",0,0,2026-08-24
1538,41406994,대단지재건축 사업시행인가임박 조합원승계 입주가,뉴욕부동산중개(주),매매,602,13,76.44,54.81,"175,000",0,0,2026-08-24
1538,41420205,"정남향, 채광 좋은 집, 정상입주, 조합원승계 추천합니다",제일공인중개사사무소,매매,501,중,90.04,66.87,"195,000",0,0,2026-08-24
1538,41433241,"추천,지분이 큰 동, 특올수리된, 재건축진행 투자가치 좋습니다.",금강솔베뉴공인중개사,매매,608,중,125.37,107.56,"250,000",0,0,2026-08-24
1538,41374782,"명일역세권, 최고의학군, 재건축진행중, 급매물",신탁공인중개사,매매,607,중,76.44,54.81,"173,000",0,0,2026-08-22
1538,41310764,정상입주 재건축진행중 확트인전망 기분 좋은 집입니다,부동산뱅크명일역점공인중개사사무소,매매,507,고,0.00,84.75,"220,000",0,0,2026-08-21
1538,41291059,"거실확장 올수리,사업승인 준비중,대단지재건축 추천합니다",제일공인중개사사무소,매매,603,고,76.44,54.81,"175,000",0,0,2026-08-20
1538,41293673,"재건축진행중,최고의학군,교통 좋음,최고의 전망,",신탁공인중개사,매매,509,중,148.19,128.16,"255,000",0,0,2026-08-20
1538,41288409,"9호선연장호재,대단지재건축,초품아학세권,다주택자매물,맘에 드실겁니다",현대공인중개사사무소,매매,303,중,125.37,107.56,"235,000",0,0,2026-08-20
1538,41293667,올특수리.앞뒤전망이 좋음 학군교통이좋음 집의컨디션최고입니다.,신탁공인중개사,매매,607,고,76.44,54.81,"180,000",0,0,2026-08-20
1538,41288401,"9호선연장호재,대단지재건축,지분대,학세권,수리되어 마음에 드실겁니다.",현대공인중개사사무소,매매,608,중,125.37,107.56,"250,000",0,0,2026-08-20
1538,41293671,"명일역세권,최고의학군,재건축진행중.집컨디션특 단지에서 최고조용한동입니다.",신탁공인중개사,매매,606,저,90.04,66.87,"195,000",0,0,2026-08-20
1538,41293665,학군교통이 좋아요 대단지 재건축준비중임 집 컨디션이 좋습니다.,신탁공인중개사,매매,503,고,123.95,107.55,"230,000",0,0,2026-08-20
1538,41291046,"로얄층,정상입주, 올수리, 강동구 최고의 재건축 단지",제일공인중개사사무소,매매,502,13,99.35,84.75,"215,000",0,0,2026-08-20
1538,41288403,"9호선연장호재,초품아학세권,대단지재건축,올확장되어 마음에 드실겁니다.",현대공인중개사사무소,매매,608,고,125.37,107.56,"250,000",0,0,2026-08-20
1538,41288402,"9호선연장호재,초품아학세권,대단지재건축으로 마음에 드실겁니다.",현대공인중개사사무소,매매,602,고,76.44,54.81,"175,000",0,0,2026-08-20
1538,41288404,"9호선연장호재,초품아학세권,대단지재건축,보시면 마음에 드실겁니다.",현대공인중개사사무소,매매,505,고,99.35,84.75,"220,000",0,0,2026-08-20
1538,41293669,"투자자좋음,조합원승계가 안됨. 명일역세권,최고의학군,수리깨끗 ,세안고.",신탁공인중개사,매매,607,중,76.44,54.81,"148,000",0,0,2026-08-20
1538,41255334,늦은입주 0 세안고매매 0 대단지재건축 0 고층 정원뷰,명일공인중개사사무소,매매,303,고,125.37,107.56,"230,000",0,0,2026-08-19
1538,41255335,조합원승계가능 0 입주가능 0 깨끗하고 수리된집,명일공인중개사사무소,매매,501,중,90.04,66.87,"190,000",0,0,2026-08-19
1538,41258449,"9호선연장,초품아학세권,대단지재건축,보시면 마음에 드실겁니다",현대공인중개사사무소,매매,603,고,76.44,54.81,"175,000",0,0,2026-08-19
1538,41215741,조합승계가능 주인거주 입주가 대단지재건축,뉴욕부동산중개(주),매매,602,13,0.00,54.81,"175,000",0,0,2026-08-19
1538,41210971,"정남향, 입주협의가능, 계단식 아파트, 조합원승계가능",제일공인중개사사무소,매매,502,고,0.00,84.75,"210,000",0,0,2026-08-19
1538,41255336,수리된집 0 집앞 배재고 0 귀한월세,명일공인중개사사무소,월세,501,중,90.04,66.87,0,"50,000",60,2026-08-19
1538,41198160,임차인 퇴거후 수리예정 귀한임대물건,고덕거성공인중개사사무소,월세,302,고,99.35,84.75,0,"60,000",60,2026-08-18
1538,41204108,"9호선연장호재,초품아학세권,대단지재건축진행중으로 마음에 드실겁니다.",현대공인중개사사무소,매매,502,저,99.35,84.75,"220,000",0,0,2026-08-18
1538,41136634,올수리 명문학군 로얄층 10월입주,뉴욕부동산중개(주),월세,302,고,99.35,84.75,0,"60,000",60,2026-08-15
1538,41133239,"재건축 수익성 탁월, 최고 공시가, 보시면 마음에 드실 집",제일공인중개사사무소,매매,508,고,0.00,107.56,"230,000",0,0,2026-08-15
1538,41140989,"주인이 수리해주시는 조건, 최고 학군",솔베뉴공인중개사사무소,월세,302,고,99.35,84.75,0,"60,000",60,2026-08-15
1538,41142960,입주협의가 명문학군지 수리해주시는조건 정남향 뻥트인조망,고덕선경(428-3939)공인중개사사무소,월세,302,고,99.35,84.75,0,"60,000",60,2026-08-15
1538,41115395,추천매물 로얄동층 특올수리 집컨디션최상  밝고 좋은집입니다,부동산뱅크명일역점공인중개사사무소,매매,608,중,125.37,107.56,"235,000",0,0,2026-08-14
1538,41115021,"명일역세권,최고의학군,재건축진행중.집컨디션특",신탁공인중개사,매매,605,저,90.04,66.87,"190,000",0,0,2026-08-14
1538,41039140,귀한월세 0 수리됨 0 초품아 0 8월말 이후 집볼수있음,명일공인중개사사무소,월세,502,중,99.35,84.75,0,"15,000",200,2026-08-13
1538,41080087,늦은입주 0 세안고 0 대단지재건축 0 옛올수리 0 집앞 배재고,명일공인중개사사무소,매매,501,중,90.04,66.87,"190,000",0,0,2026-08-13
1538,41080086,입주가능 0 조합원승계가능 0 남향 로얄층 0 수리된집,명일공인중개사사무소,매매,607,고,76.44,54.81,"180,000",0,0,2026-08-13
1538,40990215,재건축추진중 0 대단지 0 초품아 0 세안고매매,명일공인중개사사무소,매매,508,고,125.37,107.56,"230,000",0,0,2026-08-11
1538,40990216,세안고 매매  0 대단지재건축 0 조합원승계가능 0 늦은입주,명일공인중개사사무소,매매,502,고,99.35,84.75,"215,000",0,0,2026-08-11
1538,40991258,재건축추진중 세안고매매  명문학군,고덕거성공인중개사사무소,매매,602,고,76.44,54.81,"185,000",0,0,2026-08-11
1538,40990214,입주가능한 귀한매물 0 옛수리 0 조합원 승계 가능 0 잘된집,명일공인중개사사무소,매매,501,중,90.04,66.87,"190,000",0,0,2026-08-11
1538,40948124,조합원승계가능 0 대단지재건축 0 입주가능 0 초품아,명일공인중개사사무소,매매,607,중,76.44,54.81,"175,000",0,0,2026-08-10
1538,40948126,옛올수리 0 고명초인접 0 대단지재건축 0 세안고매매,명일공인중개사사무소,매매,506,고,99.35,84.75,"220,000",0,0,2026-08-10
1538,40945112,"올수리,주인거주로 관리잘된집,재건축조합설립,뭐든협의가능",NEW삼성공인중개사사무소,매매,301,저,90.04,66.87,"195,000",0,0,2026-08-10
1538,40944182,"올수리, 재건축 추진중, 학군 및 교통 최고",솔베뉴공인중개사사무소,매매,607,저,76.44,54.81,"185,000",0,0,2026-08-10
1538,40948125,입주 0 올수리 0 대단지아파트 0 재건축진행중,명일공인중개사사무소,매매,603,중,59.93,42.93,"165,000",0,0,2026-08-10
1538,40864379,전망이특입니다. 수리됨 재건축 추진중입니다. 집 컨디션 좋아요,신탁공인중개사,매매,509,저,148.19,128.16,"260,000",0,0,2026-08-07
1538,40822918,주인거주 아주 컨디션이 좋아요 학군교통최고입니다. 대단지 재건축준비중,신탁공인중개사,매매,506,중,99.35,84.75,"210,000",0,0,2026-08-06
1538,40822921,"재건축진행중,최고의학군,역세권대단지,집이 깔끔합니다.다주택물건임.",신탁공인중개사,매매,502,저,99.35,84.75,"215,000",0,0,2026-08-06
1538,40799423,"확트인 특급뷰,올수리,대단지 재건축 추천합니다",제일공인중개사사무소,매매,608,중,0.00,107.56,"235,000",0,0,2026-08-06
1538,40822916,"최고전망, 정남향, 입주, 초중고 선호학군,단지내에서 특전망집임.",신탁공인중개사,매매,509,고,148.19,128.16,"260,000",0,0,2026-08-06
1538,40822917,수리특임 숲속의 느낌집 컨디션이 좋고 지분이 많은동 학군교통이좋은집임.,신탁공인중개사,매매,608,중,125.37,107.56,"231,000",0,0,2026-08-06
1538,40629330,"확트인 공원뷰,올수리 추천합니다",제일공인중개사사무소,매매,509,중,0.00,128.16,"260,000",0,0,2026-07-31
1538,40554940,"정상입주 매물, 재건축 리더. 마음에 드실 집",제일공인중개사사무소,매매,602,중,0.00,54.81,"174,000",0,0,2026-07-29
1538,40537332,"명일역5분, 로얄층, 세안고, 재건축단지",신탁공인중개사,매매,502,고,99.35,84.75,"215,000",0,0,2026-07-28
1538,40532859,"입주,올수리, 집상태 굿, 재건축 추진중",솔베뉴공인중개사사무소,매매,502,저,99.35,84.75,"225,000",0,0,2026-07-28
1535,41229128,"올수리,사업승인 신청,조합원승계가능,정상입주 추천합니다",제일공인중개사사무소,매매,2,중,0.00,82.45,"170,000",0,0,2026-08-19
1535,41258450,"9호선연장호재,시공사선정,조합원승계가능, 보시면 마음에 드실겁니다.",현대공인중개사사무소,매매,2,고,112.40,82.45,"175,000",0,0,2026-08-19
1535,41115020,재건축준비중 동층 좋아요 집 컨디션이 좋고 주인거주 아주 수리 잘 됨.,신탁공인중개사,매매,8,고,112.40,82.45,"185,000",0,0,2026-08-14
1540,41136632,올수리 큰평형 정남향 명문학군 입주,뉴욕부동산중개(주),매매,1,8,142.56,121.98,"180,000",0,0,2026-08-15
1540,41024300,"43p,밝은집, 깨끗, 빠른날짜도 협의 가능",우리부동산중개사무소,매매,1,고,142.56,121.98,"190,000",0,0,2026-08-13
1540,40980077,올수리 명문학군 9호선공사중 정남향 주인거주 입주,뉴욕부동산중개(주),매매,1,13,142.56,121.98,"190,000",0,0,2026-08-11
1540,40840600,46p 방4화2 올수리 명문학군 입주가,뉴욕부동산중개(주),매매,1,8,148.37,121.98,"180,000",0,0,2026-08-07
1540,40876406,"특올수리,입주, 관리 잘된 집, 수납공간 최고",우리부동산중개사무소,매매,1,중,142.56,121.98,"180,000",0,0,2026-08-07
1541,41484014,강추 급매 올수리 고덕역근접 9호선호재,뉴욕부동산중개(주),매매,8,중,99.25,81.07,"200,000",0,0,2026-08-26
1541,41439654,재건축 구역지정고시완료 .조합설립인가중  수리잘되고  고덕역 배재학군임,하나공인중개사사무소,매매,5,고,133.25,112.93,"240,000",0,0,2026-08-25
1541,41396714,융무. 남향. 11월하순 입주. 관리 잘된 화이트. 명문학군,뉴욕부동산중개(주),전세,8,중,99.25,81.07,0,"78,000",0,2026-08-24
1541,41406998,올수리 로얄층 전세 4억5천 안고 27년8월입주,뉴욕부동산중개(주),매매,8,중,97.69,81.07,"200,000",0,0,2026-08-24
1541,41414372,정남향 오래 거주 가능하고 명문학군 학원가 고덕역앞 관리잘되고 깨끗함.,제일공인중개사사무소481-6600,전세,8,중,97.69,81.07,0,"80,000",0,2026-08-24
1541,41350977,"급매, 지하철가까운동, 남향, 27년8월입주, 전세4.5억안고",포레온(단지내)채움부동산공인중개사사무소,매매,8,중,97.69,81.07,"200,000",0,0,2026-08-21
1541,41343049,배재학군 11월말입주 정남향 장기거주가능,뉴욕부동산중개(주),전세,8,7,97.69,81.07,0,"78,000",0,2026-08-21
1541,41279481,세안고. 올수리. 재건축 추진. 고덕9호선 연장 미래가치 높음 ,뉴욕부동산중개(주),매매,8,중,97.69,81.07,"200,000",0,0,2026-08-20
1541,41223047,특올수리 배재학군 고덕역2분 정남향 8월입주가,뉴욕부동산중개(주),매매,1,10,131.03,112.93,"245,000",0,0,2026-08-19
1541,41223240,초역세권 명원초  배재중고 학군  화이트톤으로 수리잘됨 융자도없어요,하나공인중개사사무소,전세,8,7,99.25,81.07,0,"78,000",0,2026-08-19
1541,41212247,특올수리 배재학군 조합설립임박 빠른입주가,뉴욕부동산중개(주),매매,1,10,0.00,112.93,"245,000",0,0,2026-08-19
1541,41201158,"관리 잘된집,입주",우리부동산중개사무소,매매,6,고,146.39,127.33,"260,000",0,0,2026-08-18
1541,41201510,초역세권 명원초  배재중고 학군  화이트톤으로 수리잘됨 융자도없어요,하나공인중개사사무소,전세,8,7,97.69,81.07,0,"78,000",0,2026-08-18
1541,41201512,조합설립인가전에 팔아야 함  올수리됨  4억5천전세 갭투자 27년8월까지,하나공인중개사사무소,매매,8,중,97.69,81.07,"200,000",0,0,2026-08-18
1541,41193029,"배관포함 특올수리,천연소재 바닥재등 내부 컨디션 최상,빠른입주가능",NEW삼성공인중개사사무소,매매,1,10,131.03,112.93,"245,000",0,0,2026-08-18
1541,41139230,"올수리 ,고덕역 앞 , 밝고 환한집 적극추천, 세안고",제일공인중개사사무소481-6600,매매,1,저,131.03,112.93,"240,000",0,0,2026-08-15
1541,41133450,재건축 구역지정고시완료 .조합설립인가중  수리잘되고  전세안고갭투자,하나공인중개사사무소,매매,8,중,99.25,81.07,"200,000",0,0,2026-08-15
1541,41097822,올수리 명문학군 로얄층 구역지정고시완료 입주,뉴욕부동산중개(주),매매,5,고,131.03,112.93,"242,000",0,0,2026-08-14
1541,41069015,입주가능. 재건축 추진력 굿. 고덕역세권. ,뉴욕부동산중개(주),매매,5,고,131.03,112.93,"242,000",0,0,2026-08-13
1541,41069014,융무. 남향. 입주협의 밝은집 학군좋은 역세권 ,뉴욕부동산중개(주),전세,8,중,97.69,81.07,0,"78,000",0,2026-08-13
1541,41069016,입주 올수리 밝은집 학군좋은 역세권 ,뉴욕부동산중개(주),매매,1,저,131.03,112.93,"240,000",0,0,2026-08-13
1541,41009949,"최근특올수리,내부컨디션최상,재건축진행속도 빠름",NEW삼성공인중개사사무소,매매,1,10,133.25,112.93,"245,000",0,0,2026-08-12
1541,41012628,"예전수리,재건축진행중,최고의학군,9호선급행",NEW삼성공인중개사사무소,매매,8,고,97.69,81.07,"210,000",0,0,2026-08-12
1541,40985694,올수리 확장. 밝고 환한 좋은집입니다.,제일공인중개사사무소481-6600,매매,8,중,97.69,81.07,"215,000",0,0,2026-08-11
1541,40945093,재건축 구역지정고시완료 .조합설립인가중  수리잘되고  고덕역 배재학군임,하나공인중개사사무소,매매,5,고,131.03,112.93,"242,000",0,0,2026-08-10
1541,40823390,밝고 환한집입니다.,제일공인중개사사무소481-6600,매매,5,고,131.03,112.93,"240,000",0,0,2026-08-06
1541,40666627,"특 올수리, 입주",우리부동산중개사무소,매매,8,고,97.69,81.07,"220,000",0,0,2026-08-01
1541,40654501,명문학군 고덕역 초역세권 정남향 전망굿  재건축정비구역지정결정,뉴욕부동산중개(주),매매,1,저,131.03,112.93,"240,000",0,0,2026-07-31
1541,40555713,"예전수리,샷시교체됨,앞뒤조망좋음",NEW삼성공인중개사사무소,매매,8,14,0.00,81.07,"210,000",0,0,2026-07-29
1545,41466786,"조합추진위원회구성,지분22.27,9호선공사 더블역세,한영중,고외고앞",행복한공인중개사,매매,1,저,138.25,119.37,"260,000",0,0,2026-08-25
1545,41415134,"한영중,고,외고앞, 장기거주가능,조망뷰",행복한공인중개사,월세,5,4,102.13,84.92,0,"60,000",80,2026-08-24
1545,41086200,"한영중,고,외고앞, 장기거주가능,조망뷰",행복한공인중개사,월세,5,저,103.72,84.92,0,"60,000",80,2026-08-14
1545,40980082,융무. 장기거주. 명문학군. 학원가. 고덕역세권 ,뉴욕부동산중개(주),월세,5,고,102.13,84.92,0,"60,000",80,2026-08-11
1545,40807477,올수리 정남향 한영학군 정비구역지정완료,뉴욕부동산중개(주),매매,1,저,138.25,119.37,"260,000",0,0,2026-08-06
